index,status_group
69572,functional
34310,functional
67743,non functional
9944,functional
49056,functional
50409,functional
50495,functional
61848,functional
48451,non functional
58155,non functional
18274,functional
48375,functional
58500,functional needs repair
37862,functional
51058,functional
22308,functional needs repair
55012,functional
19685,non functional
69124,functional
6696,functional
57238,functional needs repair
12402,functional
16583,functional
25,non functional
70238,functional
52019,functional
1843,functional needs repair
45111,functional needs repair
18864,functional
25182,functional
3228,functional
19308,non functional
68724,non functional
74197,functional
22961,non functional
29952,functional
40393,non functional
2127,functional needs repair
8265,non functional
67433,functional
34255,functional
4720,non functional
54801,non functional
53970,functional
63542,functional
15622,functional
12903,non functional
65531,functional needs repair
3675,functional
3688,functional
27312,non functional
43237,functional needs repair
62591,non functional
39920,non functional
70892,functional
26419,functional
68554,non functional
41743,non functional
17970,functional
25693,functional
39364,functional needs repair
57580,functional
23000,functional
74246,non functional
64063,non functional
59983,functional
21068,functional
62341,non functional
35458,non functional
42031,functional
59475,functional
24012,functional
64062,non functional
60852,functional
17687,functional
38876,non functional
66521,functional
64880,functional
32871,non functional
13815,functional
36591,non functional
71845,functional
42180,functional
55594,functional
48528,non functional
50970,functional
37840,functional
44258,non functional
10715,functional
67980,non functional
41635,functional
14884,functional
22190,non functional
47459,functional
62670,functional
60866,non functional
33320,functional
112,non functional
4807,functional
41845,functional
6065,functional
37187,non functional
26540,non functional
8060,functional
59630,functional
46897,functional
34636,non functional
52520,functional
75,non functional
3181,non functional
37008,functional needs repair
48752,functional needs repair
37562,functional
53212,functional needs repair
40729,non functional
48695,functional
35140,non functional
46814,functional
7721,functional
61046,functional
68347,non functional
14952,non functional
64334,non functional
4907,functional needs repair
46893,non functional
24377,non functional
51694,functional
1780,functional
39490,functional
21704,functional
35193,non functional
24948,functional
6076,functional
18451,non functional
4321,functional
15815,non functional
18832,non functional
62720,functional needs repair
65093,functional
43777,functional
52601,functional
65530,non functional
73024,functional
18842,functional needs repair
9474,functional
44434,functional
47236,non functional
8633,functional needs repair
46268,non functional
69669,non functional
67377,non functional
51185,non functional
24049,functional
70835,functional
74176,functional
10992,non functional
40808,non functional
5074,functional needs repair
35563,non functional
2993,non functional
63712,non functional
61979,functional
29191,non functional
21669,non functional
337,functional
17861,functional
54722,non functional
2845,functional
15358,functional
40592,non functional
51163,functional
65101,functional
67822,functional
14135,functional
10458,non functional
8230,non functional
43433,functional
62188,functional
19,functional
26577,functional
9382,functional
29744,non functional
17978,functional
48007,non functional
39548,non functional
25143,functional
25736,functional
17516,functional
59102,functional
93,functional
15988,non functional
19304,non functional
44092,functional
51611,functional needs repair
67634,functional
24757,functional needs repair
37524,functional
16341,functional
39176,functional
74217,functional
7007,functional
17041,non functional
38725,functional
49453,functional
56863,non functional
23835,functional
39915,functional
3740,functional
26943,functional needs repair
43742,functional
5784,non functional
5121,non functional
58537,functional needs repair
3627,non functional
34741,functional
67097,functional
4437,functional
65817,functional
39559,non functional
25344,non functional
2301,non functional
65584,functional
6788,functional
66383,non functional
58599,functional
36809,non functional
34926,non functional
29052,functional
38642,non functional
60111,functional
12478,non functional
54733,functional
54678,functional
1439,functional
6735,functional
3328,non functional
57970,functional
44204,functional
63675,functional
40519,non functional
66382,functional
45386,non functional
43604,non functional
59053,functional
1030,non functional
30897,non functional
27523,functional
14910,non functional
60074,functional needs repair
60374,non functional
6205,non functional
48390,non functional
3980,non functional
11905,functional
45320,non functional
33104,functional
4147,non functional
53577,functional needs repair
68995,non functional
32255,non functional
8699,functional
1203,functional
44358,non functional
64687,non functional
71489,non functional
61994,functional
42306,non functional
67453,functional
11581,non functional
14123,functional needs repair
59263,functional
28359,non functional
72238,functional
12207,functional
19283,functional
38565,non functional
26851,functional
41968,functional
38379,functional
65944,non functional
42347,functional
64048,functional
42733,non functional
50124,non functional
69502,non functional
24691,functional
19232,non functional
65266,functional
48401,non functional
21737,functional
63864,functional
30174,functional
70930,functional
24331,functional
11011,functional
12245,functional
68493,non functional
5946,non functional
60626,functional
26839,functional
58681,non functional
65476,functional needs repair
63687,non functional
57948,non functional
42350,non functional
4526,non functional
51133,functional
12552,functional
64257,non functional
46719,non functional
17219,non functional
14992,non functional
8757,functional
63748,non functional
36067,functional needs repair
59405,functional
15250,non functional
3777,functional
71658,non functional
49862,non functional
21830,non functional
18225,non functional
25165,functional needs repair
22385,functional
4636,functional
35726,functional
31692,functional
47016,functional
53147,non functional
17242,functional
53218,non functional
11811,functional
54548,non functional
26535,non functional
71856,functional
53518,non functional
14701,functional
11447,functional needs repair
23819,non functional
27069,non functional
21064,functional
47102,functional
13734,functional
38220,functional
5060,functional needs repair
29153,functional needs repair
6519,functional
46110,non functional
72474,functional
623,non functional
27561,functional
52067,non functional
6757,functional
28846,functional
13685,functional
55543,functional
63908,functional
23407,non functional
57452,functional
42339,functional
42491,functional
40427,non functional
64144,functional
25220,functional
59031,non functional
32012,functional
35007,non functional
46231,functional
26302,non functional
3873,non functional
1856,functional
19574,functional needs repair
3843,functional
42487,non functional
19869,non functional
5875,non functional
63423,functional
880,functional
28306,non functional
69883,functional
8709,functional
32164,functional
49888,non functional
64333,functional
42959,functional needs repair
37322,functional needs repair
42431,functional
70897,non functional
61759,functional
64031,functional
18488,functional
26856,non functional
56471,functional
8080,functional
35558,functional
63978,non functional
45566,non functional
968,functional
1604,functional needs repair
53188,functional needs repair
5562,functional
10976,non functional
18814,non functional
43732,functional
50383,functional
49431,functional
2940,non functional
12756,functional
15545,functional
71236,functional
26174,non functional
14985,functional
26204,functional
21623,non functional
37757,non functional
59179,functional
47193,non functional
5464,non functional
59694,non functional
3091,functional
37039,non functional
13201,functional
10527,non functional
40666,non functional
47756,non functional
66682,non functional
10065,non functional
38507,functional needs repair
54163,non functional
27790,functional
37114,functional
70237,functional
47075,non functional
61558,functional
38293,functional
23288,non functional
40102,functional
60171,functional
18825,functional
60688,functional
9401,functional
14438,functional
37241,functional
37507,functional
11871,non functional
23465,functional needs repair
46988,functional
35778,non functional
58389,non functional
11695,non functional
65995,functional
8988,functional
12598,functional
34130,non functional
28032,functional
72055,functional needs repair
14727,functional
44120,functional
56277,functional
61169,functional
61060,functional
33006,functional
6988,functional
23156,non functional
54772,non functional
60535,functional
6171,functional
48519,non functional
68894,functional
13987,non functional
21896,functional
25354,functional
24752,functional
61992,non functional
19080,functional
41986,functional
36255,non functional
28016,functional
55033,functional
7296,functional
1817,functional
15975,non functional
2547,functional
24638,functional needs repair
52461,non functional
25243,non functional
28993,functional
18169,functional
18729,functional
40750,non functional
22402,functional needs repair
50841,functional
12656,non functional
21315,functional
73274,non functional
5009,functional
19781,non functional
56226,non functional
69168,functional
43964,functional
72849,non functional
15974,non functional
5071,functional
44480,functional
54327,non functional
58526,functional
41227,non functional
9069,functional
5455,functional
39280,non functional
61476,functional
44578,non functional
46507,functional
68844,non functional
16923,functional
22283,functional
54056,functional
3968,functional
21383,functional
61131,functional needs repair
59071,functional
458,functional
32502,functional
17360,non functional
60873,functional
61750,functional
47384,functional
30758,functional
11249,functional
68770,functional
21946,functional
20011,functional
52980,non functional
41433,non functional
6948,functional
61190,functional
21792,non functional
34375,functional
34298,functional
72359,non functional
60705,non functional
19262,non functional
15666,functional needs repair
24034,functional
7334,non functional
30990,non functional
5968,functional
55164,functional
21952,non functional
30140,non functional
23296,functional
59327,functional
34823,functional
13244,functional needs repair
14675,functional
36360,functional
6592,non functional
45312,non functional
25635,functional
72352,functional
2427,functional
15178,functional
58115,non functional
38261,non functional
47744,functional
7464,non functional
8734,functional
57641,functional
3215,non functional
9793,non functional
4435,functional
32760,functional
11879,functional
10835,functional
14783,functional
51370,non functional
25132,functional
37522,functional
11736,functional
72024,functional
34272,functional
47471,non functional
48621,non functional
27378,non functional
42383,functional
74085,functional
27695,functional
10479,functional
59522,non functional
57162,non functional
28942,functional
20207,non functional
16679,functional
58277,non functional
47870,functional
3634,functional
7061,functional needs repair
21067,functional
31713,non functional
31034,functional
38383,functional
62237,non functional
29950,non functional
64684,non functional
6081,functional
3640,non functional
69862,non functional
11549,non functional
66603,functional
20685,non functional
20122,non functional
66753,non functional
55522,functional
38157,functional
44506,non functional
57174,functional
46378,functional
25232,functional
57258,functional
20382,non functional
26220,non functional
16438,non functional
7221,non functional
20028,functional
59420,functional
45510,non functional
14924,non functional
52979,functional
66498,functional
782,non functional
67735,non functional
28909,functional
44269,non functional
5759,non functional
22936,functional
60313,non functional
10242,non functional
46865,non functional
21141,functional
32361,functional
34176,non functional
18875,non functional
63993,functional needs repair
66976,functional
73056,functional needs repair
3402,functional
65763,functional
33725,functional
66518,functional
13536,functional
4841,non functional
14102,functional
20279,functional needs repair
30106,functional
48019,non functional
48536,non functional
37967,non functional
3236,non functional
10355,non functional
41454,functional
42642,functional
65474,functional
9937,functional needs repair
57556,non functional
40320,functional
59704,functional
19257,functional
25248,functional needs repair
20182,non functional
52629,non functional
7897,non functional
31727,functional
37557,functional
36547,non functional
53864,non functional
24543,functional
11916,functional
23866,functional
11191,functional
17596,functional
19273,non functional
43652,functional
68467,functional
48901,functional
64046,functional needs repair
68432,functional
62247,functional needs repair
50443,non functional
4295,functional
22881,non functional
43140,non functional
34482,non functional
72330,functional
13625,functional
5309,functional
30624,non functional
55188,non functional
39621,functional
58598,functional needs repair
17659,non functional
54610,non functional
60348,non functional
71813,non functional
57826,functional
12240,functional
7440,functional
21939,functional
36280,functional
2628,functional
66328,functional
11943,functional
35405,functional
26072,non functional
12040,functional
73528,non functional
16166,functional needs repair
54862,non functional
2756,functional
44054,functional
40419,functional
26897,non functional
8126,functional
42971,functional
45875,functional
30978,functional
29078,functional
74098,non functional
50311,functional
46277,functional
60272,functional
59728,functional
39005,functional
14652,non functional
26599,functional
24803,functional
12449,functional
61342,functional
26603,functional
31672,functional
58058,functional
72595,non functional
32983,functional
49240,non functional
54975,functional
7302,non functional
65041,functional
35761,non functional
53230,non functional
404,non functional
36603,functional
58473,non functional
27607,non functional
59507,non functional
2744,functional
52478,non functional
58963,functional
12928,functional
56501,functional
71889,non functional
1927,non functional
36380,non functional
64719,functional
30010,functional
39444,non functional
12696,functional
61141,non functional
17795,functional
38936,functional
21685,non functional
8575,non functional
73746,non functional
31106,non functional
41574,non functional
12811,functional
50675,functional
38619,functional
30131,non functional
6854,non functional
40354,non functional
60194,functional
66346,functional
6711,functional
8241,functional
50713,non functional
19318,functional
59560,functional
13831,non functional
30401,functional needs repair
27028,functional
42774,functional
15048,non functional
162,non functional
12089,functional
12538,functional
33153,non functional
19015,functional
4392,functional needs repair
29192,non functional
30026,functional needs repair
11198,non functional
27049,functional
5644,functional
33084,non functional
59428,non functional
73962,non functional
26797,functional
7064,functional
36602,non functional
21602,non functional
49973,non functional
13358,functional
7548,functional
38693,functional
61575,functional
15627,functional
60226,functional
28167,functional
9718,non functional
28807,non functional
989,functional needs repair
30073,non functional
10053,functional
13726,non functional
49121,non functional
28288,functional
62839,non functional
32975,non functional
37655,non functional
62761,non functional
46358,non functional
14825,non functional
68158,functional
64247,functional
35247,functional
10418,functional
56227,non functional
20133,functional
57658,functional needs repair
64972,functional
5091,functional
27035,functional
41163,functional
46676,functional
49438,non functional
67293,non functional
30658,functional
23410,non functional
65750,functional
68364,functional
48032,non functional
16995,non functional
67979,functional
64367,non functional
32057,non functional
20567,functional
61562,functional needs repair
52401,functional
50940,non functional
22644,non functional
54180,functional
69209,functional
30999,functional
20877,non functional
52367,non functional
18326,functional needs repair
24612,functional
28122,functional
8518,functional needs repair
53497,functional
47107,non functional
26018,functional
70103,functional
24633,non functional
39741,functional
55078,functional needs repair
67011,functional
37844,non functional
62624,functional
7501,non functional
71600,non functional
27475,non functional
18103,non functional
47995,non functional
70968,functional
23537,functional
44691,functional
9806,functional
48800,functional
35972,functional
10567,functional
52615,functional
57236,non functional
67291,functional
3084,functional
56042,functional
73471,non functional
38728,functional needs repair
57501,functional
64705,non functional
21497,non functional
29254,functional
121,functional
43858,non functional
40472,functional
48281,functional needs repair
300,functional
4004,functional
36323,non functional
54979,functional
23498,functional
1126,non functional
71279,non functional
33321,functional
4837,functional
43477,functional
13818,functional
61195,functional
21898,functional needs repair
69498,non functional
8804,functional
38861,functional
45423,functional
73214,functional
55618,non functional
69530,functional
35008,functional needs repair
3711,functional
65543,non functional
23382,functional
70653,functional
55676,non functional
63564,functional
16628,non functional
26100,functional
41722,non functional
51005,non functional
43124,functional
70946,non functional
69879,functional
57553,functional
2508,functional needs repair
16894,functional
24415,non functional
2997,functional
16540,functional
45895,non functional
41238,non functional
63140,functional
59265,non functional
18977,functional
56358,non functional
25237,functional
65529,functional
37694,functional
16712,functional
27616,functional
72859,functional
36181,functional
28526,functional
1972,functional
15199,non functional
22600,non functional
39730,non functional
64858,functional
5774,non functional
27633,functional needs repair
18678,functional needs repair
72755,non functional
62239,functional
20476,functional
24391,functional
6088,non functional
54890,non functional
10368,functional
48276,functional
66694,non functional
808,functional
51913,non functional
71026,non functional
47569,non functional
46705,non functional
5605,non functional
19861,non functional
3698,non functional
34840,non functional
1310,functional
21009,functional
40318,functional
50157,functional
18044,functional
73130,functional needs repair
27256,functional needs repair
24475,functional
4057,non functional
6381,non functional
61928,non functional
56187,functional needs repair
6219,non functional
40321,functional needs repair
41711,functional
58983,non functional
66308,functional
60026,functional
302,functional
60221,non functional
68663,functional
2706,non functional
17382,functional
63736,non functional
160,functional
29700,functional
60562,functional
69926,functional
44049,functional
3842,functional
8446,functional
21754,functional needs repair
47106,non functional
73911,non functional
8356,functional
53530,non functional
53671,functional
30802,functional
70699,functional
14747,non functional
19828,functional
47300,functional
46341,non functional
58738,functional
45712,non functional
65205,non functional
40659,functional
31693,non functional
61853,functional
70326,non functional
26725,functional
66782,functional
18640,non functional
5511,functional needs repair
70032,non functional
10524,functional
25925,non functional
47220,non functional
10407,non functional
14759,non functional
17217,non functional
70964,functional
41086,functional
31570,non functional
69989,functional
49093,functional
55010,functional needs repair
21481,functional
6787,functional
30787,non functional
57049,functional
36585,functional
56545,functional needs repair
6748,non functional
33902,functional needs repair
55261,functional
7677,non functional
12236,functional
54199,functional
54195,functional needs repair
47226,non functional
3967,functional
48703,functional
61170,non functional
42557,non functional
54068,functional needs repair
42012,functional
14864,functional
4877,non functional
20443,non functional
3222,functional
35527,functional
26074,functional
24707,functional
61095,non functional
27328,functional
14744,functional
16994,non functional
21160,non functional
54956,non functional
43031,non functional
72731,non functional
67175,non functional
3820,functional
3587,non functional
51731,functional
56096,functional needs repair
25585,functional needs repair
26902,non functional
61308,functional
49686,functional
16670,functional
70805,functional
2530,functional
60828,functional
15336,functional needs repair
73678,functional needs repair
67988,functional
72199,non functional
43216,functional
65123,non functional
20752,functional
45334,functional
68671,functional
17404,non functional
44266,functional
63916,non functional
51380,non functional
40168,non functional
58318,non functional
66143,functional
12213,non functional
37627,functional
27536,functional
3622,non functional
40265,functional
44928,functional
17511,functional
30535,non functional
33286,functional needs repair
1056,functional
28830,functional
48163,functional
30588,non functional
18596,functional
21433,functional
10115,non functional
47199,functional
20424,non functional
25797,functional
16643,non functional
12404,functional
60531,functional
59761,functional
7065,functional
54271,functional
59299,functional needs repair
14224,functional
51203,non functional
3636,non functional
49115,functional
28094,functional
64355,non functional
60694,non functional
42334,functional
68141,functional
53148,non functional
45612,functional needs repair
73881,functional
2823,functional
33063,functional
47063,functional
41921,functional
44641,functional
27782,functional
34562,functional
13172,functional
12664,non functional
59194,non functional
59598,non functional
18400,functional
16924,non functional
40293,non functional
43825,non functional
8802,functional
62988,non functional
24496,functional
25490,functional
36283,non functional
73747,non functional
14460,non functional
15965,functional
50975,functional needs repair
40442,functional needs repair
14371,non functional
42469,functional
74032,functional
45390,functional
8688,functional
3077,functional
8545,non functional
28686,functional
2781,functional
9760,non functional
28085,non functional
62348,functional needs repair
10415,non functional
64277,non functional
18608,functional
72084,functional
69497,non functional
73001,functional
32260,functional needs repair
25129,non functional
36407,functional
70825,functional
32826,functional
14164,non functional
19146,functional needs repair
35746,non functional
49813,functional
31928,functional
65771,non functional
67620,non functional
73918,functional
66344,non functional
32111,non functional
30601,non functional
46006,non functional
34793,functional
42271,non functional
67776,non functional
46019,functional
72052,functional
10634,functional
3010,functional needs repair
13225,functional
36989,functional needs repair
24009,functional
49765,non functional
27574,functional
63443,functional
68085,functional
70513,functional
44454,non functional
38549,non functional
26711,non functional
58008,non functional
59052,functional
56140,functional
40340,non functional
35396,functional
56724,functional needs repair
5126,non functional
4086,non functional
46338,non functional
36007,non functional
60700,functional
42243,functional
72173,functional
29424,functional
27268,functional
71861,functional
21681,functional
15339,non functional
1253,functional
16056,non functional
29388,functional
16692,functional
1064,non functional
21054,non functional
63537,functional needs repair
29716,functional
5260,functional
13958,functional needs repair
46803,non functional
73178,non functional
54167,non functional
11702,functional
5265,functional
21788,functional
63635,functional
11204,functional
50239,functional
7726,functional needs repair
8229,functional
52759,functional
68830,functional
74009,non functional
7486,non functional
24438,functional
70360,non functional
11558,functional
8409,non functional
29839,functional
58061,functional
469,functional
71687,non functional
41442,functional needs repair
69424,functional needs repair
19905,functional
32327,functional
58763,functional
44362,functional
22674,functional
48359,functional
24224,functional
13535,non functional
6082,non functional
1322,non functional
73698,functional
13420,non functional
32524,functional
33545,functional
28734,functional
49117,functional
45859,non functional
16057,functional
8615,non functional
34843,functional
47699,non functional
63344,non functional
64475,functional
35817,functional
42598,functional
50916,non functional
59549,functional
39693,functional
54877,functional needs repair
61103,non functional
39110,functional
10743,functional
68515,functional
34283,non functional
60297,non functional
16230,functional
8728,functional
46177,non functional
19256,functional
29122,functional
42795,functional
59654,functional
43153,functional
39275,functional
42655,functional
37232,functional
2586,non functional
35977,functional
48222,functional
34372,functional
29719,non functional
18793,functional
71606,functional
25578,functional
34291,functional
71047,functional
21015,non functional
41528,non functional
64559,functional
39589,non functional
67800,functional
48245,functional
48777,functional
9766,functional needs repair
66905,functional
27921,non functional
16091,functional
36012,functional
19701,functional
6236,non functional
39763,functional
24255,non functional
73949,functional
70194,functional
48265,non functional
15248,non functional
67948,non functional
37755,functional
20676,functional
40947,non functional
2747,functional
44154,functional needs repair
9593,functional
8498,non functional
68913,functional
67338,functional
65149,functional needs repair
24865,functional needs repair
8288,non functional
25650,non functional
37776,functional
58584,functional
70915,functional
30067,non functional
15398,non functional
15673,functional
45642,functional
32301,functional
68944,non functional
45881,non functional
70778,functional
51464,non functional
19401,functional
9953,functional
22911,functional
33314,functional needs repair
49228,non functional
41540,non functional
69364,functional needs repair
62609,functional
68219,non functional
10403,functional
73659,functional
32671,functional
69262,non functional
20411,non functional
69089,non functional
2335,functional
58852,functional
61733,functional needs repair
61741,functional
46384,functional
7105,functional needs repair
12078,non functional
6791,non functional
47945,functional
62723,functional
26387,functional
61055,non functional
65263,non functional
33783,non functional
56872,functional
50803,non functional
68547,functional
29258,functional
65732,functional
29444,functional
31422,functional needs repair
64715,functional
34394,functional
53533,non functional
10038,non functional
31795,non functional
40625,non functional
58783,non functional
30446,functional
8736,functional
29396,functional
50186,functional
66108,functional
56208,functional
28064,functional
44694,functional needs repair
70039,functional
41811,non functional
38856,functional
21693,functional
65248,non functional
57588,functional needs repair
20263,non functional
42023,non functional
64307,functional needs repair
20852,non functional
51968,functional
6363,functional
67196,functional
36234,functional
4732,non functional
48372,functional
70151,non functional
21672,functional
72032,functional
7356,functional
18295,functional
24741,functional
55358,non functional
72030,non functional
67516,non functional
27907,non functional
17425,non functional
38899,functional
17349,non functional
2616,non functional
4044,functional
6329,functional
54676,non functional
71899,functional needs repair
36123,functional
65121,non functional
20693,functional
1285,functional
23099,functional
29589,functional
47067,non functional
10677,non functional
61041,functional
3862,functional
29116,non functional
39221,functional
39017,functional
51396,non functional
48527,non functional
72518,functional
12520,non functional
3954,functional
7286,functional
23755,non functional
46503,functional
32256,functional
58202,non functional
4924,functional
24592,functional
1352,non functional
71413,functional
40304,non functional
19407,functional
13779,non functional
8762,non functional
58875,non functional
25658,functional
26395,non functional
36911,functional needs repair
51977,functional
63017,functional
20269,functional
68596,functional
46891,non functional
5206,functional
65128,functional
11617,non functional
72425,functional
2611,non functional
62703,functional
18445,non functional
49,functional
28172,functional
20516,non functional
30497,non functional
5683,functional
58993,non functional
28908,functional
5882,non functional
66208,functional
74199,non functional
30657,non functional
9290,non functional
15650,non functional
18923,functional
58987,functional
47555,functional
23472,non functional
51132,non functional
39669,functional
33533,functional
23110,functional
4626,non functional
59450,functional
31940,non functional
52998,non functional
34469,functional
73836,functional
38401,functional needs repair
46555,functional
10143,functional
49345,non functional
37247,non functional
72794,non functional
59205,functional
55573,functional
8685,functional
15171,functional
114,non functional
31738,functional
12333,functional needs repair
46685,functional
22225,non functional
12114,functional
49177,functional
40093,functional
2764,non functional
5331,functional needs repair
20537,functional
1052,functional
23281,non functional
45936,functional
48778,functional
29669,functional
49609,non functional
17227,non functional
13965,functional
37738,non functional
24030,non functional
2536,functional
53133,functional
66679,functional
61564,functional needs repair
66082,functional
14664,non functional
42696,non functional
54986,non functional
53531,functional
69316,functional
45569,functional
68582,functional
29619,functional
42896,functional needs repair
74163,functional
6009,functional
23642,functional needs repair
35136,functional
16077,functional
71383,functional
17341,functional
60042,functional needs repair
48478,functional
47045,functional
37099,functional
21540,functional
3602,functional
59297,functional
72729,functional
71596,non functional
35513,non functional
70120,functional
69042,functional
37075,functional
32710,functional needs repair
51922,functional
1331,non functional
32737,non functional
21194,non functional
32626,functional
17502,non functional
33999,functional needs repair
52668,functional
16884,functional
50746,functional
72570,functional
15892,non functional
35205,non functional
7032,functional
65991,functional
60838,functional
58761,non functional
69643,non functional
38795,functional
24078,functional
71240,functional
31599,non functional
46250,functional needs repair
63009,functional
3944,non functional
23816,non functional
5727,functional
64877,functional
17786,non functional
53081,non functional
52427,non functional
36605,non functional
67566,non functional
48855,functional
8170,non functional
3498,non functional
19681,functional
46626,non functional
68545,functional
48825,non functional
36491,functional
59554,functional needs repair
1946,non functional
33223,non functional
36052,non functional
9943,non functional
27060,non functional
38186,non functional
46417,functional
30374,functional
40635,non functional
50831,non functional
64517,functional
31739,functional
33689,functional
60308,non functional
15010,functional
34709,non functional
29535,functional
760,non functional
53795,functional
52328,non functional
43314,functional needs repair
60812,non functional
18396,functional
70498,functional
34103,functional needs repair
55468,functional
67118,functional
68761,functional
17230,functional
35656,functional
69674,functional
39972,functional
1872,functional
16454,functional
5056,functional
1278,functional
64092,functional
51584,non functional
73094,functional
62949,functional
62453,non functional
36936,non functional
9423,functional
18734,functional
57900,functional
64382,functional
24885,functional
23754,non functional
34773,functional
6051,functional
10084,functional needs repair
3800,non functional
9421,functional
12968,non functional
2429,functional
24779,non functional
59931,functional
71486,functional
55435,functional
73597,non functional
12561,functional
26757,non functional
58274,functional
59964,functional
43657,functional
24419,functional
55900,functional
69414,non functional
66517,non functional
22750,functional
40119,functional
1378,functional
8306,non functional
1729,non functional
20124,functional
69596,non functional
43780,functional
8524,non functional
40169,non functional
48829,functional needs repair
17592,non functional
5610,functional
69840,functional
23031,functional
65730,functional
9875,functional
11762,functional
52446,functional
54095,non functional
22457,functional
46146,functional needs repair
59509,non functional
16964,non functional
49067,functional
16054,functional
63830,functional
37730,non functional
70551,non functional
39803,functional
29210,functional
51322,non functional
9269,functional
16548,non functional
298,functional
19773,functional
62386,functional
18662,functional
30712,non functional
13669,functional
38764,functional
22786,non functional
18580,functional
13149,non functional
14213,functional
9339,functional
42009,functional
33598,functional
53365,functional
64345,functional
62873,functional
54639,non functional
29364,functional
25613,functional
17775,non functional
66837,non functional
73444,non functional
11791,non functional
18851,functional
13531,functional
33218,non functional
34591,non functional
17608,functional
56368,functional
15201,non functional
37107,non functional
29689,non functional
39780,functional
47743,functional
44390,non functional
11007,functional
24569,non functional
17128,non functional
16564,non functional
58402,non functional
65124,non functional
33458,non functional
22757,functional
46609,functional
40026,functional
29809,functional
59655,non functional
5957,functional
791,non functional
48120,functional
21211,non functional
71937,non functional
53534,functional
7824,functional
52997,non functional
1679,functional
34874,functional
17594,functional
71362,functional
10980,non functional
69845,non functional
67057,functional
5684,functional
5473,non functional
22829,non functional
1481,functional
16659,functional
22686,non functional
65879,functional
45814,non functional
13459,non functional
51323,non functional
16187,functional
13925,functional
27058,non functional
29968,functional
30211,non functional
66246,non functional
4858,functional
73811,non functional
20913,functional
48128,functional needs repair
73411,functional
8998,non functional
15681,non functional
4824,functional
70636,functional
70111,non functional
64646,non functional
17390,functional
51948,functional
4729,non functional
2068,non functional
70842,functional
51850,functional
6942,non functional
11597,non functional
63913,non functional
50893,functional
38442,functional needs repair
1152,functional
50243,functional
65695,non functional
34520,functional
49477,non functional
36565,functional
22484,functional
65741,functional
28203,non functional
53655,non functional
12517,non functional
70331,non functional
3545,non functional
8118,functional
29923,functional
52982,functional
68025,non functional
7376,functional
5323,functional
33977,non functional
454,functional
14083,functional
53978,functional
64133,functional
2343,functional needs repair
53539,non functional
65397,non functional
46545,functional
41119,functional
32649,functional
14405,functional needs repair
2351,non functional
56602,functional
72508,functional
7405,functional
39007,functional needs repair
10631,functional needs repair
60062,non functional
25222,functional
21514,functional
73526,functional
18574,functional
51717,non functional
72904,non functional
16619,functional
61583,functional
9037,functional
34744,functional
40771,non functional
39732,functional
58521,non functional
12351,functional needs repair
25138,non functional
59535,functional
59719,functional
2115,functional
72415,functional
43697,non functional
53275,non functional
34157,functional
15777,functional
46537,functional
71467,functional
19894,functional
40985,non functional
21597,non functional
47833,functional
65479,functional
34021,functional
71609,non functional
35267,functional
23660,functional
53556,functional
51237,functional
8167,functional needs repair
46173,functional
47224,non functional
55324,non functional
67206,functional
44514,functional needs repair
67521,non functional
64265,functional
24652,functional
64866,functional
38266,functional
59596,functional
37259,functional
65798,functional
3087,functional
64534,functional
30059,non functional
64248,functional
5027,functional
35632,functional
19206,functional
40243,non functional
22471,non functional
23025,functional
2950,functional
60320,functional
6099,functional
14939,non functional
21554,non functional
17527,functional
22086,functional needs repair
9602,functional
43313,functional
73154,functional
51747,non functional
69169,non functional
2507,functional
42514,functional
59168,functional
69793,non functional
39038,functional
50875,non functional
343,non functional
30507,non functional
40018,functional
45821,functional needs repair
10945,functional
67192,non functional
27313,non functional
56737,functional
1690,functional
34121,non functional
22015,functional
48151,non functional
62139,functional
54307,functional
7676,non functional
34352,non functional
70117,non functional
18327,non functional
57797,functional
48288,functional
63945,functional
22212,functional
69573,functional
10564,functional needs repair
26793,functional
16342,functional
8408,functional
11571,functional
56829,non functional
39874,functional
44298,functional
51136,non functional
18188,functional
55262,non functional
59566,functional
5145,non functional
57135,functional
58654,non functional
9437,non functional
71224,non functional
31371,functional
60750,functional needs repair
26105,non functional
9412,functional
22621,functional
9878,functional
73452,functional
11063,functional
40401,functional
45793,functional
55649,non functional
66935,functional
10060,functional
36145,functional
41414,non functional
37390,non functional
5713,functional
44949,non functional
65953,functional
28361,non functional
48938,functional
19186,non functional
37162,functional
39382,non functional
41404,non functional
18749,functional
25740,non functional
18811,functional
46621,non functional
34044,non functional
46191,functional
9485,functional
35829,functional
24212,non functional
4625,functional
13896,functional needs repair
35975,non functional
31512,non functional
57717,non functional
46691,functional
68645,functional
42813,functional
15476,functional
73084,non functional
21849,non functional
34771,non functional
73835,non functional
5880,functional
33255,non functional
11315,functional
44984,non functional
8093,functional
60975,functional
16512,functional
36852,functional
33714,functional
58412,functional
64008,functional
4097,functional
6040,functional
58781,functional
40975,functional
71480,non functional
53007,functional
30912,non functional
51046,functional
16510,non functional
18314,non functional
18416,non functional
72550,functional needs repair
66542,functional
51937,functional needs repair
59114,functional
41096,non functional
69649,functional
26388,functional
15451,functional
48279,functional
13939,functional
33739,functional
5640,non functional
49718,functional
52113,non functional
3829,non functional
64058,functional
44962,non functional
20194,functional
27504,functional
73902,non functional
26551,functional needs repair
65666,non functional
25266,functional needs repair
53068,functional
20018,functional
20824,functional
24279,functional
7347,non functional
24294,functional
66781,non functional
23565,functional
53290,functional
10800,functional
21765,non functional
42555,non functional
20074,non functional
17942,functional
26770,functional
17859,functional needs repair
27565,functional
65620,functional
48576,functional
54260,non functional
65272,functional
72792,non functional
68481,functional
12424,functional
58691,functional
20189,functional
16606,functional
36717,functional needs repair
9386,non functional
41603,functional
68640,non functional
16586,functional
50014,non functional
14662,non functional
56402,functional needs repair
48747,functional needs repair
67386,functional
65883,functional
7716,non functional
43806,non functional
65928,non functional
70841,functional
46854,functional
65122,functional
4718,functional
1615,functional
42065,functional
16871,functional
56557,functional
35572,functional needs repair
20973,non functional
62697,functional
18218,functional
34322,non functional
51358,functional
57215,non functional
64888,functional
16301,functional
1301,functional
68367,functional needs repair
65802,non functional
26456,functional needs repair
17378,non functional
35721,non functional
31026,functional
69394,non functional
7354,functional
3260,functional
31931,non functional
68223,functional
44923,functional
24669,functional
25958,non functional
15676,functional
73591,non functional
27796,functional
56518,functional
72182,functional
49076,functional
3557,functional
36275,non functional
3979,non functional
61174,functional
73673,functional
54256,non functional
12869,functional
5420,non functional
69171,functional
43945,functional
42459,functional needs repair
49021,non functional
14078,functional
12011,non functional
28769,functional
19465,functional
9861,non functional
50214,functional
12239,functional needs repair
41527,non functional
68302,non functional
15907,functional
61673,non functional
45396,non functional
59306,non functional
14651,functional
34235,non functional
58491,functional
65781,functional
253,non functional
35514,functional
26108,non functional
38971,functional
44659,functional
46225,functional
73158,functional
4080,functional
21879,non functional
32806,functional
52470,functional
13547,non functional
48843,functional
65670,functional
60020,non functional
32582,functional
41704,functional
58890,functional
64637,functional
10812,functional
3342,functional
51514,non functional
61409,non functional
47920,functional
16771,non functional
66244,functional
63043,functional
37102,non functional
26330,non functional
69312,functional
26437,functional
35326,non functional
51833,functional
56301,functional
22014,functional
62571,non functional
67089,functional
72146,functional
58007,functional
22934,functional
34105,functional
40889,functional
20641,non functional
4991,non functional
2380,functional
63038,functional
42706,functional
73209,functional
13770,functional
2806,non functional
64467,non functional
4212,non functional
59878,functional
357,functional needs repair
46447,functional
65688,functional
13284,functional
25124,non functional
43948,non functional
67884,functional
43487,functional
42744,functional
33724,functional
65187,functional
65114,non functional
72966,functional
72450,functional
33183,functional needs repair
14588,functional
3983,functional
18699,functional
22386,non functional
16650,non functional
13619,functional
33530,non functional
8952,functional
12364,non functional
62522,functional needs repair
10699,functional
43376,non functional
55300,non functional
46336,non functional
44039,functional
33732,non functional
28347,functional
73236,functional
6397,functional needs repair
53178,non functional
8180,functional
42619,non functional
20681,functional needs repair
39520,non functional
55694,functional
19003,functional needs repair
20281,functional
25520,functional
37201,non functional
65762,functional
39461,non functional
25366,functional
70179,functional
22482,functional
58468,functional
33449,functional
66916,functional
57066,functional
63306,non functional
30077,functional
19705,non functional
36866,functional
19715,functional
3923,functional
36919,functional
47614,functional
49270,functional
56937,non functional
21430,non functional
31051,functional
16689,functional
476,functional
25145,functional
10775,non functional
49756,functional
54487,functional
49215,non functional
34583,functional
33251,non functional
47345,non functional
67698,functional
47890,non functional
31542,functional
61341,non functional
45516,non functional
23497,functional
17758,non functional
39022,non functional
9275,functional
49068,non functional
35980,functional
63449,functional
7415,non functional
30923,functional
41735,functional
5554,functional
32669,functional
38119,functional
13913,functional
5039,functional
19763,non functional
70797,functional
50146,functional needs repair
46421,functional needs repair
60910,non functional
10627,functional
49465,functional
49607,functional
12115,functional
19294,functional
7359,functional
40704,non functional
47628,non functional
9293,functional
24199,non functional
32299,functional
1756,functional
55413,non functional
41185,functional
69711,non functional
72215,functional
47359,functional
5734,functional
7513,functional
73473,non functional
45573,functional needs repair
73981,non functional
19136,functional
335,non functional
45538,non functional
11411,functional needs repair
9768,functional
37028,non functional
41262,functional
34463,functional
52253,functional
17538,non functional
8679,non functional
4483,non functional
16952,functional
43118,functional
54842,non functional
34317,functional
26015,functional
30522,functional
10468,functional
55371,functional needs repair
28182,functional
23701,non functional
62009,functional
62525,functional
51139,functional
32438,functional
27076,non functional
52699,functional
19621,functional
3320,functional
31669,non functional
66402,functional
4597,non functional
13168,functional
22785,non functional
28473,functional
60015,non functional
32851,non functional
73343,non functional
10685,non functional
71806,functional
10349,non functional
10692,non functional
74135,non functional
18569,functional
23151,non functional
53347,functional
17035,functional
12133,non functional
51505,functional
12905,functional
48896,functional
71006,non functional
21866,functional
589,functional
6888,non functional
47101,functional
59772,functional
50848,functional
3445,non functional
44783,functional
16258,functional needs repair
13275,non functional
44680,functional
5422,non functional
52533,functional
50663,functional
35406,functional needs repair
26,functional
64816,functional
65404,functional
33685,non functional
18320,functional
24405,functional
59520,functional
16703,functional
5332,functional
15022,non functional
70669,functional
12623,functional
65672,non functional
69417,non functional
42776,functional
29047,functional
30249,functional needs repair
51004,non functional
14120,non functional
25570,functional
39039,functional
60665,functional
51134,functional
20496,non functional
58290,functional
9771,functional
69351,non functional
72452,functional
20991,functional
20605,functional
71995,non functional
6682,functional
33964,functional
17734,non functional
29291,non functional
52052,functional
62299,functional
37719,non functional
57054,non functional
17163,non functional
59226,functional
7253,non functional
49271,functional needs repair
62100,functional
23515,functional
59253,functional
50473,functional
54988,non functional
64815,functional
20305,functional
9694,non functional
38603,functional
62657,non functional
32833,functional
16792,functional
42471,functional
72135,non functional
69826,functional
8565,functional
45849,functional
65739,functional
21301,functional
57507,functional
1339,functional needs repair
12768,functional
20302,functional
40681,functional needs repair
31209,functional
26496,non functional
30667,functional
69028,non functional
20776,functional needs repair
43040,functional
70569,functional
19263,functional
60452,non functional
73598,functional
24698,functional needs repair
54698,functional
27670,non functional
65283,non functional
30279,non functional
34766,non functional
54996,non functional
34119,functional
39510,non functional
13755,functional
44763,functional
51089,non functional
66625,non functional
7010,functional
50694,functional
9429,non functional
37853,functional needs repair
7264,non functional
72345,non functional
52013,functional
3818,non functional
43916,non functional
58550,functional
62112,non functional
15509,functional
15841,functional
54238,functional
11819,functional
42989,functional
4937,non functional
6451,functional
51120,functional
26653,non functional
34232,functional
44502,non functional
55895,functional
1772,non functional
67229,functional
63929,functional
50366,functional
57003,functional needs repair
29715,non functional
47479,non functional
44211,functional
42535,functional
35506,functional
49111,functional
30339,functional
23479,non functional
12634,functional needs repair
57940,functional
14283,functional
3661,non functional
59486,functional
8361,functional
61546,functional needs repair
63939,non functional
58463,functional
19785,functional
15375,non functional
5452,functional needs repair
54799,functional needs repair
45911,functional
42928,functional
102,non functional
33191,functional
65843,functional
64701,functional
6025,functional
9844,non functional
48944,functional
6618,functional
58465,functional
49915,functional
57543,functional
17674,functional
58480,functional
6848,functional
41056,functional
1910,non functional
12761,functional
5997,non functional
64617,functional
44267,non functional
41283,functional
6898,non functional
2541,functional
59501,functional
56755,functional
27991,non functional
62017,non functional
45804,non functional
23471,functional
3346,functional needs repair
5467,non functional
8084,functional
27605,non functional
52743,functional
34363,functional
24356,functional
45272,non functional
46475,functional
2229,functional
59537,functional needs repair
52930,non functional
19153,functional
70900,functional
72327,non functional
52583,functional
39961,functional
36219,functional
6968,non functional
54664,functional
18702,functional
35178,non functional
27448,functional
73282,functional
71670,functional
19879,functional
18213,functional
63795,functional needs repair
64117,functional
65315,non functional
72649,functional
10237,functional
31242,functional
3658,functional
21908,functional
56798,non functional
17493,functional
32471,functional
20098,functional
10303,functional needs repair
305,functional
13601,functional
27610,non functional
19722,functional
17359,functional
36595,non functional
33253,non functional
47020,functional
58069,non functional
25792,functional needs repair
16498,non functional
13430,non functional
52412,non functional
32489,functional
51628,functional
33886,non functional
57913,functional
53550,functional
5182,non functional
23293,non functional
35016,functional
51988,functional
39851,non functional
26236,functional
17879,functional
18125,functional
43265,non functional
23088,functional
46315,functional needs repair
39566,non functional
15699,non functional
8659,non functional
23135,functional
36589,functional
8676,functional
35199,functional
42051,non functional
15072,functional needs repair
16519,functional
3371,functional
43280,non functional
33843,functional needs repair
17112,functional
48382,functional
72621,functional
56268,functional
35753,non functional
17012,functional
15789,non functional
48685,functional
15954,non functional
47846,functional
48145,functional
43494,functional
32606,functional needs repair
62795,functional
31176,functional
47590,functional
47913,functional
69033,functional
10990,functional
26189,non functional
1993,functional
36521,non functional
49669,functional
11077,non functional
50220,functional needs repair
69162,functional
15807,non functional
7418,functional
17664,non functional
24647,non functional
72310,functional
7348,non functional
38215,non functional
70374,non functional
52574,functional
8857,functional
5927,non functional
8694,functional
28319,functional
57095,functional
42216,non functional
1376,functional
6539,non functional
22113,non functional
44894,functional needs repair
10826,non functional
49779,non functional
53956,non functional
47867,functional
65461,non functional
48262,functional needs repair
44825,functional
28348,functional
25252,functional
5103,non functional
15624,functional
9241,functional
2052,functional
49785,functional
63998,functional
35891,functional needs repair
15778,functional
54212,non functional
59583,functional
25475,functional
63001,non functional
61599,functional
57010,functional
36168,functional
8606,functional
33511,functional
43817,non functional
53598,functional needs repair
37453,functional
71081,non functional
18230,functional needs repair
53137,non functional
37831,functional needs repair
35296,non functional
13494,functional needs repair
68542,non functional
45472,functional needs repair
19849,functional
10128,functional needs repair
58711,functional
23805,functional
56720,non functional
25013,functional
73892,non functional
50007,functional
41741,non functional
5295,non functional
5023,functional
48694,functional
13167,functional
71387,non functional
4448,functional needs repair
28856,functional
55947,functional
34059,functional
66161,functional
32439,non functional
15798,functional
1983,non functional
52604,functional
73265,non functional
21088,functional
54853,functional
73420,functional
47428,non functional
9539,non functional
41405,functional
14697,non functional
48020,non functional
35111,functional
33030,functional
60584,functional
42727,functional
37623,non functional
46332,functional needs repair
19201,functional needs repair
18694,non functional
55614,functional
3156,non functional
6591,non functional
11577,non functional
15394,functional
64422,non functional
49480,functional
53092,functional
70164,non functional
64042,functional
11055,non functional
6199,functional
57297,non functional
26658,functional
28034,functional needs repair
73446,functional
59382,functional needs repair
8054,functional
8113,non functional
6537,functional
72660,non functional
46636,functional
55831,functional
45231,functional
72746,non functional
48899,non functional
34431,functional
27142,non functional
38269,non functional
30838,non functional
42275,functional
3115,functional
2555,functional
37346,functional
31576,functional
71082,functional
69800,functional needs repair
49586,non functional
41140,functional
19005,functional needs repair
12465,non functional
31271,non functional
17589,non functional
72073,functional
24974,non functional
4813,functional
58811,functional
69270,non functional
1038,non functional
58646,functional
52657,non functional
41049,functional
47400,functional
10190,functional
59600,functional needs repair
40894,functional
15801,functional
72774,functional
392,non functional
69184,functional needs repair
72556,functional
1135,functional needs repair
70652,functional
53715,non functional
64959,functional
18973,functional
68958,non functional
50835,functional
71763,functional
29523,non functional
73373,non functional
18934,functional needs repair
36200,functional
14417,non functional
11290,non functional
42258,functional
1340,non functional
15916,non functional
5607,functional
49303,non functional
24969,non functional
34281,functional
69636,functional
52600,non functional
56316,non functional
72974,non functional
54951,functional needs repair
12760,functional
37764,functional
39734,non functional
55111,non functional
11445,functional
16568,functional
16196,non functional
22070,non functional
51094,functional
11208,functional
43560,functional
16616,functional needs repair
132,non functional
1287,non functional
38922,non functional
62527,functional
67962,functional
23482,functional
21975,functional
65692,functional
5915,functional
42218,non functional
1182,functional
9911,functional
54287,non functional
20157,functional
70185,non functional
35094,functional
63241,functional
45408,functional
27304,functional
6984,functional
240,functional
67115,functional
70398,functional
68950,functional
47304,non functional
6786,non functional
48464,functional
46395,non functional
26338,functional
58356,functional
26907,non functional
51239,non functional
44748,functional
20568,functional
560,functional
10744,non functional
17369,non functional
41170,non functional
17937,functional
41975,functional
18073,functional needs repair
56207,functional needs repair
33662,non functional
63615,non functional
55006,functional
62966,non functional
10989,functional
31068,functional
38478,functional
5167,functional
66199,functional needs repair
66449,non functional
2689,functional
50114,functional needs repair
48307,functional
34942,functional
21268,non functional
40339,functional
37892,non functional
72184,functional
54050,functional
45901,functional
5330,non functional
27852,functional
754,functional
61483,non functional
42997,non functional
27479,functional
36760,functional
9094,functional
3767,non functional
4481,functional
45668,functional
14758,non functional
61526,non functional
38024,functional
44678,functional
3247,non functional
26879,non functional
67134,functional
65858,functional
13583,non functional
52083,non functional
73469,functional
17724,functional
5543,functional
71424,functional
42521,functional
43903,non functional
55758,non functional
36205,non functional
33214,functional
40066,functional
73333,non functional
31229,functional
2194,functional needs repair
62008,functional
68160,non functional
32821,functional
57679,functional
23371,functional
27891,functional
33468,functional
70776,functional
36865,functional
27260,functional needs repair
64150,functional needs repair
68998,functional
52192,functional
41863,non functional
27965,functional
60202,functional
71703,functional
33755,functional
44571,non functional
19070,functional
63496,non functional
41716,non functional
50548,functional
65705,functional
54187,non functional
9006,functional
195,functional
2864,non functional
40768,functional
46643,non functional
291,functional
9131,functional
11720,functional
24699,non functional
16897,functional
53049,non functional
27655,functional
63055,non functional
12062,functional needs repair
67989,functional
46167,functional
39308,functional
71310,non functional
57574,functional
38817,non functional
1319,functional needs repair
25341,functional
565,non functional
37424,functional
7429,functional
51821,functional
47844,functional
64393,non functional
23888,functional
16052,non functional
38617,functional
30622,functional
22193,functional
69543,functional
40960,functional
15596,functional
64805,non functional
52111,functional
30426,functional
24374,non functional
50486,functional
48813,functional
69810,functional
7215,functional
44530,functional
9738,functional
42421,functional needs repair
31896,functional
10105,functional
31944,non functional
56286,non functional
42172,functional
1168,functional
41859,non functional
36504,functional
71045,functional
34572,functional
23017,functional
26629,functional
12975,non functional
65194,non functional
6750,non functional
48601,functional
35805,non functional
11505,non functional
50537,functional
11142,non functional
3563,non functional
2199,functional
39305,non functional
66931,non functional
45724,non functional
16719,non functional
67599,non functional
62137,functional
40143,functional needs repair
47554,functional
49247,functional
9101,functional
73710,non functional
55568,functional
67732,functional
54008,functional
20823,non functional
43070,functional
6990,non functional
30340,non functional
68997,non functional
26500,functional needs repair
69995,non functional
31729,functional
62111,non functional
67253,non functional
27830,non functional
36482,non functional
73941,functional
5162,functional
15166,non functional
40727,functional
16969,functional
44668,non functional
42799,non functional
51960,non functional
35944,functional
34234,non functional
34855,functional needs repair
66906,non functional
42983,non functional
3079,functional
28900,functional
71202,non functional
43278,functional
72100,functional
73937,non functional
44657,functional
59301,functional
49816,functional
54511,non functional
21203,non functional
23736,functional
1987,functional
60458,functional
44419,non functional
25110,functional needs repair
44278,functional
41899,functional
10211,functional
60105,non functional
21380,functional
12273,non functional
12667,functional
10167,functional
42474,non functional
46312,functional
52337,functional
18895,functional
66816,functional
23847,functional
67581,functional
943,non functional
6510,functional
58368,non functional
19014,non functional
45241,non functional
6868,non functional
63116,non functional
34331,functional needs repair
16280,functional
42909,functional
39623,non functional
68590,non functional
30709,non functional
2893,functional
72734,functional
42605,non functional
3204,non functional
26316,functional
43086,functional
27717,functional
2187,functional
55339,functional
70457,functional
32154,functional
26213,functional
36955,functional
30109,functional
28907,non functional
9061,functional
60575,functional
30688,non functional
59705,functional
22835,functional
46807,functional
41848,non functional
17125,non functional
54562,functional needs repair
4480,functional
37191,functional
61801,functional
43699,functional needs repair
1394,non functional
47186,functional
742,functional needs repair
65917,functional
14467,non functional
46187,non functional
9468,functional
60574,non functional
54550,non functional
23691,functional
66330,functional
20245,functional
73655,functional
17273,functional
8910,non functional
71441,functional
70439,functional
21513,functional
70355,functional
43668,non functional
37550,functional
67214,functional
40740,non functional
38400,functional
49682,non functional
25887,functional
5209,functional
14175,functional
44047,functional
7272,functional needs repair
68135,functional
30287,functional
16182,functional
13804,functional
41977,non functional
63776,functional
27333,non functional
68448,functional
66563,non functional
5052,functional
10008,functional
39128,functional
69206,functional
19645,functional
10918,non functional
65945,functional
49144,functional
12341,functional
71875,functional
19749,functional
50378,functional
52486,non functional
12474,functional
40223,functional
21344,non functional
10961,non functional
69038,functional
39201,functional
28929,functional
66839,functional
6440,non functional
60267,functional
2438,non functional
45991,non functional
68762,functional needs repair
29596,non functional
70817,non functional
22836,non functional
65055,non functional
104,non functional
22376,functional
13477,non functional
30610,non functional
26381,functional
15852,non functional
13704,functional
34915,functional
54323,functional
10840,non functional
21733,functional
74185,non functional
29104,functional
61764,non functional
71534,non functional
31783,non functional
63086,non functional
47580,non functional
22186,non functional
48284,non functional
42775,non functional
33283,functional
16245,non functional
64871,functional
19311,functional
32561,functional
38242,non functional
69563,functional
66949,non functional
4796,functional needs repair
13660,functional
25415,functional
13229,functional
4387,functional
10392,functional
66466,functional
73257,non functional
43499,non functional
41535,functional
70495,non functional
64836,functional
33880,functional
36559,functional
50456,functional
43894,functional needs repair
27674,non functional
19057,functional
35116,non functional
48578,non functional
37180,functional needs repair
45378,non functional
30749,non functional
37015,functional
39716,functional needs repair
28778,non functional
34323,non functional
8045,functional
35410,functional
73159,non functional
19683,functional
59645,functional
26730,functional
57937,functional
72320,functional
62923,functional
63370,functional
45088,functional
44633,functional
60470,functional
54284,non functional
65109,functional
40973,non functional
32872,functional
46877,functional
12855,functional
40685,non functional
368,functional
13524,non functional
40910,functional
12456,functional
34017,non functional
22017,functional
23913,functional
47793,non functional
55645,non functional
13983,non functional
40213,functional
14068,non functional
25508,functional
67145,functional
19457,non functional
63457,functional
24053,functional
22200,functional
52541,functional
4608,non functional
68442,functional
55946,non functional
72391,functional
65144,non functional
60903,non functional
64455,functional
27619,functional
6521,non functional
58689,non functional
5808,functional
20862,functional
22317,functional
1309,non functional
36419,functional
47687,functional
39568,functional
30847,non functional
37811,functional
47449,non functional
16161,functional
20113,functional
12323,functional
40032,functional
62976,functional
7669,non functional
71767,functional
64868,non functional
54476,functional
2237,functional
45333,non functional
38356,functional
40984,non functional
31955,non functional
42083,non functional
10996,functional needs repair
52586,non functional
10718,functional
17355,non functional
50365,functional
42387,non functional
41850,functional
26269,functional
5434,functional
56389,functional needs repair
21884,functional
9985,functional
39063,functional
774,functional
36114,non functional
72479,non functional
17152,functional
53008,functional
21353,non functional
23470,functional
27232,non functional
71131,functional
5040,non functional
11366,functional needs repair
63300,non functional
70527,functional
52260,non functional
24931,functional
48223,functional
31347,functional
20784,functional needs repair
54024,functional
27783,functional
67191,functional
13356,functional
71168,non functional
8426,functional needs repair
74134,functional
14167,functional
20467,functional
25401,functional
69789,non functional
14742,non functional
9487,non functional
41551,non functional
52039,functional
52043,functional
3616,functional
50444,functional
4344,non functional
43165,non functional
3591,functional
60336,non functional
65574,functional
60782,functional
72542,functional
11710,functional
61194,non functional
18045,non functional
53208,functional
49009,functional
4563,functional
69075,non functional
61821,functional
64077,functional
71112,functional
3960,functional
28638,functional
30757,functional
12132,functional
15440,functional
15984,functional needs repair
58692,functional
11438,non functional
55478,functional
45847,non functional
29518,non functional
581,non functional
68836,functional
28949,functional
37235,non functional
17948,functional
12354,non functional
12253,non functional
11154,non functional
71943,non functional
12486,functional
11816,non functional
8724,functional needs repair
27805,non functional
40906,functional
14964,functional
56878,non functional
62041,functional
66179,non functional
21568,functional
57024,functional needs repair
63020,functional needs repair
21431,functional
30006,functional needs repair
42810,non functional
18178,functional
73820,functional
55790,functional
12685,functional
26924,non functional
28217,non functional
38847,non functional
34376,functional
26310,functional
51204,functional
29082,functional
49237,functional
36902,non functional
4255,functional
66971,non functional
50756,functional needs repair
36250,functional
46097,functional
43790,non functional
66239,functional
41871,non functional
50891,functional
34208,functional
13398,functional
51448,non functional
16762,functional
11732,non functional
58684,functional
56037,non functional
71053,non functional
67490,functional
17381,functional
35822,functional
46130,functional
41073,non functional
16217,functional
1241,functional needs repair
4847,functional
42228,non functional
61866,functional
2942,functional
72185,functional
29897,functional
46821,functional
19549,non functional
50425,functional
46098,functional
32270,functional
67836,functional
74094,non functional
19461,non functional
33896,functional
12177,non functional
54590,non functional
14427,functional
51720,non functional
49310,non functional
63069,non functional
1169,non functional
58567,non functional
50573,functional
41334,non functional
65978,functional
25714,non functional
28917,non functional
48723,non functional
25777,functional
46498,functional
42690,functional
15340,functional
58621,non functional
50671,functional
14059,functional
31891,functional
22163,functional
60445,functional
7786,functional
40397,functional
12212,non functional
53718,functional needs repair
61250,functional
37612,functional
39298,non functional
54085,functional
60280,non functional
55631,functional
49962,non functional
68798,functional
11630,functional needs repair
28214,non functional
7093,non functional
24483,functional
16191,functional
4592,non functional
25679,non functional
45715,non functional
69541,functional
70508,non functional
8564,functional
59483,non functional
40938,functional
33109,functional
69144,non functional
9059,non functional
41018,functional
69888,functional
62862,functional
47233,functional
43728,non functional
16683,functional
6700,functional
51057,functional
22536,non functional
51879,functional
67974,functional
7756,functional
25704,functional needs repair
51908,functional needs repair
437,non functional
12910,non functional
24445,non functional
73485,functional needs repair
20392,functional
5359,functional
25610,non functional
33399,non functional
10381,functional
47406,non functional
11832,functional
16023,non functional
27753,functional
5525,functional
44359,non functional
32857,functional
52300,functional
53867,functional
62829,functional
29081,functional
21257,non functional
14956,functional
15322,functional
28234,functional
21247,non functional
71562,functional needs repair
18344,functional
4184,functional
2326,functional
64733,functional needs repair
4964,functional
33274,functional
18388,non functional
37368,functional
1494,functional
26446,non functional
65370,functional
24956,functional
38415,functional needs repair
41256,non functional
8005,functional
4310,functional
60395,non functional
36881,non functional
43690,non functional
64175,functional
53851,functional
24133,functional
13871,functional
17418,functional
10006,functional
34237,functional
52366,functional
47195,functional
1101,non functional
10265,functional
63360,functional needs repair
40909,functional
72990,non functional
41816,functional
2742,functional
35477,functional
25942,functional
49519,non functional
13156,non functional
24923,non functional
72150,functional
68115,non functional
12137,functional
46873,functional
55224,functional
53130,functional
26386,non functional
15646,functional
54541,non functional
32977,functional
21059,functional
63325,functional
34365,functional
13588,functional
60681,functional
69320,functional
10010,functional
47788,functional
22038,non functional
43075,non functional
41072,non functional
71554,non functional
41048,functional
51756,functional
41415,functional
16379,functional
34881,non functional
67361,non functional
53678,non functional
67747,non functional
68094,non functional
73161,functional
47946,non functional
10741,functional
65607,functional
35486,non functional
63801,non functional
48837,non functional
71484,functional
14295,functional
35727,functional
73631,functional
46949,non functional
8109,functional
51100,non functional
44661,functional
35437,functional needs repair
9553,functional
68443,functional
10098,non functional
71830,functional
31531,non functional
33677,functional
49995,functional
19948,non functional
15065,non functional
69078,non functional
21974,functional
21759,functional needs repair
28235,non functional
34988,functional
859,non functional
73513,functional
3624,non functional
35652,functional
39241,functional
66608,functional
44599,functional
5329,functional
65358,functional
53446,functional needs repair
28906,non functional
29128,non functional
8641,non functional
49744,functional
57949,non functional
48370,non functional
64231,non functional
38919,non functional
34217,functional
45262,functional
28600,non functional
37888,functional
58460,non functional
15273,functional
25402,non functional
53313,functional
4873,non functional
5544,non functional
29944,functional
7149,functional
60714,functional
62013,non functional
52410,functional
50095,functional
53674,functional
57360,non functional
66954,non functional
7256,non functional
4757,functional
37343,functional
10931,non functional
51463,non functional
16935,functional
39115,non functional
56411,non functional
69487,non functional
39362,non functional
73531,functional
56460,functional
73583,functional
39183,non functional
41993,functional
57321,functional
6350,non functional
52916,functional
33304,functional
29975,functional
54474,non functional
48440,non functional
16958,functional
27971,functional
14663,functional
53450,non functional
62270,functional
47478,non functional
44620,functional needs repair
41486,functional
54347,functional
46901,functional
51589,functional
66006,non functional
69923,functional needs repair
27904,functional
14180,non functional
43,non functional
57328,functional
68422,non functional
37337,functional
62921,non functional
28483,functional
48003,functional
59303,functional
5226,functional
60498,functional
18757,functional
11953,functional
6474,functional
62558,functional
22983,functional
36851,functional
1824,functional needs repair
48206,non functional
72208,non functional
71059,non functional
61054,non functional
26622,functional
14246,functional
5530,non functional
39650,non functional
28209,functional
8970,functional
9409,non functional
21414,non functional
48310,functional
2242,functional
67610,functional
57459,functional needs repair
39957,functional
2322,functional
4203,non functional
45230,functional needs repair
66635,functional
26336,functional
48025,functional
10371,functional
41669,non functional
72631,functional
30421,non functional
60501,functional
31308,functional needs repair
58317,functional
4609,non functional
64772,non functional
3129,functional
37849,functional
17238,functional
52934,non functional
19790,functional
35731,non functional
27005,functional
14449,functional
57450,functional
34110,non functional
27972,functional
44499,non functional
49980,functional
48776,non functional
13852,functional
8057,functional
53857,non functional
15014,functional
37096,functional
68880,functional
9491,functional
28585,non functional
30559,functional
48341,functional
29974,non functional
13001,non functional
27064,non functional
30138,functional
8044,functional
47755,non functional
7394,functional
61738,functional
60351,functional needs repair
10268,functional needs repair
64043,non functional
22999,non functional
8437,non functional
441,non functional
71583,functional needs repair
3435,functional
47785,functional
48538,functional
66104,functional
58075,non functional
54416,non functional
33903,functional
69587,functional
6459,functional
39859,functional needs repair
36834,functional
26342,functional
24720,non functional
48062,functional
44971,functional
44955,non functional
43068,functional
73237,functional
41069,functional
3584,functional
41244,functional
38487,functional
32041,functional
58383,functional needs repair
5773,functional
12480,non functional
1609,functional
48510,functional
17448,functional
68332,functional
126,functional
32303,functional
20954,functional
31495,functional
47747,functional needs repair
1821,non functional
18434,functional
55229,non functional
1614,functional
30095,non functional
56785,non functional
71090,functional
20117,functional
44079,non functional
23911,non functional
73556,functional
32847,functional
5472,functional
24492,functional
6909,functional
25005,functional
3774,non functional
2014,non functional
67311,non functional
644,functional
1630,non functional
3057,functional
43150,functional
70966,functional
20990,functional
2933,functional
62689,non functional
55844,functional
58805,non functional
10546,non functional
57202,functional
35083,non functional
3536,non functional
20135,functional
48409,functional
19446,functional
714,functional
11944,non functional
54126,functional
7109,functional
72449,non functional
46579,non functional
35078,non functional
59401,non functional
14397,non functional
55908,functional
3124,functional
18367,functional
14733,functional
11532,functional
10700,non functional
21901,functional
59916,non functional
49882,functional needs repair
29422,functional
43925,functional
31534,non functional
39077,functional
18170,non functional
40946,non functional
51123,functional
48671,functional
56994,functional
43139,non functional
26215,functional
6983,non functional
62953,functional
49077,functional
42482,functional
60550,functional
69505,functional
2110,functional
67570,functional
2254,functional needs repair
200,functional
68935,functional
22088,functional needs repair
16705,functional needs repair
26453,non functional
27597,non functional
56847,non functional
9527,functional
5655,functional
29139,non functional
21968,non functional
69177,functional needs repair
66510,non functional
71588,non functional
2483,non functional
70815,functional
41025,non functional
12735,functional
66709,non functional
44015,non functional
33405,non functional
38172,non functional
3264,functional
73958,non functional
63665,functional
29140,functional
21078,non functional
34222,functional needs repair
26235,non functional
12361,non functional
69744,functional
31627,functional
53227,non functional
39061,non functional
49311,non functional
54776,functional needs repair
73378,functional
30172,functional
70236,functional
13184,functional
10018,functional
21613,non functional
12790,functional
46017,non functional
27067,functional
66969,functional needs repair
67699,non functional
29394,functional
6070,functional
28500,non functional
19919,functional
74207,non functional
15462,non functional
16067,functional
67412,non functional
41225,non functional
46331,functional
53146,functional
49061,functional
71615,functional
71218,functional
34770,functional
22627,non functional
43866,functional
65225,functional
45913,functional
35211,functional needs repair
69550,non functional
17756,non functional
8164,non functional
65090,non functional
31123,functional
40139,functional needs repair
10076,functional
69017,non functional
8117,non functional
20090,functional
10538,functional
73603,functional
17682,non functional
28340,functional
31790,functional
22693,non functional
44156,non functional
57513,functional
45457,functional
53421,functional needs repair
9600,functional
31040,non functional
50556,non functional
68615,non functional
67226,functional needs repair
279,non functional
23221,functional
26735,functional
40001,non functional
9319,functional
54350,functional
65973,non functional
37834,functional
6094,functional
74052,functional
19974,functional
15923,functional
34748,non functional
13368,non functional
72540,functional needs repair
56253,functional
66659,functional
44580,functional
60768,functional
18276,functional
28091,non functional
56146,functional
9716,functional
55375,non functional
16202,non functional
40271,functional
32554,functional
69290,functional
8418,non functional
28648,non functional
64271,functional
35582,functional
1349,functional
53265,functional
39582,functional needs repair
26126,non functional
25090,functional
9476,functional
68651,functional
26339,non functional
9732,functional
69605,functional
72027,non functional
33672,functional
39723,functional
52277,functional needs repair
10386,functional
54861,functional
7145,functional
31366,non functional
56630,functional
61827,functional
63807,non functional
32645,functional needs repair
27371,non functional
43320,functional
21158,functional
7752,functional
41167,functional
53448,non functional
11828,non functional
64322,functional needs repair
56435,functional
41780,non functional
32879,non functional
16325,functional
21608,functional
59913,non functional
46462,functional
29042,non functional
50119,functional
1970,functional
9552,functional
41838,functional
17755,functional
71123,non functional
51184,functional
55842,non functional
48336,non functional
3958,functional
34722,functional
28237,functional
35304,functional
34426,functional
11488,functional
20393,functional
28494,functional
68445,functional
47510,functional
19132,non functional
19550,functional
24604,non functional
5582,functional
34223,non functional
33028,functional
11102,functional
38071,functional
30858,functional needs repair
39008,functional
55788,non functional
67640,functional
19734,functional
71874,functional
38384,functional
38614,functional needs repair
25085,functional
65964,functional
69380,functional
71669,non functional
40073,functional
40976,non functional
9190,non functional
61765,functional needs repair
28805,functional
58785,functional
24525,functional
30525,functional
64193,functional
4755,non functional
45448,functional
13380,functional
27082,functional
59763,functional
6928,non functional
69281,functional
46040,non functional
15579,non functional
59894,functional
74187,functional
60870,functional
9294,functional
56608,non functional
24184,functional
6693,functional
23312,functional
71058,functional needs repair
41602,non functional
44810,non functional
30663,non functional
8447,functional
28861,functional
2538,non functional
20740,non functional
34574,functional
44887,non functional
54829,functional
6376,functional
32708,non functional
57897,functional
27380,functional
30301,functional
37321,non functional
24879,non functional
46260,functional
60728,functional
26819,non functional
1542,functional
22259,functional
30527,functional needs repair
53575,functional
52721,functional
29316,non functional
20942,functional needs repair
44850,non functional
38158,non functional
53502,non functional
10712,non functional
16625,non functional
52102,functional
8980,functional
34329,functional
35875,non functional
72869,functional
18240,functional
65259,functional
34244,non functional
17183,non functional
7850,functional
24708,functional
60306,non functional
9752,non functional
17774,non functional
43531,non functional
71780,functional
11585,non functional
55079,functional
47006,functional
6165,non functional
56049,non functional
37253,non functional
65744,non functional
3197,non functional
28399,functional
8752,functional
68023,functional
2436,non functional
49174,functional
63878,functional
10063,functional needs repair
20595,non functional
16155,non functional
10056,non functional
41019,non functional
53672,functional
43876,functional
24168,non functional
57941,functional
38973,functional needs repair
66565,functional
167,functional
49504,functional
33970,functional
45770,non functional
66621,non functional
49054,non functional
52550,functional
1321,non functional
65457,non functional
37814,functional
48073,functional
32358,functional needs repair
52409,functional
21097,non functional
64588,non functional
8090,functional needs repair
49837,non functional
8904,functional
40467,functional
47004,functional
50802,functional
69314,functional
35152,functional
58539,functional
31655,functional
4382,non functional
33049,functional
53353,functional needs repair
386,functional
40105,functional
36319,functional
67307,functional
59947,functional
59581,functional
23865,functional
68688,non functional
23230,functional
42692,non functional
29223,functional
14673,non functional
30678,functional needs repair
19710,non functional
37842,non functional
23240,functional
3171,non functional
10923,non functional
4577,functional
43415,functional
3539,functional
20700,non functional
34019,non functional
659,non functional
30710,functional
43539,functional
37333,functional
62309,functional
10302,functional needs repair
58903,functional
7876,functional
69457,functional
16600,functional
66546,non functional
46571,functional
38489,functional needs repair
21929,functional
37567,functional
45576,non functional
71514,non functional
7476,non functional
5312,functional
3093,non functional
37038,functional
18578,functional
42345,functional
3417,functional
49518,functional
14518,non functional
16794,non functional
72839,functional needs repair
51786,non functional
59139,non functional
21591,non functional
33168,functional needs repair
6643,functional
20654,functional
71156,functional
50257,functional
57383,functional
64259,functional
40205,non functional
14238,functional
68143,non functional
29845,non functional
71972,functional
46416,functional
19860,non functional
30711,functional
32018,non functional
41546,functional
433,non functional
64482,functional
47135,functional
18415,functional
55368,non functional
21295,non functional
70628,functional needs repair
38810,functional
25187,functional
50238,functional
35832,non functional
42730,non functional
42866,functional needs repair
32331,functional
11231,non functional
17319,functional
1801,non functional
23978,functional needs repair
72532,non functional
15304,functional
8733,non functional
73983,functional
51406,non functional
63601,non functional
9863,non functional
37463,non functional
11823,non functional
8846,functional
26036,non functional
3749,functional
38003,functional
1757,functional
11080,functional
32249,functional
38707,non functional
32953,non functional
65747,non functional
56165,non functional
6262,non functional
51238,non functional
15421,functional
68356,non functional
45130,functional needs repair
14089,non functional
25347,functional
51075,functional
40572,functional
41216,functional
18331,functional needs repair
49306,functional
63886,functional
17426,functional
7124,functional
49304,functional
3911,functional
7988,functional
52415,non functional
9801,functional
47481,functional
64986,functional
2489,functional
49693,functional needs repair
28131,functional
10503,functional
20120,non functional
35658,functional
34185,non functional
68116,non functional
38511,functional
24721,functional
14582,non functional
29781,functional needs repair
4141,functional
46052,non functional
44345,non functional
43132,non functional
39435,functional
18122,non functional
3556,functional
50268,functional
71386,functional
63234,non functional
3594,functional
42135,non functional
47986,functional
20198,non functional
62191,functional
43711,non functional
12256,functional
6047,non functional
43386,non functional
20579,functional
21305,non functional
55760,functional
5571,functional
57690,functional needs repair
35553,functional
22048,functional
28864,non functional
56388,non functional
53862,functional
21274,functional
37625,functional
61420,non functional
26922,functional
6792,functional needs repair
31889,functional
16573,non functional
29917,functional
58988,non functional
42868,functional
45096,functional
39421,non functional
18145,functional
58597,functional
28265,functional
48795,functional needs repair
74088,functional
39731,functional
57491,non functional
28725,non functional
36047,functional
64654,functional
4300,functional
48680,functional
6429,non functional
5398,functional
5961,functional
30135,functional
28418,non functional
51829,non functional
43488,non functional
58968,functional needs repair
61111,non functional
16998,non functional
6456,functional
59978,functional
31281,non functional
41270,non functional
52262,functional
59712,functional
31202,non functional
61017,functional
55129,functional
57742,non functional
71287,functional needs repair
63720,functional
62129,non functional
51920,functional needs repair
52994,functional
52944,functional
6118,functional
64947,functional
63650,non functional
64726,functional
20572,functional
74117,functional
16267,functional needs repair
73410,functional
56477,non functional
45796,functional
64416,functional
58633,functional
68132,functional
36342,non functional
59197,non functional
64090,functional
40555,functional
67945,functional
17960,functional
45838,functional
45248,functional
70399,functional
34796,functional
23344,functional needs repair
67938,non functional
67378,non functional
24518,functional
38380,functional
9146,functional
35679,non functional
42504,functional
20539,functional
25597,functional
29245,functional needs repair
43222,non functional
18874,functional
30745,functional
12588,non functional
60885,non functional
56196,functional
51503,non functional
44708,non functional
21090,non functional
49200,functional
27699,functional
12797,non functional
58664,functional
53277,functional needs repair
38289,functional
72584,non functional
27547,non functional
47043,functional
30055,functional
33782,functional
2035,non functional
25109,functional
30108,functional
29040,functional
573,non functional
15887,functional
42780,functional
48620,functional
38341,functional
24682,functional needs repair
34500,non functional
56615,non functional
73435,functional
50770,non functional
55973,functional
57436,functional needs repair
18690,functional
62420,functional needs repair
70093,non functional
44523,non functional
33172,functional
68702,functional needs repair
65745,non functional
20260,functional
5606,functional
24940,functional
50730,non functional
34987,functional
6043,functional
59204,non functional
28510,functional
43099,functional
6280,functional
58823,non functional
3500,non functional
70556,functional
6760,non functional
19935,functional
25471,functional
52017,functional
74110,non functional
15405,non functional
46423,non functional
57184,functional
24521,non functional
44682,non functional
28353,functional
19833,non functional
7867,functional
40111,functional
38807,functional
56770,non functional
66177,non functional
9494,non functional
29629,functional
66358,functional
65847,non functional
41351,functional
17751,non functional
13580,non functional
15641,non functional
38083,functional
59977,functional
10623,non functional
55171,non functional
46321,functional
24446,functional needs repair
46401,functional
6979,non functional
36811,functional
70314,functional
32179,functional
1015,functional needs repair
47832,non functional
28155,non functional
5616,functional needs repair
42608,functional
35146,non functional
51512,functional
58231,functional
73974,functional
9051,non functional
32289,functional
26974,functional
24467,non functional
52341,functional
70938,non functional
26393,functional
32114,functional needs repair
16326,functional
36106,functional
29473,functional
17107,functional
53088,non functional
31341,non functional
21784,non functional
40632,non functional
18417,functional
50490,non functional
47957,functional
54690,functional
43772,functional needs repair
37802,non functional
65017,functional
4001,functional needs repair
1603,functional
37698,functional
58765,functional needs repair
67340,non functional
46837,functional
4121,functional
50129,non functional
46235,functional
13914,functional
64240,functional
71222,non functional
26591,functional
29847,functional
52189,functional
242,non functional
72200,functional
49193,functional
56367,non functional
36807,functional
6756,non functional
70114,non functional
25819,non functional
41685,non functional
70875,functional
3528,functional
56852,functional
49722,non functional
13855,functional
70827,non functional
54269,non functional
17135,functional needs repair
32970,non functional
3918,non functional
27691,functional
1980,functional
2707,non functional
24491,functional
17046,functional needs repair
64653,functional
52001,non functional
15803,functional
64660,non functional
50099,non functional
31096,functional
53958,functional
41760,non functional
17274,functional
60406,functional needs repair
16645,functional
17462,non functional
38845,functional needs repair
1709,functional
1353,functional
21033,non functional
18546,functional
15861,non functional
39058,functional
29611,functional
19191,functional
36544,functional
32454,functional
32646,functional
64889,non functional
6417,functional needs repair
17079,functional
7322,non functional
20875,non functional
1898,non functional
66285,functional
65462,functional
30845,non functional
53317,functional
37430,functional
46086,functional
36827,functional
63573,functional
54179,non functional
47797,non functional
22611,functional
58013,non functional
56535,functional
672,non functional
39091,functional
28964,non functional
22895,functional
40429,functional
46761,functional
44068,functional
48362,non functional
29214,non functional
3639,functional
48876,functional
15026,non functional
53138,functional needs repair
28301,functional needs repair
54498,functional needs repair
18601,functional
69310,functional
64591,functional
69041,functional
57818,functional
56170,functional
71193,functional
69705,functional
56032,non functional
7036,non functional
61393,non functional
7166,non functional
3319,functional
24097,functional
61803,functional
53594,functional
18975,non functional
73483,functional
69814,non functional
9893,functional
22695,functional
22675,functional
63755,non functional
39737,non functional
52329,functional
52331,functional
18592,non functional
49164,non functional
60887,functional
71444,functional
39145,functional
55427,functional
56892,functional
65234,non functional
73336,non functional
35889,non functional
19324,functional
51432,functional
73082,functional
19452,non functional
11218,functional
14987,functional
31642,non functional
26457,functional
65208,functional
13283,non functional
8832,functional
16148,functional
60499,functional
43177,non functional
71263,functional
34882,functional
43942,non functional
70362,functional
62102,non functional
1046,functional
11741,functional needs repair
6383,non functional
24984,non functional
14234,functional
39188,functional
17501,functional
5828,functional
26286,functional
60821,functional needs repair
43423,functional
37359,functional
24745,functional
37795,non functional
51307,functional
58920,non functional
19709,functional needs repair
58948,functional
56333,functional
16516,non functional
13468,functional
11845,functional
65338,non functional
33318,functional
46459,functional needs repair
38128,non functional
5909,non functional
53652,functional
48487,functional
41520,functional
4397,functional
58197,functional
63340,functional needs repair
8837,non functional
14362,functional
47487,non functional
70678,functional
2331,functional
51931,non functional
2617,functional
70743,non functional
40763,functional
37789,functional
19688,functional
65320,functional
44730,non functional
71540,functional
7363,functional
12996,non functional
7310,non functional
37871,functional
44116,functional needs repair
13898,non functional
62132,functional
73455,functional needs repair
12835,non functional
42120,non functional
45484,functional
39925,non functional
45675,non functional
30911,non functional
66373,functional
21121,functional
14914,functional needs repair
39596,functional
73847,functional
53611,functional
73891,non functional
449,functional
31875,non functional
63353,non functional
32230,non functional
47286,functional
54654,functional needs repair
46163,non functional
45110,non functional
68759,functional
37684,functional
26882,functional
11598,functional
37329,non functional
52294,functional
58932,functional needs repair
29928,non functional
30982,non functional
64619,functional
28499,non functional
2148,functional
54142,functional
25088,non functional
56076,functional
2040,functional
37549,functional
21086,non functional
20869,non functional
16411,non functional
62220,functional
62489,functional
31716,non functional
49894,non functional
47174,functional
3337,functional
6599,functional
45064,functional
5257,functional
27228,functional
24118,functional needs repair
44892,functional
17739,non functional
38381,functional
5416,non functional
70565,functional
10933,functional
32632,functional
19258,functional
64348,non functional
40569,functional
22988,functional
40021,functional
36680,non functional
45571,non functional
35447,non functional
44637,non functional
6175,functional
60083,functional
71191,functional
33508,non functional
27288,functional
17508,functional
21094,functional
60937,functional
3950,functional
32424,functional needs repair
34066,functional
31539,non functional
8955,functional
9139,non functional
50247,functional needs repair
45464,functional
47354,functional
69723,functional
31358,functional
5533,functional
56455,non functional
5212,functional
52877,functional
29924,non functional
44562,functional
72765,functional
34183,functional
24497,functional
34599,functional
31259,non functional
20415,functional
35454,functional
1575,functional
69712,functional
24787,non functional
21023,functional
65184,non functional
65766,non functional
7761,functional needs repair
37116,non functional
31797,functional
485,functional
47403,non functional
64898,non functional
37483,functional
17992,non functional
64331,non functional
44415,non functional
72093,functional
23852,functional needs repair
73104,functional
29661,non functional
52687,functional needs repair
42210,non functional
17187,functional
29534,non functional
72924,functional
5440,functional
12338,non functional
54912,functional
61307,functional
50699,non functional
1275,non functional
31589,functional
3005,non functional
29202,functional
51660,non functional
9669,functional
59348,functional
19351,functional
2737,non functional
59553,non functional
63222,functional
960,non functional
23397,functional
10773,functional
70908,functional
64201,non functional
37617,functional
7388,functional
69617,functional
61319,non functional
29374,functional
24789,functional
10993,non functional
20866,functional
41450,functional
7839,functional
69774,functional needs repair
19117,functional
5129,non functional
43828,functional
70084,functional
49014,non functional
31961,non functional
41903,non functional
34458,functional
58946,functional
9165,functional
8202,functional
21016,functional
48452,non functional
14915,non functional
63730,non functional
41526,functional
7950,functional
54537,functional
52195,functional needs repair
68323,functional needs repair
71440,non functional
20312,functional
63770,functional
2297,functional
5022,functional
55512,functional
19024,functional
11440,functional
62569,non functional
54998,non functional
57881,functional
11781,functional
25400,functional
30575,non functional
58565,functional
65227,functional
28477,non functional
49075,non functional
44,functional
30807,non functional
38871,non functional
44187,non functional
26119,functional
71120,functional
47570,functional
48097,functional
4557,non functional
55003,functional
17567,non functional
46664,non functional
64273,non functional
72169,non functional
10309,functional
70899,functional
48862,non functional
60663,functional
33501,functional
56325,functional
57848,functional needs repair
54154,functional
1425,functional
47787,functional
24632,functional
39157,functional
60426,non functional
39934,functional
2239,non functional
53770,functional
30229,functional
13874,functional
32337,non functional
52099,functional
718,functional
48357,functional
152,non functional
23895,functional
73540,functional
20711,non functional
10127,functional
7139,non functional
35244,non functional
28610,functional
68884,functional
39598,non functional
35226,functional
580,functional
55203,non functional
11012,functional
55733,non functional
50636,functional
53992,functional
64957,functional
13689,functional
28742,functional
31268,functional
58453,functional
53574,functional needs repair
21233,functional
68214,functional
62178,non functional
32445,functional
31431,functional needs repair
1592,non functional
66638,non functional
16574,functional
51592,functional
7270,non functional
52856,functional
62501,non functional
59789,non functional
72171,non functional
29406,functional
37957,functional
64365,non functional
57931,functional
55599,non functional
38470,functional
51345,functional
11967,functional
23533,non functional
58353,functional
11594,non functional
46351,functional
55240,functional
41689,non functional
19938,functional
73284,functional needs repair
18918,non functional
22434,non functional
30110,functional needs repair
42232,functional
61302,functional
25598,non functional
25146,functional
31326,functional
4465,non functional
43271,non functional
61295,functional
40991,functional
27037,functional
52804,functional
43389,non functional
16928,non functional
51966,functional needs repair
72828,functional
45593,non functional
39546,non functional
44468,functional
33353,non functional
50771,functional
32690,functional
59129,functional
31092,functional
23396,functional
53447,functional
58630,functional needs repair
63876,functional needs repair
28505,non functional
52103,non functional
4896,functional needs repair
42203,functional
59649,functional
31197,functional
13809,non functional
15089,non functional
45588,non functional
69111,functional
30910,non functional
4703,functional
12570,non functional
54204,functional
43018,functional
12586,non functional
62241,functional needs repair
30604,functional
23549,functional
32332,functional
59193,functional
52247,functional
22801,functional
56427,functional
32780,non functional
65450,non functional
67014,non functional
19306,non functional
14465,non functional
16481,functional
13615,functional
51582,functional
52340,functional
42945,non functional
15717,functional
42523,functional
4573,non functional
16007,functional
33330,functional
43348,non functional
62843,functional needs repair
73107,functional
36671,non functional
36874,functional
72099,non functional
70034,functional
11252,functional
65778,non functional
34391,functional
667,functional
62413,non functional
11123,non functional
43057,functional
49698,functional
42437,functional
24527,functional
21697,functional
299,non functional
16669,functional
43637,functional
40096,functional
6499,functional
8568,non functional
34011,functional
12751,functional
43333,non functional
56744,functional
18802,non functional
47245,non functional
28026,non functional
7661,functional
14350,non functional
46829,functional
31458,functional
23357,functional
51903,functional
10759,non functional
30957,functional
23316,non functional
70364,functional
41432,non functional
44604,functional
43597,non functional
19353,functional
13078,non functional
53056,functional
1045,non functional
57314,functional
54018,functional
16014,non functional
20747,functional
33779,functional
17479,functional
42986,functional
29290,non functional
44959,functional
65865,functional
1110,functional
16779,functional
31839,non functional
46247,functional
25528,non functional
42849,non functional
8934,functional
36597,non functional
29096,non functional
53744,non functional
5617,functional
33363,non functional
38896,functional
67388,non functional
55080,functional
2372,functional
69945,functional
17164,functional needs repair
14524,functional
40177,non functional
60061,functional
19385,non functional
60156,non functional
49836,non functional
41033,functional
12371,functional
8779,non functional
22668,functional needs repair
17057,non functional
59044,non functional
33620,functional
8424,functional
35029,functional
1237,functional
25190,functional
59494,functional
68854,non functional
56428,functional
72065,functional
15672,functional needs repair
38022,non functional
7968,non functional
73813,non functional
40925,functional
64893,functional
72061,non functional
52990,functional
7307,functional
29186,functional
30571,non functional
46057,functional
55069,non functional
42462,non functional
67364,functional
25768,non functional
45097,functional
20056,functional
33020,non functional
68161,functional needs repair
38815,non functional
20562,functional
43448,non functional
70402,functional
44455,non functional
73041,functional
9952,non functional
62711,functional
44378,functional
5352,functional
10928,functional
72234,functional
68048,functional
9672,functional needs repair
55365,non functional
48496,non functional
65400,functional
28839,functional
22281,functional
10316,functional
65557,functional
37716,functional needs repair
61490,functional needs repair
25856,functional needs repair
32904,non functional
53182,functional
27195,functional
30435,functional
33125,non functional
28652,non functional
40040,functional
50384,functional
1473,functional
24494,functional
23547,functional
633,non functional
62882,non functional
60949,functional
40128,functional
72781,non functional
7079,functional
58712,non functional
70431,functional
22808,non functional
35645,functional
49823,non functional
53793,functional needs repair
28001,functional
19603,functional
38986,non functional
1147,non functional
35525,non functional
55233,non functional
59564,non functional
51361,functional
71060,non functional
22289,functional
43578,non functional
14610,functional
52733,functional
24618,non functional
28722,functional
33619,non functional
14681,functional
50628,functional
22126,functional
38712,functional
74203,functional
16565,non functional
40054,functional needs repair
10958,functional
20148,non functional
60439,non functional
31884,non functional
32607,functional
8220,functional
54544,non functional
10043,non functional
66539,functional needs repair
56553,functional
25689,non functional
17092,functional
8148,non functional
71707,functional
22488,functional
32526,non functional
5465,functional
24355,functional
53578,functional
60101,functional
3,functional
49923,non functional
33010,functional
4273,functional
46696,functional
22589,functional needs repair
71294,functional
10553,functional
51141,functional
63984,functional
63212,functional
27994,non functional
7733,functional needs repair
57233,non functional
3515,functional
52683,non functional
54794,functional
15877,functional needs repair
63688,non functional
67520,functional
66711,functional
3208,functional
26847,non functional
8507,non functional
29338,functional
5189,functional
56442,functional
44697,functional
45869,functional
38666,functional
47029,non functional
425,non functional
52278,functional
55018,non functional
18658,functional
50204,functional
12047,functional needs repair
19276,functional
34071,functional
12547,functional
59982,functional
32901,functional
21794,functional
47109,functional
46520,functional
28958,functional
25384,non functional
56173,functional
872,functional needs repair
9267,functional
2967,non functional
20162,functional
32116,non functional
57320,functional needs repair
53441,non functional
4320,functional
51865,functional
10340,non functional
7129,non functional
20243,non functional
28463,functional
18697,non functional
39843,non functional
5158,functional
54888,functional needs repair
39162,non functional
62443,functional
61263,non functional
27442,functional needs repair
41066,non functional
26918,functional
59745,functional
15623,non functional
35415,non functional
25029,functional
18865,functional
7273,functional
175,functional
46973,non functional
16544,non functional
52760,functional
70345,non functional
31239,functional needs repair
34386,functional
27282,functional
15510,functional
1726,non functional
3487,functional
14655,functional
12522,non functional
33453,functional
2850,functional
42189,non functional
69133,functional
26697,non functional
11706,functional
20715,functional
67314,functional
21437,functional
19069,functional
48123,functional needs repair
46525,functional
32601,functional
62687,non functional
48959,functional
24386,functional
15053,functional
32408,non functional
30256,functional
42542,functional
33938,non functional
68813,functional
24490,non functional
65550,functional
9461,non functional
71339,functional
69092,functional
66106,functional
5637,functional
10939,functional
7577,non functional
4399,functional
13473,functional
21416,non functional
53883,functional
72610,functional
24321,non functional
72482,functional
27666,functional
23559,functional
34831,functional needs repair
58420,non functional
66766,functional
18919,non functional
32932,functional
47125,functional
27675,non functional
29560,functional
64581,functional
24048,functional
2558,functional
46375,functional
55473,non functional
40252,non functional
11279,functional
34354,functional
21500,non functional
38023,functional
18962,non functional
26000,non functional
21216,non functional
38540,non functional
39822,functional needs repair
23042,functional
33437,non functional
54317,non functional
1785,functional
55949,non functional
59262,functional
8422,non functional
40489,functional
24810,functional
70440,non functional
29144,functional
22812,functional
51705,functional
21434,functional
36842,functional
68021,functional
51495,functional needs repair
34715,non functional
59593,functional
30648,non functional
40476,non functional
65827,functional
48395,non functional
38228,functional
64185,non functional
1405,functional
15629,functional
36080,functional
66836,functional
35090,functional
69453,functional
8985,functional
58213,functional needs repair
37889,functional
45368,functional
169,functional
65464,functional
58242,non functional
23786,functional
67821,functional
22328,functional
18153,functional
7991,non functional
69060,functional
51891,non functional
48788,non functional
35233,functional
32293,functional
60528,functional
39454,functional
14265,functional
1937,non functional
71927,non functional
49220,functional
9860,functional
38107,functional
9446,non functional
25758,functional
33159,non functional
12043,non functional
49239,functional
6664,non functional
28070,functional
7403,functional
2213,functional
67392,functional
16171,functional
53725,non functional
14972,non functional
42773,functional
7727,non functional
37306,functional
31677,functional
72088,non functional
57650,non functional
11629,functional
65269,functional
56992,non functional
54739,functional
4752,functional
65896,functional
37048,functional needs repair
68504,functional
29375,non functional
36295,functional
54812,non functional
43877,functional
58929,functional
17593,non functional
48687,functional
48821,non functional
61613,non functional
71194,non functional
72231,non functional
46733,functional
40937,functional
30643,functional
35957,non functional
24644,functional
45219,functional
58064,functional
61321,non functional
19374,non functional
36445,functional needs repair
64838,functional
30348,functional needs repair
64879,functional
67312,non functional
9046,functional
69720,non functional
56111,non functional
3937,functional
44520,functional
45995,functional
30830,non functional
18205,non functional
9428,functional
43973,functional
72696,non functional
63866,functional
22935,functional
58325,non functional
19862,functional
40246,functional
47669,functional
20996,functional
60632,non functional
31010,non functional
59027,non functional
69524,functional
66765,non functional
51179,non functional
31923,functional
26322,functional
307,non functional
7834,non functional
14886,non functional
44740,functional
55763,functional needs repair
45922,non functional
47635,functional
55153,non functional
46662,functional
6836,functional needs repair
51354,functional
29333,non functional
38768,non functional
13921,functional
67650,functional needs repair
12577,non functional
42374,functional
5680,functional
55574,non functional
17570,functional
15689,non functional
21403,functional
60706,non functional
68391,functional
44688,functional
18950,non functional
14233,non functional
41695,functional
13188,functional
72259,functional
57270,functional
23622,functional
20561,functional
73551,functional
60014,functional
42559,functional
46009,non functional
72988,non functional
56947,non functional
14578,functional
35419,functional
10528,non functional
31822,functional
41237,functional
5234,non functional
11281,functional
48269,non functional
1541,functional
49612,non functional
49954,non functional
3945,non functional
70500,functional
1377,functional needs repair
15569,functional
62301,functional
49769,functional
72892,non functional
11432,functional
36395,functional needs repair
40211,functional
53228,functional
4473,functional
16231,non functional
18020,functional
60237,functional
43148,functional
43905,functional
63317,functional
2193,non functional
66164,non functional
70933,non functional
53618,functional needs repair
67900,non functional
3736,non functional
44572,non functional
54624,functional
16715,functional
59004,non functional
24783,non functional
605,functional
57365,non functional
60108,non functional
45798,functional
4105,non functional
9266,functional
54886,functional
61410,functional
34612,functional
18407,functional
57537,functional
14942,non functional
65126,functional
16783,functional
74062,functional
55967,non functional
22818,functional
7069,non functional
7910,functional needs repair
46870,functional
903,non functional
65303,functional
4331,functional
6093,non functional
45983,functional
14819,non functional
64156,functional
54710,non functional
934,functional
2466,non functional
71512,functional
66366,non functional
41794,non functional
7740,functional
23431,non functional
56297,functional
55797,functional
62533,non functional
43317,non functional
32800,non functional
65955,non functional
23775,non functional
369,functional
46175,functional
57468,non functional
14251,functional
62052,functional
43287,non functional
36818,non functional
27637,functional
65922,non functional
26811,non functional
18512,functional
38258,functional
55294,functional
2117,non functional
11634,non functional
18598,functional
16296,functional
57617,non functional
15139,non functional
40562,functional
37533,functional
67745,functional
35361,functional
9779,functional
50815,non functional
68175,non functional
35320,functional
44725,functional
3823,functional
59802,functional
53407,non functional
70794,non functional
49638,non functional
31660,functional
69816,non functional
46569,non functional
13637,non functional
71983,non functional
9699,functional
68447,functional
42737,functional needs repair
61541,functional
31277,functional
37353,functional
65508,functional
32277,functional
32434,functional
48935,functional
38323,functional needs repair
14929,functional
16310,non functional
11089,functional needs repair
39683,non functional
46872,functional
1187,functional
56842,non functional
65428,functional
47822,functional
69813,non functional
9068,functional
34746,functional
27168,non functional
41339,functional
39018,functional
20230,functional
58814,non functional
22202,non functional
57973,functional
15383,functional needs repair
54495,non functional
10030,functional
72916,non functional
69966,functional
56758,functional
52603,functional
9434,functional
41180,functional
61310,functional
68690,non functional
38394,functional
51964,non functional
3759,non functional
29470,functional
49026,functional
26529,functional
64369,functional
68572,functional needs repair
70984,non functional
10424,functional needs repair
40631,functional
1451,non functional
17008,non functional
33514,non functional
45757,non functional
47904,functional
27828,non functional
51210,functional
19305,non functional
52908,functional
51115,non functional
71015,non functional
62757,functional
72644,functional
72737,functional
3111,functional
4742,functional
71616,non functional
36934,functional needs repair
37715,functional
70765,functional
19302,functional
5540,non functional
15097,non functional
58793,non functional
33888,functional
67126,functional
45298,functional
65136,functional
22300,functional needs repair
27175,non functional
10719,functional
8505,functional
32088,non functional
24393,functional
40245,non functional
27199,functional
2485,functional needs repair
66241,functional
25582,non functional
29573,functional needs repair
65137,functional needs repair
25044,functional
1167,functional needs repair
68075,functional
64944,non functional
72881,functional
15868,non functional
22769,functional
58022,non functional
27817,functional
62877,non functional
71953,non functional
61517,non functional
24017,functional
64099,non functional
17877,functional
8350,functional
27643,functional
45610,non functional
16459,functional
73445,functional
41498,functional
22506,non functional
72129,non functional
1369,non functional
5739,functional
45112,functional
37158,functional
12663,non functional
61189,functional
8494,functional
39385,non functional
5273,non functional
59376,non functional
31554,functional
43967,functional
63558,non functional
73202,non functional
39556,functional
16868,functional
48352,functional
21573,non functional
9317,non functional
71635,non functional
36381,functional
62016,non functional
23003,functional
44940,functional
41836,non functional
68512,functional
3992,functional
72629,functional
38820,non functional
65435,functional
68093,non functional
13123,functional
13825,non functional
42539,functional
6893,functional
43538,non functional
46327,non functional
63398,functional
52784,functional
32917,functional
52904,functional
18250,non functional
44575,functional
50917,non functional
43751,functional
62867,non functional
6378,functional
73851,functional
36862,functional
19154,functional
18860,functional
7219,functional
60518,non functional
21509,non functional
24335,non functional
58578,functional
37097,non functional
14907,functional
63953,non functional
13098,non functional
65258,functional
14178,functional
3755,functional
33800,functional
50569,functional needs repair
64134,functional needs repair
52897,functional
26171,functional
34447,non functional
3189,non functional
35358,non functional
59838,functional
9228,functional
39181,functional
44195,non functional
33258,functional
66222,functional
43848,non functional
46742,non functional
12314,functional
70671,functional needs repair
23508,non functional
64960,functional
70230,non functional
13055,functional needs repair
15630,non functional
47123,non functional
41891,functional
10464,functional
22458,non functional
8363,non functional
54156,functional needs repair
27703,non functional
68617,non functional
71880,functional
38578,functional
62140,functional
69220,non functional
36931,functional
7368,functional
52026,non functional
22266,functional
37545,non functional
30216,non functional
8262,functional
70058,functional
61276,functional
11449,functional
17033,non functional
52213,non functional
63809,functional
38267,functional needs repair
12681,functional
60566,functional
46791,non functional
31652,non functional
68941,functional
59558,non functional
72290,non functional
51438,functional
37084,functional needs repair
11733,functional
65580,functional
7094,functional
24916,functional
71445,non functional
24776,functional needs repair
17835,functional
33879,non functional
48266,functional
41439,functional
30040,non functional
48874,functional
45215,functional
62353,non functional
56519,functional
50230,non functional
60338,functional
17731,non functional
65952,functional
58279,functional
57683,functional
4516,functional
52380,functional
30746,functional
34370,functional
64088,functional needs repair
4851,functional
70139,non functional
4596,functional
56536,functional
12661,functional
14294,functional
36641,functional needs repair
41874,non functional
1040,non functional
9811,non functional
3632,functional
63713,functional
67127,functional
1549,non functional
38086,functional
34918,non functional
56649,non functional
68658,functional
36864,functional
68136,non functional
61166,functional
70761,non functional
6267,functional
52502,functional
906,non functional
41236,non functional
67039,functional
16596,functional needs repair
29914,functional
65621,non functional
41152,non functional
31572,functional
18366,functional
3135,non functional
3502,non functional
5524,functional
25701,functional
2348,non functional
46675,non functional
41129,functional needs repair
26731,functional
59312,functional
21564,functional
19043,non functional
23830,functional
55482,functional
2902,non functional
53866,non functional
63780,functional
61912,functional
45279,functional
20589,non functional
53417,functional
74048,functional
34037,non functional
13297,functional
53914,non functional
3479,non functional
68477,functional
67405,non functional
57597,functional
46848,non functional
55641,non functional
10102,functional
66842,non functional
21494,non functional
10637,functional needs repair
29384,non functional
40276,functional
49903,non functional
64691,non functional
14349,functional
54793,functional
67515,functional
3211,non functional
23236,non functional
29675,functional
55104,functional
20932,non functional
59536,functional
62964,functional
26382,functional needs repair
60102,non functional
43048,functional
38275,functional
17858,functional
51732,non functional
36740,functional needs repair
30005,functional
48785,functional
62958,functional
23584,non functional
35543,functional
64362,non functional
38804,functional
38443,non functional
33518,non functional
32956,functional
57261,functional
43951,functional
25991,functional
63588,non functional
54870,non functional
64385,functional
69240,functional
68137,functional
16058,functional
30907,functional
68326,functional
71133,functional
21311,non functional
44226,non functional
62600,non functional
55520,non functional
13181,functional needs repair
16893,functional
15616,non functional
73955,functional
48410,functional
37421,functional
43489,functional
20839,functional
68464,non functional
68055,functional needs repair
16447,functional
39678,functional needs repair
23183,non functional
35252,functional
22170,functional
2535,functional needs repair
57073,functional
36538,non functional
5446,non functional
594,non functional
70634,functional
1689,functional
27966,non functional
54336,functional
62084,non functional
63826,functional
15093,functional
47894,functional
36726,non functional
45485,functional
20502,functional
67330,non functional
22479,functional
5496,non functional
11679,functional
9957,functional
45205,functional
36540,functional
32724,non functional
33348,functional needs repair
62389,non functional
57159,functional
17588,non functional
72707,functional
11298,functional
11401,functional
20538,functional
8677,functional needs repair
5272,non functional
10676,non functional
20052,non functional
9297,functional
53273,functional
53134,functional
43552,functional
4410,functional
33081,non functional
57862,functional
29221,functional
45986,functional
59831,non functional
70672,non functional
37995,functional
20520,functional
60698,functional needs repair
67370,functional needs repair
64015,functional
8591,functional
55638,functional
60093,functional
52526,functional
4204,functional
614,non functional
54101,functional
28206,functional
37773,functional needs repair
51933,functional
51067,functional
52238,functional
24919,functional
41271,functional
46210,non functional
15668,functional
60032,non functional
73215,functional
28156,non functional
53947,functional
71959,non functional
51631,functional
5002,functional
53409,functional
56930,functional
53840,functional
413,functional needs repair
10805,functional
64692,non functional
71917,functional
4898,functional
9106,functional needs repair
9799,functional
14584,non functional
14117,functional
39528,functional
34872,functional
36626,functional
24408,functional
15472,functional
67782,functional
71951,functional
62496,functional
24713,functional
53359,non functional
34933,functional
60938,non functional
9896,functional
52841,functional
43419,functional
13009,functional
37179,functional
10653,functional
45397,non functional
3370,non functional
21339,functional
47677,functional
51083,functional
19447,non functional
28422,functional
33632,functional
48302,non functional
43879,functional needs repair
70706,non functional
28312,functional needs repair
48303,non functional
65065,non functional
1559,functional
52637,non functional
50880,functional
62476,functional
19289,non functional
57335,functional
13202,non functional
12235,non functional
18516,functional
73456,functional
30644,functional
68172,functional
62034,functional
64085,non functional
65904,functional
6762,non functional
10416,functional
9965,functional
71533,functional
65471,functional
92,non functional
62201,functional needs repair
48038,non functional
7943,functional
23979,functional
7609,functional
29233,functional
27032,functional
5973,functional
48507,functional
3743,non functional
2075,functional
56183,functional
16339,functional
39093,functional
57566,functional
63245,non functional
70895,non functional
5754,non functional
34006,functional
20836,non functional
7281,non functional
15499,non functional
31100,functional
35865,non functional
29543,functional
50352,functional
19016,non functional
41916,functional
67282,non functional
56260,functional
53058,functional
68369,non functional
60428,non functional
28984,functional needs repair
22721,functional
16942,non functional
30985,non functional
31933,functional
62832,non functional
56202,functional
56294,non functional
6198,functional
10521,non functional
51227,non functional
71057,non functional
33194,functional
41543,functional
49449,functional
66827,functional
33570,functional
30963,functional
370,functional
4665,functional
9751,functional needs repair
1276,functional
15937,non functional
23733,functional
65610,functional
54017,functional
35775,functional
63571,functional
13757,non functional
57288,non functional
50082,functional
49456,functional
13886,non functional
2594,non functional
24336,non functional
32492,functional
64145,non functional
12484,functional
51804,functional needs repair
49815,functional
70284,functional
18211,non functional
73953,non functional
32140,functional
1306,non functional
34258,functional
23164,functional
32817,functional
7666,functional
54536,functional
27120,non functional
73174,functional
73717,non functional
34427,non functional
50191,non functional
18493,functional
8523,functional
35915,functional
18948,functional
31340,functional needs repair
14301,functional
44803,functional
10922,non functional
62485,non functional
7127,non functional
61314,non functional
15932,functional needs repair
70550,non functional
30035,non functional
48755,non functional
8765,functional
58904,non functional
62274,functional
10344,functional
22891,non functional
23459,non functional
37877,non functional
9454,functional
16850,functional
51997,non functional
22666,non functional
28484,functional
64112,non functional
2240,functional
4466,non functional
13065,functional needs repair
12800,functional
33478,functional
57738,functional needs repair
11082,functional
27896,non functional
48922,functional needs repair
25557,functional
30770,functional
25174,functional
10142,functional
39084,functional
12310,non functional
23077,non functional
8535,non functional
34335,non functional
69638,functional
63422,non functional
71911,functional
10701,functional
46898,non functional
7552,non functional
44131,non functional
23688,non functional
49041,functional
1590,functional
13152,functional
72336,non functional
56802,functional needs repair
7416,functional
28820,functional
40328,functional needs repair
2169,non functional
44851,non functional
31291,functional
6427,non functional
15120,non functional
58757,non functional
4938,functional
52672,functional
49488,functional needs repair
42954,functional
24306,functional
38867,non functional
595,functional needs repair
53048,non functional
25713,functional
38587,functional
41095,non functional
38090,functional
66205,non functional
43359,non functional
238,functional
14033,non functional
53197,non functional
51246,functional
59998,functional
306,non functional
38129,functional needs repair
23045,functional
65681,non functional
14494,non functional
17844,functional
42353,functional
52014,functional
31451,non functional
23571,functional needs repair
49665,functional
6029,functional
55595,functional
54280,functional
19307,functional
34869,functional
8725,functional
40524,functional
73190,non functional
8174,functional needs repair
26659,functional
6651,functional
27303,functional
25616,functional
37121,functional
56578,non functional
24723,non functional
9803,functional
13790,non functional
59580,non functional
38612,non functional
51577,functional
20493,non functional
63156,functional needs repair
46560,non functional
59552,functional
4032,functional
33605,functional
60432,functional
73306,functional
14870,functional
67248,functional needs repair
27585,non functional
9368,functional
2288,non functional
33582,functional
54343,functional
2050,functional
7543,functional
29953,functional
18195,functional
18015,functional
57487,functional
781,non functional
107,functional
1438,non functional
66809,non functional
62442,functional
33852,functional
44094,non functional
35121,functional
65392,functional
53911,functional needs repair
3535,functional needs repair
51545,non functional
5556,functional
50977,functional
74008,functional
39907,non functional
41605,non functional
55519,functional
55937,functional needs repair
22885,functional
71085,functional
52620,non functional
69621,functional
72956,functional
25828,functional
21836,functional
42317,non functional
64183,functional
21638,functional
33698,functional
28046,non functional
1529,functional
36810,functional
12829,functional needs repair
12300,non functional
46894,non functional
57448,functional
33571,functional
31993,functional
58347,functional
4527,non functional
2123,functional
54396,functional
51636,functional
57517,functional
6464,functional
65647,functional
23212,non functional
67689,functional
8877,non functional
19265,non functional
4714,functional
7387,functional needs repair
71602,functional
37531,functional needs repair
60946,functional
60621,functional
61991,functional
56752,functional
46196,non functional
54771,non functional
3412,non functional
48247,functional
45328,functional
19538,non functional
72588,functional
31741,non functional
39576,non functional
65783,functional
6315,functional
7090,functional
39886,non functional
26703,non functional
14993,functional needs repair
51061,functional
26033,non functional
30685,non functional
24262,functional
40468,functional
22726,functional
6457,functional
37882,non functional
70240,non functional
42759,non functional
46038,non functional
29650,functional
14309,non functional
67564,functional
12981,non functional
38294,functional
14526,non functional
22012,functional
52942,functional
6800,functional
26723,non functional
14062,functional needs repair
50251,functional
12135,functional
49534,non functional
73014,functional
51896,non functional
45468,functional
3231,non functional
59986,non functional
29420,functional
18232,functional needs repair
16201,functional
7864,non functional
20333,non functional
31535,non functional
14949,non functional
10280,non functional
49996,non functional
47295,non functional
17817,non functional
52172,functional
56970,functional
66019,functional
68019,functional needs repair
31851,non functional
22823,functional
16953,non functional
48171,functional
43509,functional
45851,functional
24557,functional
19285,non functional
67580,functional
54601,functional
59675,functional
54452,non functional
53303,non functional
64426,functional
32813,non functional
44667,non functional
48652,functional
45583,functional
70523,non functional
65813,functional
33433,functional
52808,non functional
60323,functional
31556,non functional
72525,functional
8358,functional
20413,non functional
11254,non functional
66901,functional
60429,non functional
8600,functional
23390,non functional
16729,functional
63944,non functional
66486,functional needs repair
65756,non functional
59734,functional
4748,functional
2454,functional
70029,non functional
71167,functional
69615,functional
28707,functional needs repair
30524,non functional
41214,functional
45282,non functional
38040,functional
38912,non functional
58396,non functional
60884,functional
73272,functional
65066,functional
59819,functional
63029,functional
18519,functional
47083,functional
57158,non functional
28024,non functional
21897,functional
237,functional needs repair
25935,functional
48334,non functional
352,functional
41084,functional
22664,non functional
66220,functional
13085,functional
35335,functional
19534,non functional
41471,non functional
38639,non functional
30672,functional
32275,functional
71650,functional
19084,non functional
45336,non functional
3100,functional
30044,functional
67930,functional
23842,non functional
27132,functional
28430,functional
66692,functional
49970,functional
49156,functional
64243,functional
55548,functional
46772,functional
25227,functional
57832,functional
64664,functional
40456,non functional
48126,functional
45912,non functional
29203,functional
8394,functional needs repair
67612,non functional
17043,non functional
65203,functional
12846,non functional
33469,non functional
4759,non functional
44225,functional
41616,functional
42725,non functional
49715,functional
40410,functional
4710,functional
62979,non functional
29597,functional
62323,non functional
34487,non functional
57196,functional
10732,non functional
36843,functional
45703,non functional
6873,functional
7350,non functional
28995,non functional
47850,functional needs repair
33907,non functional
46309,functional
28089,non functional
28761,functional
68634,functional
62630,functional
13823,functional needs repair
14210,non functional
3738,non functional
40010,non functional
23727,functional needs repair
22732,non functional
72393,non functional
44430,functional
65363,functional
2833,functional
5449,functional
19017,functional
11030,functional
20356,functional
65770,functional needs repair
27863,functional
71174,non functional
30976,functional needs repair
5402,functional
21253,functional
43588,non functional
11885,non functional
47979,functional
64695,functional
64907,non functional
26320,functional needs repair
43677,non functional
21997,functional needs repair
43601,functional
58365,functional needs repair
33597,non functional
21056,functional
69305,non functional
16449,functional
2424,functional
50959,non functional
65493,functional
20232,functional
24725,functional
19164,functional
30539,functional
47977,functional
43111,functional
37637,functional
66912,non functional
64708,functional
39449,non functional
35866,functional
65059,functional
60027,functional
11809,functional
24189,functional
64142,functional
42700,non functional
11426,functional
33569,functional
8506,functional needs repair
52232,non functional
982,functional
37799,non functional
35678,functional
3538,non functional
13945,functional
21650,functional
9169,non functional
55405,functional needs repair
70502,functional
27455,non functional
10730,functional
72424,functional
22887,non functional
24233,non functional
13568,functional
4497,functional
66100,non functional
23206,functional
62428,functional
70920,non functional
17450,functional needs repair
67484,functional
15695,functional
41663,functional
36848,functional
31585,non functional
18676,functional
5307,functional
31115,non functional
16048,non functional
22803,non functional
35728,functional
70501,functional
43095,functional
64170,functional
25240,functional
16114,functional
63258,functional
10612,non functional
49150,functional
745,functional
20778,functional
64546,non functional
71894,non functional
44589,functional
62312,non functional
8225,functional
23943,non functional
24308,functional
22784,non functional
51159,non functional
20751,functional
31213,functional needs repair
33246,non functional
42860,functional
332,non functional
50309,functional
33026,functional
64857,non functional
65250,non functional
35800,functional
55821,non functional
59438,functional
9573,functional
68928,functional
59910,non functional
65455,functional needs repair
24171,functional
53238,non functional
1418,functional
64737,functional
20469,functional
69594,functional
11849,functional
24737,functional
15795,non functional
25382,functional
20338,functional
49082,functional
6308,non functional
3826,non functional
66617,non functional
7567,non functional
22931,functional needs repair
8237,non functional
33559,functional
68381,functional
8469,functional
15516,functional
15521,functional
25348,non functional
55126,functional
65067,non functional
66796,functional
9900,functional
8942,functional
29468,functional
48017,functional
50751,functional
53089,non functional
38961,functional
823,functional
31301,functional
249,functional
60876,functional
59611,functional
13330,functional
52770,non functional
7681,non functional
26157,functional
9723,non functional
17675,functional needs repair
62826,functional
48666,functional
36470,functional
32531,functional needs repair
46282,non functional
29836,non functional
56424,functional
59751,functional
1385,non functional
44013,non functional
59211,functional
69083,functional
31520,functional
37839,functional
17214,non functional
12908,non functional
65733,functional
69999,functional
68804,functional
12888,non functional
72739,functional
36091,functional
16361,functional
24015,non functional
8441,non functional
23116,functional
49936,functional
52444,functional
36630,non functional
45866,functional
21106,non functional
1553,functional
41343,non functional
42724,functional
67102,functional
46940,functional
33626,functional
31798,functional
60438,functional
8454,functional
46081,functional
65150,non functional
27136,non functional
62849,functional
72692,functional
40726,non functional
35833,functional
39924,functional
16918,non functional
26415,functional
9079,functional needs repair
35407,non functional
26663,non functional
31776,functional
3275,non functional
4517,functional
38627,non functional
39479,functional
70698,functional
48468,non functional
38949,non functional
1669,non functional
19830,functional
44776,functional
60725,functional
57718,non functional
62585,non functional
24903,functional
530,non functional
35036,functional
46259,non functional
18160,functional
72196,non functional
70144,functional
71154,functional
33382,non functional
47316,non functional
73975,functional
15064,non functional
48442,functional
11988,functional
67982,functional
27408,functional
16203,non functional
25080,functional needs repair
64381,functional
42702,functional
43478,non functional
62381,functional
37207,functional
31256,functional
19298,functional
13912,non functional
48779,functional needs repair
54961,functional needs repair
64995,non functional
19499,non functional
18310,non functional
21396,functional
25541,functional needs repair
66284,functional
54132,functional
14456,non functional
38133,functional
23661,functional
41658,functional
36024,functional
63742,non functional
15580,functional
22841,non functional
31680,non functional
59049,non functional
58784,non functional
70872,functional
38490,non functional
58668,functional
59109,functional
46845,non functional
13115,functional
15690,functional
48609,functional
37988,functional
41499,non functional
67427,functional needs repair
54719,functional needs repair
68912,non functional
28592,non functional
10251,non functional
10768,functional
52096,non functional
15663,non functional
61202,functional
31441,functional
54411,functional
33792,functional
16479,functional needs repair
69598,functional
33648,non functional
71214,functional
8909,functional needs repair
37699,non functional
796,functional
73480,functional
56850,functional
37221,non functional
58379,non functional
70055,non functional
23302,functional
3508,functional needs repair
15468,non functional
65822,functional needs repair
4000,functional needs repair
47003,non functional
10107,functional
22861,non functional
6224,non functional
39879,functional
58339,functional
2044,non functional
7245,functional
33180,non functional
59088,non functional
48995,functional
30621,functional needs repair
60147,functional
49450,non functional
15172,functional
52391,non functional
64340,functional needs repair
7469,functional
738,functional
7613,functional
20601,functional
9137,functional
59681,functional
13868,functional
63000,functional
4916,functional
39523,functional
7814,functional
36532,functional
31726,non functional
68036,functional
18925,non functional
19312,functional
15592,functional
5343,functional
27866,functional
47504,non functional
22156,functional
15526,non functional
45699,functional
64454,functional
25334,functional needs repair
10956,functional
72893,non functional
68154,functional
49552,functional needs repair
38032,functional
13592,functional
72187,functional
9518,functional
45477,functional
64098,non functional
51548,functional
34816,non functional
22968,non functional
40107,functional
47516,non functional
43706,non functional
9480,non functional
31276,functional
50491,non functional
63508,non functional
16611,functional
40688,functional
27680,functional
26648,non functional
68200,non functional
47460,functional
73733,non functional
49044,functional
70793,functional
67432,functional
10204,non functional
71501,functional
57106,functional needs repair
22042,functional
17726,non functional
60258,functional
59755,functional
17326,non functional
58029,functional
46624,non functional
28106,functional
56527,non functional
48342,functional
32104,functional
52405,non functional
5507,non functional
68827,functional
72004,functional
65219,functional
13174,functional
49354,functional needs repair
29775,functional
25626,non functional
8021,functional needs repair
29931,functional needs repair
20906,functional
21957,functional
25878,functional
17890,non functional
6196,functional
69200,non functional
23144,functional
51944,functional
48015,functional
26896,non functional
8353,functional
26807,functional needs repair
9440,functional
46651,functional
43672,functional
31172,non functional
24942,functional
56552,functional
27343,non functional
64249,functional
51168,functional
53283,functional
3929,functional
54604,non functional
4123,functional
45634,non functional
49728,functional
67921,non functional
21448,non functional
29930,functional
35919,functional
16927,non functional
47880,functional
23932,functional
16491,non functional
56351,functional
23004,functional
2879,functional
7842,non functional
34994,non functional
33910,non functional
22889,non functional
37111,functional
4653,functional
16128,non functional
57914,functional
2088,functional
32280,non functional
9577,functional
4565,functional
28878,functional
27764,functional
12154,non functional
65628,non functional
4050,functional
12398,functional
29395,functional needs repair
54798,functional
68484,non functional
7047,functional needs repair
65544,functional
69308,functional needs repair
61619,functional
25496,functional
34828,non functional
39144,functional needs repair
42032,non functional
52638,non functional
3599,functional
57221,functional
38039,functional
73999,functional
41186,functional
63177,non functional
44820,non functional
48603,functional
73207,functional
28858,functional
48704,functional
23523,non functional
10047,non functional
4412,non functional
46018,functional
39840,non functional
3598,functional
27917,non functional
32720,functional
19314,functional
40611,non functional
54275,non functional
58919,non functional
3596,non functional
35389,functional
33509,non functional
12637,functional
19152,functional
19989,functional
71203,non functional
24281,non functional
26315,non functional
37164,non functional
23629,functional
8034,functional
50905,functional
29130,functional needs repair
41690,functional
56385,functional
49546,non functional
43131,functional
30915,functional needs repair
52087,functional
69065,functional
44555,functional
54321,functional
22243,functional
71267,non functional
52923,functional
29239,non functional
64548,functional
57888,functional
73817,functional
19706,functional needs repair
59108,non functional
5248,non functional
59261,non functional
15230,non functional
34638,non functional
65724,functional needs repair
20053,non functional
66717,functional needs repair
73428,functional
38652,functional
62345,functional
15934,functional
8792,functional needs repair
13731,functional
18558,functional
56250,non functional
39426,functional
15728,non functional
66247,functional
34022,functional needs repair
51257,non functional
37741,functional
68363,functional
6601,functional
33222,functional
34496,functional
40699,functional
39932,functional
5782,functional
57722,non functional
72351,functional
4197,non functional
15308,functional
9972,functional
67073,functional
46093,non functional
26951,non functional
24006,functional
69079,functional needs repair
1744,functional
40285,functional
33730,functional
41422,non functional
2026,functional
35385,functional
15808,functional
63985,functional
45338,functional
62145,non functional
32939,functional
44638,functional
65256,non functional
22306,non functional
4522,non functional
37787,non functional
68080,functional
5761,functional
56041,functional
264,non functional
52323,non functional
51104,functional
39685,functional
34261,functional
15609,functional
14805,functional
31966,functional
22383,non functional
57631,functional
21443,functional needs repair
51367,functional
51160,functional
66720,functional
7550,functional
51813,non functional
48340,functional needs repair
34839,non functional
1622,non functional
20783,functional
45907,functional needs repair
32621,non functional
22417,functional needs repair
13386,functional
39282,functional
43632,non functional
52748,non functional
39818,non functional
38206,functional
3146,functional
7304,functional needs repair
62596,functional
61974,non functional
13509,functional
36472,functional needs repair
64412,non functional
72277,functional
35020,functional
5737,non functional
47907,functional
60774,non functional
66751,functional
61020,non functional
13919,functional
65077,non functional
53955,non functional
2909,functional
71363,non functional
6095,functional
37474,functional
57871,non functional
43306,functional
29679,functional
21532,functional
26913,functional
31500,non functional
4075,functional
45894,non functional
66851,functional
45775,non functional
52297,functional
31427,non functional
19986,functional
8753,functional
16408,non functional
21695,non functional
17556,non functional
57695,functional
35879,functional
42925,functional
19510,non functional
40978,non functional
69210,functional
6554,functional
7986,non functional
32377,non functional
20213,functional needs repair
36715,non functional
66138,non functional
7597,functional
15219,functional
33562,functional
73384,non functional
29272,functional
67984,non functional
17802,functional
49830,functional
26999,functional
71327,non functional
4215,non functional
6974,non functional
37254,non functional
11405,functional
11343,non functional
58663,functional
22051,non functional
29911,non functional
13400,functional
14469,functional
14921,functional needs repair
42435,functional
46706,functional
5854,functional
31683,non functional
19467,non functional
21367,non functional
8574,functional
7907,functional
42765,non functional
63441,non functional
3001,functional
35745,non functional
30578,functional
45501,non functional
30905,non functional
24817,functional needs repair
49017,functional
59646,functional needs repair
59175,functional
63284,non functional
20694,functional needs repair
35653,non functional
16578,functional
67108,functional
749,functional
69416,functional
30132,functional needs repair
42875,functional
43629,functional
60756,non functional
47171,non functional
16824,non functional
58062,functional needs repair
5741,non functional
22826,functional
43187,functional
47976,non functional
58404,functional
52383,functional
70046,non functional
66999,non functional
62564,functional
41997,non functional
21817,functional
10599,functional
51363,non functional
34428,non functional
68924,functional
9308,functional
40290,functional
62932,functional
56184,functional
16224,functional
72050,functional
61238,non functional
64532,functional
71184,non functional
19822,functional
14370,functional
41882,non functional
43685,non functional
70318,functional
55919,functional
65037,functional
22066,functional needs repair
1452,functional
43734,non functional
32024,functional
26178,functional
31588,non functional
68389,functional
38062,non functional
34309,functional
1089,functional
115,functional
4021,non functional
21761,functional
23738,non functional
16517,functional
53728,functional
10090,non functional
45233,non functional
37041,functional
61023,functional
16164,functional
658,non functional
55724,functional needs repair
18243,non functional
60597,functional
27837,functional
17614,non functional
25608,non functional
65553,functional
45777,non functional
13694,functional
69824,non functional
12339,non functional
23709,functional
8038,functional
28062,functional
26981,functional
43768,functional
4349,functional
5313,non functional
74116,functional
18430,functional
17657,non functional
24047,functional
66040,functional
23197,functional
6667,non functional
52761,functional
25208,functional
25607,functional
38654,non functional
13574,functional
24636,functional needs repair
25098,non functional
59604,functional
61352,functional
59516,functional
44058,functional
35794,functional
66681,functional
7115,functional
60496,functional
50864,non functional
33585,functional
20759,functional
60486,non functional
23360,functional
43414,functional
60150,non functional
22441,functional
54425,functional
34815,non functional
31145,non functional
22692,functional
59849,functional
67548,functional
27531,functional
51248,functional
35475,functional
56877,functional
41506,non functional
8645,functional
21725,functional
13797,functional
51873,functional
21645,non functional
26048,functional
29871,non functional
15374,functional
65489,non functional
58944,functional
26337,non functional
20039,non functional
43142,functional
74240,functional
73180,functional
32178,functional
36912,functional
24214,functional needs repair
35736,non functional
56831,non functional
40719,functional
11548,functional
73068,non functional
73792,non functional
61199,functional
31414,functional
15442,non functional
57112,functional
50999,functional
36079,non functional
39462,functional
10425,functional
32004,non functional
28765,functional
49577,functional
41563,non functional
45975,non functional
48705,functional needs repair
45887,functional
73922,non functional
27654,functional
1502,non functional
4538,non functional
42322,non functional
30099,functional
327,non functional
29683,functional
69785,functional
7633,functional
73797,non functional
53098,functional
16993,functional
10625,non functional
23695,non functional
54131,non functional
65844,functional
60485,functional
18432,functional
69248,non functional
35063,non functional
37422,functional
10235,functional
8522,functional needs repair
11654,non functional
55781,functional needs repair
57979,functional
49429,functional
12394,non functional
21441,functional
26675,functional
43182,functional
21971,non functional
71955,functional
51639,functional
8916,non functional
58457,functional
58850,non functional
58050,functional
4521,functional needs repair
27546,functional
53855,non functional
37260,non functional
56487,functional
51417,functional
55041,functional
24237,functional needs repair
58767,non functional
54971,functional
2121,non functional
29158,functional
45184,non functional
36,functional
64373,functional
31109,non functional
20851,non functional
48608,functional
59112,non functional
61514,non functional
50859,functional
63256,functional
48649,functional
70795,functional
74025,functional
43114,non functional
52847,functional
18347,functional
39406,non functional
39161,functional
6585,functional
23860,non functional
26041,functional
37167,functional
38977,non functional
48520,non functional
69527,functional
8920,non functional
17977,non functional
14602,non functional
53729,functional
15560,functional
51659,non functional
22311,functional
8067,functional
16147,functional
64261,non functional
37092,functional
17666,functional
6549,functional
59555,non functional
70167,functional
24063,functional
40640,non functional
3233,non functional
55672,functional
45379,functional
65078,non functional
72860,functional
24701,non functional
40558,functional
28728,functional
56606,functional
46440,non functional
4076,functional needs repair
36148,functional
3555,functional
29456,functional
74167,non functional
1380,non functional
22414,functional
65147,functional
5910,non functional
21245,functional
16008,non functional
18155,functional
43705,functional
43512,non functional
30849,non functional
48726,functional
74129,non functional
12775,functional
16252,functional
6959,functional
5233,functional
28455,functional
61726,non functional
62985,functional
21934,non functional
36244,functional
36108,non functional
16437,functional
39665,functional
29432,functional
68978,non functional
38957,functional
5897,functional
4801,functional
33558,functional
2680,functional
51360,functional
62896,functional
64089,non functional
15818,functional
19736,functional
24117,functional
69192,functional needs repair
6488,non functional
20871,functional
16984,non functional
56651,non functional
72646,functional
21098,non functional
62332,functional
64016,functional needs repair
18235,non functional
22651,functional
71370,functional
26076,functional
28488,functional
35113,functional
10441,functional
40739,functional needs repair
58775,functional
60211,non functional
37288,functional
60888,functional
19586,functional
61914,functional
8331,non functional
73205,functional
70979,functional
56239,non functional
71877,functional
55131,functional
4164,non functional
24065,functional needs repair
12991,non functional
18533,non functional
43183,functional
52822,functional needs repair
70944,non functional
73496,non functional
11064,non functional
9001,non functional
15092,non functional
5649,non functional
24973,non functional
49637,non functional
5067,functional needs repair
26699,functional
56054,functional
57064,non functional
49296,functional
45930,functional
5660,functional
7921,functional
5104,functional
26093,functional
42580,functional
4978,non functional
5720,functional
13268,functional
63642,functional
17576,functional
53403,non functional
23717,non functional
10264,functional
35157,non functional
46308,functional
31447,functional
52490,functional
56539,functional
16119,non functional
51,non functional
68993,non functional
52101,functional
10218,functional
24989,non functional
70463,functional
52820,functional
57187,functional needs repair
8632,non functional
63840,functional
4602,non functional
19090,functional
19725,functional needs repair
48480,functional
11004,functional
40398,non functional
4994,non functional
15562,non functional
22246,functional
15854,functional needs repair
39177,non functional
39036,functional needs repair
68692,functional
44932,functional
67909,functional needs repair
65145,functional
12551,functional
48210,functional
65005,non functional
22862,non functional
28190,functional
14434,non functional
29901,functional
48522,functional needs repair
33846,non functional
33499,non functional
32787,functional
51862,functional
32785,functional
26812,non functional
56365,non functional
64973,functional
181,non functional
63935,functional
33654,functional
13614,functional
26272,functional
72096,non functional
21751,non functional
60510,functional
56392,non functional
61448,functional
74224,functional
73991,functional needs repair
41275,non functional
67860,functional
57696,functional
32406,functional
21694,non functional
1657,functional needs repair
59721,functional needs repair
30579,functional
52061,functional
68952,functional needs repair
4458,non functional
33884,functional
54527,non functional
5728,functional
70211,non functional
33541,non functional
38937,functional
40992,non functional
58374,functional
35183,non functional
46919,functional needs repair
69257,functional
41515,non functional
67846,non functional
11590,non functional
24484,non functional
44373,non functional
45052,functional
70717,functional needs repair
6726,functional
6121,non functional
69331,functional
32019,functional
8309,functional needs repair
49072,functional needs repair
20876,functional
68625,functional
17251,functional
55765,functional
26011,functional
54296,functional
32656,functional
43298,non functional
43516,non functional
20940,functional
66678,functional
43450,non functional
46324,functional
30526,non functional
8457,functional
36956,functional
36298,non functional
40248,non functional
27872,non functional
63456,functional
31617,non functional
35767,non functional
34912,non functional
10791,functional
20916,functional
9007,functional needs repair
12158,functional
49719,functional
28558,functional
13008,non functional
18866,functional
41333,functional
44966,functional
68478,functional
47872,functional
29947,functional
15033,functional
34621,functional
5825,functional
1962,non functional
53567,functional
4599,non functional
42015,functional
61527,functional
4354,non functional
32828,non functional
36691,functional
20993,non functional
29154,non functional
71333,functional
43273,functional
49591,functional
8993,non functional
35863,non functional
31389,functional
23689,non functional
51698,functional
71998,non functional
70927,non functional
59210,functional
35907,functional
67016,functional
9419,non functional
52107,functional
60612,functional
17478,functional
55787,functional
42792,functional
42947,functional
2799,non functional
17784,functional
38398,non functional
49974,non functional
38132,functional
13312,functional
42828,functional
20149,non functional
20461,non functional
37388,functional
18134,functional
65264,functional
57706,non functional
57966,functional
19780,functional
66577,functional
27812,non functional
43577,functional needs repair
15214,functional
71890,functional
47548,functional needs repair
1844,functional
69591,functional
15255,non functional
13774,functional
40195,non functional
50854,non functional
11296,functional
38,functional
11744,non functional
29559,non functional
13150,functional
34780,functional
12286,functional
48492,functional
695,functional
12192,non functional
66634,non functional
59064,functional
59521,functional
52704,functional
42657,non functional
69796,functional
10706,functional
35012,functional
5628,functional
37973,functional
42728,functional
26898,functional needs repair
2761,non functional
24945,functional needs repair
18501,functional
64101,functional needs repair
70976,functional
73017,functional
25726,functional
64351,non functional
25843,functional
21432,functional
66265,functional needs repair
67440,non functional
40646,functional
33465,functional
4243,functional
42704,functional
16413,functional
48291,functional
72572,non functional
38317,functional
63406,functional
46194,functional
63105,functional
21869,functional
50089,functional needs repair
23997,non functional
66196,non functional
1992,functional
72121,functional
18236,non functional
35937,functional
68266,functional
8706,functional
39929,functional
11481,non functional
44557,non functional
105,functional
18023,functional
43974,non functional
37596,non functional
1374,functional
19413,non functional
16912,functional
65803,non functional
32160,non functional
16381,functional
5709,functional
401,non functional
54038,functional
26956,functional
19543,non functional
23261,non functional
13799,non functional
47792,functional
3654,functional
46350,functional
68821,non functional
62402,functional
39258,functional
55085,functional
12287,non functional
43466,functional
61596,non functional
54399,functional
7143,functional
51439,functional
38409,functional
54974,functional needs repair
70753,functional
29213,functional needs repair
52460,non functional
15131,functional
33524,functional
56218,non functional
35606,functional
7853,functional
17328,functional
66329,functional
47159,non functional
6478,functional
23764,non functional
8119,functional
54554,functional
43602,non functional
11192,functional
60343,functional
49489,functional
59422,non functional
60520,non functional
4668,non functional
53920,non functional
72335,non functional
16241,functional
39508,functional
9483,non functional
35227,non functional
64795,functional
34921,non functional
57342,non functional
11666,functional
67456,non functional
51760,functional
36802,functional
73033,functional
23536,non functional
59200,functional
32259,functional
53223,functional
55616,functional
40547,non functional
35664,functional needs repair
53738,non functional
66235,functional
56326,functional
59671,functional
32591,functional
68872,functional
72167,functional needs repair
13985,functional needs repair
31017,functional
59933,functional
12868,functional
51610,non functional
43077,functional
4536,functional needs repair
37459,functional
9309,non functional
47158,non functional
41768,non functional
64760,functional
70459,functional needs repair
25811,non functional
63690,functional needs repair
14857,non functional
40550,functional
61118,non functional
61669,functional
17591,functional
25951,non functional
29676,functional needs repair
73026,non functional
49008,functional
56833,functional
3270,functional
71449,functional
11355,functional
29796,non functional
16350,functional
61149,non functional
64531,functional
73030,functional
23841,functional
9630,non functional
46777,functional
11767,functional
42277,non functional
53918,functional
43173,functional
37547,non functional
65495,functional
4715,functional
23430,non functional
65740,functional
18680,functional
7009,functional
38109,non functional
23925,functional
28572,functional
8430,functional
50809,functional
65129,functional
2659,non functional
71849,functional
52996,non functional
16555,functional
72257,functional
46695,functional
44852,non functional
13519,non functional
41300,functional
53504,non functional
59119,functional
7893,functional
9622,functional
8272,functional
59185,functional
35672,functional needs repair
6157,non functional
50037,non functional
19410,functional
14774,functional
46941,functional
36798,functional
50565,non functional
58536,functional
65810,functional
32265,non functional
64678,functional
31918,functional
68767,functional
73319,non functional
30800,functional
3646,non functional
18315,functional
50047,functional
30514,functional
18591,functional
38684,non functional
47970,functional
27688,functional needs repair
17615,functional
69901,functional
46407,non functional
24260,functional
69081,functional
55866,non functional
58226,functional
2278,functional needs repair
42964,non functional
28632,functional
61129,functional
73576,functional
70472,non functional
51755,functional
22646,non functional
34581,functional
68818,non functional
56272,non functional
45978,non functional
68743,functional
11874,non functional
12420,non functional
7996,functional
71056,functional
31315,functional
43616,functional
50579,functional
64127,functional
67454,non functional
53344,functional
61672,non functional
62633,functional
61433,non functional
28511,functional
61830,functional needs repair
2273,functional
31,non functional
49856,non functional
3068,functional
23284,functional
39388,functional
31688,non functional
19724,functional
39969,non functional
8481,non functional
8379,functional
14173,non functional
23149,non functional
53477,functional
50116,functional
51893,non functional
23853,functional needs repair
9016,non functional
69620,functional
28453,functional
46169,non functional
18701,functional
47728,functional needs repair
6305,functional
28491,functional
65199,functional
57155,functional
40120,functional
42858,non functional
32053,non functional
72138,functional
37109,functional needs repair
40016,functional
1567,non functional
16440,functional
11153,functional needs repair
69108,functional
8730,functional
66960,functional needs repair
66,non functional
13228,functional
47829,functional
13360,non functional
70804,non functional
8692,functional
62346,non functional
68612,non functional
35444,non functional
58283,functional
50698,functional
27031,non functional
62480,functional
57489,functional
72159,functional
1925,non functional
35000,non functional
3833,functional
62844,functional
19290,non functional
30291,functional
13540,functional
25765,non functional
69788,functional
72133,functional
7203,functional
44706,functional
7449,functional
34579,non functional
6572,functional
49495,functional
66492,functional
63900,non functional
46808,functional
55826,functional
59350,functional
2334,functional
59208,functional
65463,non functional
14380,non functional
64073,functional
59863,functional
37204,functional
12352,functional needs repair
61249,functional
57960,functional
29159,functional
19170,functional
24804,functional
58933,non functional
68285,functional
56689,non functional
60617,non functional
68564,functional
52901,non functional
27052,non functional
64738,non functional
34694,functional
71736,non functional
21580,functional needs repair
19931,functional
66122,functional
70532,functional needs repair
27702,functional
4491,functional
41005,functional
64649,functional
45714,non functional
12744,non functional
13721,functional
15743,non functional
61086,non functional
22224,functional
50361,functional
5565,functional
15688,functional
26195,non functional
51830,functional needs repair
61127,non functional
13333,functional needs repair
24788,functional
72378,non functional
36199,functional
40057,non functional
7857,functional
58458,functional
69645,non functional
29237,functional needs repair
19902,non functional
26732,functional
40383,functional
29860,non functional
19453,functional
32748,non functional
29003,functional
57239,functional
12789,non functional
20763,non functional
29998,functional
18203,non functional
30464,functional
21510,functional needs repair
475,functional
26132,functional
72321,non functional
39733,functional
42104,non functional
46727,functional
44077,functional
8181,non functional
40013,non functional
71810,non functional
57009,non functional
42526,non functional
59099,functional
64356,functional
53522,functional
43394,functional
55829,functional
38716,functional
19856,functional
47048,functional
56765,functional
9894,functional
45528,functional
17823,non functional
19434,non functional
32971,functional
33460,functional
60563,functional
68992,non functional
953,functional
73081,non functional
32876,functional
23250,non functional
35059,functional
25192,functional needs repair
14088,functional needs repair
20399,non functional
56444,functional
11003,non functional
68536,functional needs repair
59254,non functional
56017,non functional
57015,non functional
42926,functional
66599,functional
25365,non functional
47278,functional
16509,functional
40734,non functional
32547,functional
62015,functional
59085,functional
23993,functional
35503,functional
33748,non functional
33254,functional
70346,functional
55606,non functional
374,functional
45990,functional
55159,non functional
6773,functional
11837,functional
57921,functional
48263,non functional
70324,functional
11933,functional
53308,functional
44548,functional
23999,functional
51256,functional
37328,non functional
55325,functional
30935,non functional
452,functional
21486,functional
20429,functional
31263,functional
22581,non functional
68498,non functional
7414,non functional
47284,non functional
8719,functional
48568,non functional
14571,functional
56014,functional
10797,non functional
1906,non functional
30141,non functional
65894,functional
30166,non functional
2767,non functional
51211,functional
68387,functional
61783,non functional
69173,functional
69735,functional
41954,functional
71835,functional
72624,functional
40225,functional
36305,functional
17867,functional
179,functional needs repair
6442,functional
60372,non functional
3878,functional
37947,functional
22327,functional
17258,functional needs repair
43413,functional
3531,functional
50210,functional
37559,non functional
73980,functional
69343,functional
21832,functional
11418,non functional
31152,functional
66865,non functional
31457,non functional
14452,non functional
70394,functional
59123,functional
27746,non functional
12556,functional
19236,functional
28495,functional
46616,functional
9696,functional
50805,functional
36414,non functional
52591,non functional
4228,non functional
6865,functional
27535,functional
4427,functional
18656,non functional
55889,functional
38046,functional
40203,non functional
445,non functional
18392,non functional
34556,functional
64908,non functional
16253,non functional
388,functional
797,functional
30332,functional needs repair
54186,functional
15708,functional
72698,functional
6006,functional
19202,functional
65651,functional
10522,functional
41660,functional
42865,functional
21116,functional
59996,non functional
16899,functional
37926,functional
19281,functional
22185,non functional
49282,functional
6872,functional
34769,functional
45018,non functional
37794,non functional
24188,functional
40463,functional
14000,non functional
26039,non functional
63575,functional
66948,functional
5053,non functional
32193,functional needs repair
63992,functional
11560,functional needs repair
4486,non functional
66327,non functional
36779,functional
32194,non functional
3633,functional
60193,non functional
15938,non functional
39637,functional
33567,functional
28501,functional
55902,functional
74105,non functional
56988,non functional
1903,functional
2913,non functional
52816,functional
331,functional
19195,non functional
20963,non functional
17063,functional
48160,non functional
60487,non functional
49965,non functional
58377,non functional
29392,functional
25114,functional
31455,functional
45861,non functional
29433,functional
49840,functional
48660,functional
27259,non functional
60859,functional
39906,functional
42361,functional
52961,functional
52919,functional
26007,functional
50707,functional
13573,non functional
68822,functional
36806,functional
10608,non functional
10282,non functional
49402,functional needs repair
3218,functional
70507,non functional
66391,non functional
36031,functional
8398,non functional
3470,non functional
34339,functional
70681,functional
43027,functional
5561,functional
28216,non functional
27457,non functional
50291,functional
61712,functional
62464,functional
72263,functional
33154,functional
41421,functional
65533,non functional
45973,functional
6544,functional needs repair
72457,functional
7715,functional
68668,functional
23435,functional
36786,non functional
44864,functional
31583,functional needs repair
70302,non functional
54770,functional
7916,functional needs repair
9980,non functional
56005,functional needs repair
69823,non functional
33227,functional
12678,non functional
73682,functional
71132,functional
64773,non functional
22294,non functional
22047,functional needs repair
45997,functional
36885,non functional
47015,functional
2426,functional needs repair
29581,functional
44141,functional
16917,functional
8768,functional
41464,non functional
52783,non functional
56682,non functional
58816,functional needs repair
27886,functional needs repair
18553,non functional
21334,non functional
33493,functional
65125,functional
71857,functional
68753,non functional
52970,functional
3610,functional
36338,functional
70010,functional
16750,functional needs repair
23784,non functional
43097,functional
609,non functional
23836,functional
36324,functional
65931,functional
22507,functional
21026,non functional
41987,non functional
40036,non functional
26834,non functional
54417,functional
51569,functional
26584,functional
43297,functional
2207,functional
28758,functional needs repair
32869,functional
70218,functional
41200,functional
34718,functional needs repair
59557,functional
5469,functional needs repair
15725,non functional
10950,functional
57427,non functional
32567,non functional
21769,non functional
48618,non functional
16812,non functional
62549,non functional
49002,functional
46458,functional
9512,functional
63600,functional
34316,functional
10907,non functional
11384,non functional
56920,non functional
20547,non functional
23444,functional
55816,functional
33824,functional
54075,functional
52576,functional needs repair
73291,non functional
14211,functional
15144,functional
44685,non functional
27683,functional
35204,functional
42931,non functional
57194,non functional
25619,functional
45001,functional
66307,functional
20593,non functional
54643,functional
27326,functional
4997,functional
3657,non functional
53338,non functional
24743,functional
41649,non functional
33829,non functional
37032,functional
66189,non functional
70119,non functional
47097,functional
32292,non functional
50212,functional needs repair
8573,functional
41484,functional
35394,functional
14324,functional
68859,functional
72597,non functional
58442,non functional
25417,functional
47749,functional
34846,functional
52758,functional needs repair
24875,non functional
69821,functional
35780,functional needs repair
26994,functional
4861,non functional
51860,non functional
26854,functional
73046,functional
20151,functional needs repair
12969,non functional
19652,functional
72880,functional
58602,functional
15390,functional
61396,functional
47680,functional needs repair
33765,functional
1573,functional
2404,functional
47277,functional
23179,functional
22284,functional
14614,non functional
21931,non functional
50967,non functional
51387,functional
4966,functional
30544,functional
68866,functional needs repair
72743,functional
2287,functional
40671,functional
47213,non functional
62259,functional
48260,non functional
39784,functional
55288,non functional
72776,functional
72102,functional
11333,functional
59790,functional
50958,functional
46707,functional
2582,functional
66215,non functional
34439,non functional
24603,functional
6923,functional
73326,functional
35539,functional needs repair
18097,functional
48691,non functional
61500,functional
60879,functional needs repair
53054,functional
11297,functional
3062,functional needs repair
18988,functional
18425,functional
6746,functional
10266,non functional
64301,non functional
6266,functional
22513,functional
55485,functional
24057,non functional
34418,functional
35908,non functional
46239,functional
16186,non functional
52528,non functional
30400,non functional
65356,functional
55989,functional
30370,functional
58198,non functional
69294,functional
54556,non functional
20736,non functional
43151,functional
37965,functional needs repair
34256,non functional
60490,functional
10725,non functional
9197,non functional
69189,functional
36628,functional
41397,functional
14305,functional
10620,non functional
21933,functional
45649,non functional
46830,functional
3959,non functional
63914,functional needs repair
19104,functional
20611,functional
13106,non functional
70784,functional
57638,non functional
18638,non functional
49881,non functional
7488,functional
5318,non functional
52795,functional
46289,non functional
55488,functional
56654,non functional
55453,functional
44787,non functional
38244,functional
60950,functional needs repair
34264,functional
34680,functional needs repair
44163,functional
31490,functional
41732,non functional
42553,non functional
642,non functional
33331,functional
1890,functional
6916,functional
35647,non functional
49378,non functional
31087,functional needs repair
22521,functional
25826,non functional
67168,functional
29758,non functional
58586,functional needs repair
73795,functional
58617,non functional
31994,functional
25251,functional
58229,functional
12982,functional
25427,functional
63187,functional
11130,functional
22112,non functional
55923,functional
2028,functional
71682,non functional
17766,non functional
2144,non functional
23205,non functional
39833,non functional
62884,functional
33572,non functional
32784,functional
34856,functional
41060,functional
19898,non functional
24772,functional needs repair
40216,functional
28684,non functional
14867,functional
36085,non functional
38043,functional
70042,functional
39694,functional
10156,functional
7877,functional
37847,functional
5140,non functional
18818,functional
26092,functional
73743,functional
69372,functional
18399,functional
26416,functional
10384,functional
11984,non functional
29452,functional
20473,functional
68222,functional
3051,non functional
39588,non functional
2283,non functional
65132,functional
67292,functional
36062,non functional
3012,functional
36650,functional
4992,non functional
43681,non functional
16597,non functional
3272,functional needs repair
21534,non functional
5818,functional needs repair
28777,non functional
11005,non functional
13377,non functional
72958,functional needs repair
59513,non functional
29365,functional
65742,non functional
38695,functional
54181,functional
9127,functional
66296,non functional
33263,non functional
4238,non functional
23024,functional
40571,functional
56006,non functional
46428,functional
54876,non functional
19475,functional
46174,functional
47148,non functional
71097,non functional
41569,non functional
1991,functional
39684,non functional
11223,functional
65046,functional
7126,non functional
39726,non functional
69390,functional
35906,non functional
18583,functional
32159,functional
50310,functional
41714,non functional
73872,functional
25529,non functional
23500,functional
6816,functional
27470,functional needs repair
68587,functional
1587,non functional
65432,functional
53061,functional
5905,functional needs repair
21569,functional
51474,functional
6532,non functional
68982,functional
52054,functional needs repair
74011,functional
29403,functional
55695,functional
9254,functional
49579,functional
44587,non functional
62187,functional
68156,functional
40130,functional
53424,non functional
46509,functional needs repair
66922,non functional
23662,functional
72312,functional
10544,functional
25641,non functional
9173,non functional
43341,non functional
8867,functional
14478,non functional
67363,functional
42644,functional
6511,functional
53709,functional
57882,functional
14968,functional
32448,functional
57872,non functional
21248,functional
6066,functional
69244,functional
29398,functional
60886,functional
15568,functional
35338,functional
62151,functional
25983,functional
66668,non functional
11059,functional
42321,functional
39264,functional
36952,functional
31641,non functional
8406,functional
63704,functional
45246,functional
39718,functional
36954,functional
36645,functional
31854,functional
35784,functional
15343,non functional
31619,functional
56913,non functional
51222,non functional
12609,functional
60576,functional
43673,non functional
853,functional
58945,functional
69399,functional
11402,non functional
69889,functional
17207,functional
61260,functional
65409,functional
45399,functional
30206,functional
39025,non functional
64814,functional
686,functional
73016,functional
8177,non functional
11168,functional
53487,non functional
52530,non functional
35714,functional
69997,non functional
33436,functional
66130,functional
67409,non functional
20733,functional needs repair
47138,functional
63789,functional
53954,functional
56457,functional
55035,functional
53812,non functional
24330,functional
42170,non functional
15079,functional
36748,non functional
50799,functional
27672,functional
45154,functional
63965,non functional
6841,functional
29346,non functional
20215,functional needs repair
60031,functional
44352,functional
19451,non functional
51236,non functional
31643,non functional
71217,functional
36332,non functional
38002,functional needs repair
17169,functional
14532,non functional
62254,functional
27974,functional
23844,functional
7570,functional
30308,functional
25876,non functional
12938,functional
6742,functional
29776,non functional
53307,non functional
51647,functional
61125,functional
2440,non functional
55038,non functional
40757,non functional
62426,non functional
52558,functional
715,non functional
46444,non functional
68795,functional
30226,functional
61655,functional needs repair
2388,functional
43268,functional
56031,functional
41803,functional
51148,functional
5471,non functional
69241,functional needs repair
42750,functional needs repair
50029,functional
40850,functional
12831,non functional
1014,non functional
57225,functional
21579,non functional
6341,non functional
56828,functional
39608,functional
53115,non functional
66350,functional
39254,non functional
27319,non functional
65939,non functional
26679,functional
2395,functional
21599,functional
40324,functional
10667,non functional
24404,non functional
2606,functional
52254,functional
64258,functional
27859,functional
22245,functional
60455,non functional
16372,functional needs repair
1035,functional needs repair
65760,functional
35529,non functional
20161,non functional
5998,functional
37909,functional
35619,functional
7763,functional
16421,functional
8712,functional
60608,functional
29745,non functional
73873,functional needs repair
10682,functional
1373,functional
74091,non functional
1087,functional
3307,non functional
28250,functional
68451,functional
55059,functional
36406,functional
42222,functional
40721,non functional
54509,functional
48670,non functional
64749,non functional
17515,functional
50832,functional needs repair
7461,functional
12254,functional
54257,non functional
8376,functional
71938,non functional
23192,non functional
13197,functional
15679,non functional
52585,non functional
17611,non functional
27970,functional
16896,non functional
29068,functional
15904,functional
58099,non functional
70934,non functional
26193,functional
58444,non functional
24433,functional needs repair
65534,non functional
71529,non functional
24761,non functional
54230,functional
12274,functional
30568,non functional
26691,non functional
72618,functional
63235,functional
50266,functional
33923,functional
52869,functional
16687,functional
62771,non functional
47103,functional
51066,functional
28387,functional
10005,functional
36096,non functional
28035,functional
36583,functional
27038,functional
142,functional
9345,functional
6528,functional needs repair
65808,functional
73406,non functional
13834,non functional
46826,functional
28411,functional
22144,non functional
47425,functional
20080,functional
28598,functional
29010,non functional
23188,non functional
38231,functional
9110,non functional
28230,non functional
73550,functional
71651,functional
3365,functional
42819,functional
24243,functional needs repair
51164,functional
16175,non functional
21351,non functional
49410,non functional
61331,functional
1254,functional
50015,functional
17584,non functional
65698,functional
55347,functional
1480,functional needs repair
44246,non functional
47320,functional
72047,functional
70404,non functional
51430,functional needs repair
14634,functional
21965,functional
60865,non functional
32947,non functional
27146,non functional
71992,functional
15924,functional
2265,functional
60080,functional
8124,functional needs repair
9179,functional
1935,functional
19907,non functional
49181,non functional
38106,functional
35287,functional
14568,non functional
69984,functional
63482,functional
38508,non functional
15503,functional
54261,non functional
10000,non functional
32673,functional needs repair
25235,non functional
34908,functional needs repair
46665,functional
5302,non functional
61819,functional
39998,non functional
26290,functional
22789,non functional
13337,non functional
30485,functional
12386,non functional
44470,functional
71898,functional
32731,non functional
61161,functional
65712,functional
37504,non functional
63794,functional
49825,functional
22205,functional
74122,functional
49735,functional
38755,non functional
69381,non functional
14426,functional
70573,functional
55774,non functional
49019,non functional
39725,functional
21855,functional
66385,functional
6362,functional
37921,functional
12085,functional
71206,functional
61969,non functional
3048,functional needs repair
71528,functional
64993,functional
55653,functional
9049,functional
62478,functional
37093,functional
50211,non functional
51932,functional
66863,functional
22314,functional
7194,functional
37339,functional
9712,functional needs repair
12752,non functional
45551,non functional
40176,functional
20327,functional
71374,non functional
42502,functional
56115,functional
59637,functional
51557,non functional
58132,functional
39509,functional
59897,non functional
30941,non functional
11299,non functional
5844,functional
20337,functional
19239,functional
28246,functional needs repair
21001,functional
9405,functional
17225,functional
58319,non functional
19023,functional
44220,functional
64064,functional
67600,non functional
58847,non functional
35037,functional
44618,functional
281,functional
41684,functional
63702,non functional
68049,functional
36162,functional needs repair
69556,non functional
73287,functional
70506,functional
34043,non functional
17193,functional
37058,functional
38938,functional
38543,functional
45597,functional
47068,functional
58087,functional
27171,non functional
20550,non functional
4341,functional
35869,functional
51170,functional
35060,functional
9467,functional
23167,functional
24326,non functional
41474,non functional
34295,functional
70023,functional
60997,non functional
24591,functional
5460,non functional
51213,functional
68117,non functional
24596,functional
23802,non functional
63621,non functional
30790,non functional
5117,non functional
3266,functional
22605,non functional
2160,functional
24563,functional
69704,functional
33295,functional needs repair
8291,functional
72719,non functional
40208,non functional
19906,functional needs repair
60253,non functional
8992,functional
27667,functional
39922,non functional
26998,functional
34739,functional
11956,functional
26587,non functional
34509,functional
55221,functional
13425,functional needs repair
38976,non functional
53114,non functional
66109,functional
70499,non functional
30573,functional
25021,functional
38055,functional
20377,non functional
46637,functional
73172,non functional
54223,functional
36507,non functional
3335,functional
55795,functional
71831,non functional
56476,non functional
51642,functional
48042,functional
21535,non functional
43401,functional
41799,functional needs repair
4271,functional
11425,non functional
28498,functional
41533,functional
19416,functional needs repair
38239,functional
10742,functional
66396,non functional
23850,functional
29427,non functional
16626,non functional
62004,non functional
71150,non functional
3061,functional
55237,non functional
46995,non functional
38091,functional
49855,functional
8872,non functional
20952,non functional
14140,non functional
10048,non functional
20421,functional
61815,non functional
33131,functional
72820,non functional
46512,functional needs repair
64686,functional
56317,functional
60816,functional
54911,functional needs repair
9609,functional
6889,functional
63336,functional
55601,non functional
48554,functional
62022,non functional
16978,functional
32540,non functional
68319,functional
7373,functional
47766,functional needs repair
36763,functional
33539,non functional
14432,functional
58612,functional
23664,non functional
72524,non functional
33608,functional
22846,non functional
35250,functional
24515,non functional
17071,non functional
4621,functional
69679,functional
8216,non functional
66496,functional
40800,functional
14982,functional
42323,functional
60596,non functional
31932,functional
56065,functional
41417,functional
6822,functional needs repair
36523,non functional
57449,functional needs repair
25867,non functional
39571,non functional
56757,non functional
72268,non functional
5541,functional
29226,functional
42643,non functional
64592,functional
51283,functional
25617,non functional
25967,non functional
72446,functional
10529,non functional
64044,functional
32811,functional
2563,functional
18337,functional
58036,functional
67576,functional
26279,functional
4414,functional
36190,functional
72851,functional
37372,functional
3440,non functional
5333,functional
2235,functional
31546,functional
3822,functional
73007,functional
34810,functional
22743,non functional
4452,functional
19826,functional
48980,functional
43247,functional
21490,non functional
61614,functional
11770,non functional
57213,functional
17356,non functional
28191,functional
26553,non functional
28797,functional
33568,non functional
55714,functional
30756,functional
17496,non functional
70720,functional
43793,functional
16328,functional
53132,non functional
9162,non functional
38678,functional
20888,non functional
49873,non functional
9676,functional
21840,functional
10657,functional
25007,functional
43452,non functional
38638,functional needs repair
10162,functional
5701,non functional
59551,functional
31113,non functional
1267,functional
45622,functional
50682,functional
37952,functional
68235,functional
40349,functional needs repair
66240,functional
62492,non functional
44030,non functional
2972,non functional
43463,functional
31922,non functional
12454,functional
39600,functional
6851,functional
43698,non functional
53082,functional
8914,non functional
33865,functional
723,functional
27094,functional
13940,non functional
23263,functional
3544,functional
5096,non functional
44314,functional needs repair
34750,functional
47935,non functional
62392,non functional
61192,functional
57400,functional
23213,non functional
55639,non functional
46827,functional
24058,functional
25678,functional
8468,non functional
50543,functional
3002,non functional
19436,non functional
52742,functional
10966,functional
31826,functional
39892,non functional
18141,functional
17300,functional
14111,functional
3235,non functional
39744,functional
72489,functional
24500,functional
55579,functional
47994,functional
17697,functional
25356,functional
26873,functional
62098,functional
37088,non functional
62931,functional
16986,functional
12919,non functional
38352,functional
33998,functional
16956,functional
1050,non functional
24819,non functional
33289,functional
64831,functional needs repair
59533,functional
6723,functional
73322,functional
49905,functional
66225,non functional
42185,functional
70932,functional
73134,non functional
13256,functional
49758,functional
10655,functional
35881,functional
62886,non functional
52624,non functional
9083,non functional
58241,functional
37725,non functional
47924,non functional
26234,non functional
31629,non functional
60661,functional needs repair
61064,non functional
49413,functional
54995,functional
61498,functional
3751,non functional
27818,functional
25412,functional needs repair
48686,functional
2400,functional needs repair
55397,non functional
68594,functional
40312,non functional
69186,functional
71034,functional
25499,functional
36556,functional
46942,functional
72455,functional
26822,functional
38465,functional
32580,functional
16373,functional
12840,functional
34962,functional
24588,non functional
13581,non functional
29275,non functional
29512,functional
20912,functional
28043,functional
8595,functional
36025,functional
44754,functional
10002,non functional
1855,functional
43305,non functional
8529,functional
43437,functional needs repair
14029,non functional
19887,functional needs repair
65832,non functional
35095,functional
39975,functional
69341,functional
64057,non functional
54652,functional
17891,functional
12382,non functional
52740,functional needs repair
1406,functional needs repair
49018,non functional
29219,functional
31920,non functional
53422,functional
32899,functional
42628,non functional
16144,functional
50454,functional
1850,non functional
48143,functional
41065,non functional
46319,functional
29774,non functional
26927,functional
11024,non functional
23335,non functional
2290,non functional
54395,non functional
14647,non functional
56292,functional
63216,functional
36923,non functional
60356,non functional
28388,functional
14393,non functional
53698,non functional
58338,functional needs repair
69569,functional
13352,non functional
3143,non functional
4015,functional
21964,functional
12875,functional
16219,non functional
21625,non functional
19578,non functional
62031,functional
21567,non functional
1698,non functional
40879,non functional
6650,non functional
52070,non functional
1474,functional
30051,functional
38735,functional
10245,functional
28688,functional
62302,functional
24860,non functional
525,functional
18411,non functional
65088,functional
61648,functional
6828,functional
47007,non functional
33929,functional
56903,functional
45925,non functional
49520,non functional
60729,functional
64569,functional
41301,functional
36339,non functional
2109,functional
27241,functional
28612,non functional
35397,non functional
2033,non functional
69147,functional
12851,functional
69842,functional
9541,functional
17969,functional
58804,functional
18807,non functional
59103,functional
14221,non functional
747,functional
29048,functional
10292,non functional
35383,non functional
51743,functional
16030,functional
38243,functional
66276,functional
43374,non functional
3548,functional
72883,non functional
36001,functional
73599,non functional
6297,functional
72886,non functional
47050,functional
3667,functional
25804,non functional
69724,functional
36712,functional
26952,non functional
42805,non functional
49870,functional
13393,non functional
60761,non functional
2111,functional
30048,non functional
45794,functional
18485,non functional
35357,functional
52263,non functional
74210,functional needs repair
2228,non functional
27255,non functional
400,non functional
29941,functional
58992,functional
27843,non functional
70564,functional
67212,functional
4159,non functional
27594,functional
23558,non functional
45037,functional
71502,non functional
4931,functional
42132,functional needs repair
12389,functional
31695,functional needs repair
28806,functional
33722,functional
46134,non functional
59470,functional
71066,functional
51784,functional
56688,non functional
63072,functional needs repair
31908,functional
55666,functional needs repair
70471,functional
2686,functional
41545,functional
3013,functional
30866,functional
11107,functional
24554,functional needs repair
21538,non functional
51580,functional
60970,functional
67942,non functional
31691,non functional
61532,functional
48659,functional
63190,functional
35510,functional
7697,non functional
70916,functional
41656,functional needs repair
46875,non functional
62981,non functional
38687,non functional
34081,non functional
20831,functional
60921,functional
8492,functional needs repair
17856,functional
26431,functional needs repair
53047,non functional
61128,functional
64650,functional
14680,functional
23582,non functional
16299,non functional
55137,non functional
69540,non functional
59515,non functional
31223,functional
29293,functional
9586,non functional
11525,functional
36081,functional needs repair
20670,functional
4059,non functional
66313,functional
59240,functional
8763,functional
39033,functional
62459,functional needs repair
13462,functional
68855,functional
43238,non functional
11678,functional
42974,functional
23496,functional
39323,functional
67714,functional
68604,functional
62403,non functional
68444,non functional
72879,non functional
68673,functional
64074,functional
28170,non functional
41374,functional
41399,non functional
38182,functional
16617,functional
42830,functional needs repair
43412,functional
15154,non functional
71642,functional
10374,non functional
67252,non functional
67452,non functional
14573,functional
3405,non functional
31992,functional
61233,functional
50102,non functional
30654,functional
64706,functional
41778,non functional
44065,functional
26615,non functional
71457,non functional
29098,functional
41059,non functional
73693,non functional
51194,functional
17290,functional
72887,functional
27057,functional
6374,functional
37234,functional
30104,non functional
38127,functional
24180,non functional
55944,functional
34901,functional
51274,functional
32889,functional
48333,non functional
25855,functional
26117,functional
59329,functional
38733,functional
53783,functional needs repair
25487,non functional
22778,functional needs repair
41108,functional
8095,non functional
20576,functional
28107,non functional
62967,non functional
16070,functional
27086,functional needs repair
19634,functional needs repair
17325,functional needs repair
50138,non functional
23760,functional
51696,functional
30408,non functional
50550,functional
2839,non functional
43674,functional needs repair
56845,functional
69514,functional
27219,functional
22561,functional
18889,functional
5408,functional
10122,non functional
63983,functional
14803,functional
36664,functional needs repair
51909,functional
59036,functional
23100,functional
15200,non functional
864,functional
32369,functional
45787,functional
36127,functional
70789,functional
70024,functional
16010,non functional
39369,non functional
49344,non functional
40420,non functional
21051,functional
55593,non functional
65596,functional
59442,functional
44533,non functional
33471,functional
43593,functional
44466,functional
11211,functional
66626,non functional
17713,functional
47764,functional
56806,functional needs repair
38749,non functional
828,non functional
24217,non functional
4781,functional
70692,non functional
69900,non functional
3559,non functional
22040,non functional
16758,non functional
14240,functional
65036,functional
16695,functional
57952,non functional
51372,non functional
38506,functional
31220,non functional
8856,non functional
63244,functional
38869,functional
2390,functional
12575,functional
19313,non functional
71716,functional needs repair
32296,non functional
51079,functional
29033,non functional
16004,non functional
47360,functional
49987,non functional
1436,functional needs repair
9904,functional
31324,functional
3969,functional
40953,functional needs repair
53595,functional
60939,functional
69412,non functional
5729,functional
23086,non functional
56712,functional
15028,functional
11313,non functional
10937,non functional
23286,non functional
42581,functional
55720,non functional
66507,functional
10283,functional
64171,functional
16730,non functional
5933,non functional
44930,functional
63499,functional needs repair
57457,functional
49570,functional
23576,functional
27939,functional
74107,non functional
10495,non functional
30157,non functional
19659,functional
22577,functional
62288,non functional
39563,functional needs repair
58667,functional
60036,functional
64930,non functional
58232,non functional
60516,non functional
49338,non functional
36601,non functional
61035,functional
7686,non functional
41125,non functional
12862,functional
42370,non functional
61854,functional
16246,functional
30629,functional
59364,functional
63520,non functional
25603,non functional
59955,functional
26846,non functional
34801,functional needs repair
1982,non functional
55067,functional
37195,non functional
72515,non functional
55996,functional
10985,functional
25813,non functional
73607,non functional
16770,functional
61993,non functional
17555,non functional
67030,non functional
6054,functional
310,non functional
5025,functional needs repair
25954,non functional
53499,non functional
65785,functional
51426,non functional
25057,functional
3924,functional
72285,functional
51827,functional needs repair
24137,functional needs repair
35831,functional
58615,functional
48329,functional
72463,functional
4002,non functional
42884,functional
40969,functional
49081,non functional
43377,non functional
1631,non functional
15215,functional needs repair
55242,functional
56251,non functional
35126,non functional
34606,functional
19664,functional needs repair
42916,functional
73171,functional
52212,functional
64671,functional
15323,non functional
41448,non functional
58355,non functional
72700,non functional
2504,functional
24684,non functional
72384,non functional
6531,functional
41827,functional
36004,functional
1864,functional
11656,functional
63762,functional
61475,functional
18819,functional
43029,non functional
35788,non functional
49906,functional
5805,non functional
50070,functional
48196,non functional
18238,functional
7947,functional
34287,functional
50918,functional
17199,non functional
49712,functional
10052,functional
53327,non functional
9220,functional
7035,non functional
18033,non functional
50558,functional needs repair
11616,functional needs repair
29976,functional
40965,non functional
4986,non functional
40332,non functional
25045,functional
23869,non functional
11636,functional
494,functional needs repair
64530,functional
64442,functional
11027,non functional
22423,functional
3920,functional
14706,non functional
15347,non functional
30468,functional
5110,functional
36071,functional needs repair
52199,functional
42837,functional
9796,functional needs repair
54413,non functional
45179,functional
9928,non functional
22255,non functional
31328,functional
2695,functional
919,functional
62948,non functional
5907,functional
56692,functional
33769,non functional
10607,non functional
33798,non functional
68518,non functional
65986,functional
65966,non functional
36970,functional
42496,functional
70747,functional
57976,functional
11509,non functional
57689,non functional
45580,non functional
41764,functional
1877,non functional
55384,functional
19053,non functional
5172,functional
24553,functional
45178,non functional
11618,non functional
64326,functional
73412,functional
63313,non functional
38854,functional
13571,functional
48095,non functional
58972,non functional
58511,non functional
27752,non functional
49716,functional
49494,functional needs repair
70987,non functional
48358,functional
3180,non functional
67652,non functional
12966,functional
20030,functional
25116,non functional
68067,functional
22647,non functional
66474,non functional
22321,non functional
27599,non functional
72819,functional
63345,functional
12385,functional
60265,functional
57265,functional
51166,functional
7014,non functional
2697,non functional
12113,functional
54233,functional
62722,functional needs repair
68532,non functional
42968,non functional
67757,functional needs repair
67052,functional
5627,functional
26972,functional needs repair
41510,functional
67850,non functional
46292,functional
67606,functional
12191,functional
15914,non functional
49377,non functional
14570,non functional
63316,functional
5115,functional
49006,functional
73390,functional
23158,functional
25769,non functional
70140,non functional
43022,functional
4731,functional
12652,non functional
21359,functional
19455,non functional
54901,functional
36584,functional needs repair
51080,non functional
21346,functional
9500,non functional
35929,non functional
21612,functional
22893,functional
57044,non functional
45339,functional
56126,functional needs repair
3717,functional
26867,functional needs repair
50012,functional
25638,functional
53435,non functional
62109,functional
30163,non functional
20688,non functional
67231,non functional
5700,non functional
28095,functional
61279,non functional
25134,functional
53367,non functional
25753,functional
48173,non functional
38328,non functional
31618,functional needs repair
73376,non functional
32915,functional
51904,non functional
51819,non functional
17252,non functional
1181,functional
48962,functional
41466,non functional
9060,functional
19981,functional
19553,functional
50433,non functional
33894,functional
11625,non functional
26167,non functional
72168,functional
51122,non functional
11627,non functional
30445,functional
15270,non functional
63829,functional
22984,functional
72821,functional needs repair
34282,non functional
30155,non functional
17986,functional needs repair
4186,functional
10822,functional
55776,functional
12662,functional
10594,functional
16451,non functional
55175,non functional
70951,non functional
45299,non functional
39973,non functional
43062,functional
27020,functional
25653,non functional
55204,functional
21291,non functional
4793,functional
64139,non functional
2946,functional
40551,functional
73495,non functional
52789,non functional
1637,non functional
23220,functional
63543,functional
40081,functional
57629,functional
8707,functional
30554,functional
1130,functional
39191,non functional
65958,functional
67198,functional
58490,functional needs repair
57846,functional
61571,functional
70315,non functional
65700,non functional
21760,functional
34191,non functional
30991,functional
55950,non functional
28983,functional needs repair
27798,non functional
16444,functional
60138,non functional
59954,functional
10153,non functional
31215,functional
72531,functional needs repair
34249,functional needs repair
40866,functional
16922,functional
57375,functional
2340,non functional
9792,non functional
47091,functional
19568,functional
51321,functional
37384,non functional
45550,functional needs repair
72627,functional
25380,non functional
66770,non functional
20962,functional
64025,functional
5598,functional
1561,functional needs repair
49709,non functional
12278,non functional
31614,functional
51112,functional
46296,non functional
5065,non functional
13769,functional
8390,functional
16177,functional
26788,non functional
10707,functional
58135,functional
4823,functional
36672,functional
20642,functional
13944,functional
29327,functional
21517,functional
28635,functional
70589,non functional
37211,non functional
3947,non functional
54856,non functional
32686,functional
32155,non functional
41373,non functional
22341,non functional
9285,non functional
41567,non functional
57486,non functional
24704,non functional
34225,functional needs repair
4077,functional
49517,non functional
30635,non functional
7930,non functional
487,functional
68022,functional
34806,functional
63662,functional
53369,functional
6109,non functional
10746,non functional
65030,functional
28759,functional
46968,functional
37142,functional
27650,functional
45707,functional
5575,functional
69588,functional
58888,non functional
37629,functional
23124,functional
45979,functional
64453,functional
59163,non functional
55400,functional
42230,non functional
2958,functional
14501,functional
38838,functional needs repair
43106,non functional
63541,non functional
18189,functional
214,non functional
56167,functional
67447,functional
31452,non functional
16095,functional
8219,functional
18008,non functional
41281,functional
36610,non functional
47831,functional
31075,functional
20742,functional
9014,functional
31225,functional
67068,functional
28969,non functional
50549,non functional
275,non functional
5239,functional
43997,non functional
23186,functional
63142,functional
44458,functional needs repair
46523,non functional
65425,functional
10186,functional needs repair
59464,non functional
19966,non functional
51116,functional
37747,functional
36442,non functional
14609,non functional
22216,non functional
13730,functional needs repair
62901,non functional
72021,functional
8000,functional
19209,functional
10463,functional needs repair
34304,functional
30885,functional needs repair
58952,non functional
25259,functional
47196,functional
28010,functional needs repair
28316,functional needs repair
66988,functional needs repair
48881,non functional
41039,non functional
19029,functional
66549,functional
24177,non functional
48188,non functional
68994,functional
59403,functional
30120,functional
29114,functional needs repair
69877,functional
21941,functional
14081,functional
43891,functional
19107,functional needs repair
26120,functional
46482,functional needs repair
17264,non functional
45577,non functional
40466,non functional
30473,functional
4836,functional
27983,functional
9525,non functional
62803,non functional
42293,functional needs repair
74054,non functional
7742,non functional
54826,functional needs repair
55455,functional
14444,functional
6970,functional
34337,non functional
21607,functional
37739,non functional
62581,non functional
20025,functional
4702,non functional
30893,non functional
69766,non functional
32244,functional
1264,functional
54773,non functional
47644,functional
55981,functional
20622,functional needs repair
43302,functional
8310,non functional
61515,non functional
9595,non functional
69716,functional
67353,functional
39325,non functional
67668,non functional
54642,functional
52389,functional
34674,functional
13383,functional
5179,non functional
11217,functional
19953,functional
73062,functional
2337,non functional
63756,functional
23859,functional
43585,non functional
21531,non functional
12275,non functional
15224,functional needs repair
12117,functional
58121,non functional
41411,functional needs repair
29087,functional needs repair
13221,functional needs repair
17693,functional
15514,functional
32410,functional
5669,functional
71054,functional
53824,non functional
68105,functional
41488,functional
43981,non functional
6221,non functional
52342,non functional
7879,functional
61530,functional
41674,functional
10714,functional
16869,functional
42862,non functional
6349,functional
3796,non functional
38416,non functional
61299,non functional
58107,non functional
32651,functional
52659,non functional
27988,functional
19896,non functional
65828,functional
10697,non functional
48675,functional
41280,functional
12403,functional
37492,functional needs repair
41902,functional
56214,functional
63412,non functional
70351,functional
36972,functional
73864,non functional
18013,functional
32822,non functional
13278,functional needs repair
40117,functional
22524,non functional
25396,functional
2679,functional
53180,functional
27207,functional
43659,non functional
67511,non functional
47181,non functional
9376,non functional
26491,non functional
37565,functional
26888,functional
20964,functional needs repair
31184,functional
33703,functional
59319,non functional
13208,non functional
44695,functional
44290,functional
24765,functional
49125,functional
52166,non functional
57798,non functional
2218,non functional
60637,non functional
60848,functional
53963,functional
787,functional
3433,functional
25717,functional
65412,functional
58523,functional
55681,functional
68475,non functional
18880,non functional
29454,functional
22196,non functional
46240,functional
22215,functional
24448,non functional
18481,functional
33490,functional
35066,non functional
22329,non functional
12839,functional
37708,non functional
37344,functional
63291,functional
8284,functional needs repair
49499,functional
47736,functional
50601,non functional
69954,functional
12508,functional
10609,non functional
70016,non functional
7903,non functional
43002,functional
66368,functional needs repair
58745,functional needs repair
59689,non functional
28114,non functional
52745,non functional
2995,functional
70429,functional
18265,functional
31149,non functional
21530,non functional
29369,non functional
55046,non functional
47030,functional
43938,functional
60176,functional
65909,non functional
4775,non functional
4507,non functional
9103,functional
44255,non functional
66953,non functional
27802,non functional
11160,functional
41235,functional
2330,non functional
50801,functional
43071,non functional
51616,functional
43326,non functional
40459,non functional
4669,non functional
64682,functional
50419,functional
39890,non functional
55057,functional
53600,non functional
28175,functional
72126,functional
27141,functional
46578,functional
72113,non functional
59166,functional
9134,functional needs repair
746,functional
41915,functional needs repair
22556,functional
20246,non functional
11515,functional
19430,functional
23746,functional
6830,functional
27011,non functional
24285,functional
42163,non functional
62065,functional
60155,functional
23399,functional
69686,non functional
37082,functional
10126,non functional
64611,functional
36939,non functional
70358,functional needs repair
620,functional
39942,functional
46776,non functional
19381,functional
6041,non functional
42233,functional
3288,functional needs repair
16816,functional
72797,functional
39835,non functional
3663,non functional
67344,functional needs repair
64566,functional
46248,functional
35867,functional
57763,functional
62724,functional
47369,non functional
65277,functional
49485,functional
13775,functional
64012,non functional
57676,functional
9983,functional
73032,functional
25978,non functional
51337,functional needs repair
16207,functional
42407,functional needs repair
10327,functional
51836,non functional
20600,non functional
64952,functional
13716,non functional
71652,non functional
73091,non functional
41990,non functional
39804,functional
26680,functional
15835,functional
3978,non functional
37595,functional
41736,functional
64810,functional
57178,functional
39383,functional
52272,non functional
56085,non functional
17678,non functional
7033,non functional
64461,functional
5401,functional
61587,non functional
24791,non functional
37648,functional
8714,non functional
47626,non functional
32802,functional
52147,functional
24466,functional
56075,non functional
48548,non functional
59289,non functional
22293,non functional
39774,functional
56399,functional
67685,functional
50370,non functional
51837,functional
69436,non functional
28139,functional
43411,functional
2813,non functional
63849,functional
68456,non functional
9247,non functional
15108,functional
30434,functional
27951,non functional
42413,non functional
61361,non functional
60867,functional
46843,functional
50249,non functional
72242,non functional
41364,non functional
58825,non functional
11434,functional
40506,functional
70774,functional
27602,non functional
36946,non functional
69670,non functional
48900,functional
59542,functional
14551,functional
40914,functional
5917,functional
7096,non functional
645,functional
46528,non functional
59241,functional
59455,non functional
47974,functional
5635,functional
49515,non functional
58110,non functional
41241,functional
16576,non functional
63197,non functional
46796,functional
68362,non functional
8260,functional
63853,non functional
48444,non functional
62719,functional
56371,non functional
40523,functional
25353,functional
26318,functional
47205,functional needs repair
4078,functional
6999,non functional
71922,functional
32572,non functional
60137,functional needs repair
52690,functional
52077,non functional
35757,functional
17772,functional
34972,functional
38674,functional
51235,functional
42990,non functional
25884,functional
61134,functional
1534,non functional
25033,non functional
22535,non functional
68624,non functional
39967,non functional
65614,functional
4218,non functional
16400,functional
26518,functional
31194,functional
68390,functional
18111,functional
5976,non functional
6695,functional
66619,non functional
43267,non functional
3426,non functional
41710,functional
11827,functional
22381,functional
68810,functional
70910,non functional
26075,functional
7560,functional needs repair
17647,functional
8509,functional
73249,functional
35540,functional
18007,functional
32991,non functional
22005,functional
5619,non functional
44603,non functional
7158,functional
69911,functional
6434,non functional
3191,functional
48647,functional
68354,functional
59837,functional
29800,non functional
34094,non functional
21917,non functional
2347,functional needs repair
31409,functional
22642,non functional
29129,non functional
72172,functional needs repair
2657,non functional
23446,non functional
57901,functional
17054,functional
54306,functional
38882,non functional
73620,functional
10493,functional
25468,non functional
63863,non functional
9371,non functional
40314,functional
57786,functional
45514,functional
21415,functional
7707,non functional
35323,functional
54292,functional
65717,non functional
20112,functional
62091,functional
30197,functional
13021,functional
10628,functional
5353,functional
21744,functional
18669,non functional
58159,non functional
58518,functional
42319,functional
52619,functional
1985,non functional
42261,functional
14152,functional
28299,functional
13153,functional
38048,non functional
13717,non functional
47076,non functional
382,functional
1286,functional
6722,functional
36241,functional
38833,non functional
67463,functional
61756,non functional
65218,functional
2989,functional
14945,non functional
3530,functional
34277,non functional
381,functional needs repair
43316,functional
49033,non functional
10755,non functional
57889,functional
31247,non functional
67629,functional needs repair
38918,functional
35282,functional
47953,functional
518,functional
32996,functional
24200,functional
18249,functional needs repair
46704,non functional
36409,non functional
21551,non functional
5057,functional
16287,functional
30258,functional
55744,functional
56468,non functional
67793,functional
4666,functional
49865,functional
5188,non functional
51339,non functional
10900,functional needs repair
41930,functional
16530,functional
63150,non functional
38821,non functional
32854,non functional
42586,functional
1156,functional
11359,functional needs repair
45346,non functional
10621,functional
20220,functional
67236,non functional
47210,functional
4093,functional
1803,non functional
32969,functional needs repair
61675,functional
50731,non functional
14047,functional
39648,non functional
61894,non functional
1455,functional
47860,functional
55557,functional
59041,functional
61478,functional needs repair
21466,functional
64303,non functional
54061,non functional
64862,functional
26764,functional
38518,non functional
59498,functional needs repair
73013,functional
54621,non functional
68361,functional
26894,non functional
20774,non functional
54867,functional
24607,functional
57685,functional
33665,functional needs repair
45157,functional
62258,functional
5421,non functional
72676,non functional
35284,functional needs repair
51486,non functional
47147,functional
37001,non functional
31771,functional
24239,non functional
3258,non functional
72419,functional
44710,functional
36676,functional
4056,functional
52995,non functional
63888,functional
64409,functional
30987,non functional
47078,non functional
64255,functional
27405,functional
35846,non functional
19801,functional
25869,non functional
65752,functional needs repair
39999,functional
58957,functional needs repair
39533,functional needs repair
5990,functional
61559,non functional
54453,non functional
15344,non functional
205,functional
12,non functional
44601,functional
63022,functional
72619,functional
70539,functional
7884,non functional
62030,functional
18938,functional
19518,functional
25291,functional
40684,non functional
5339,functional
35536,functional
54760,functional
26614,functional
39697,non functional
13822,non functional
11986,functional
10941,non functional
36203,functional
71319,functional
14579,functional
5078,functional
63851,functional
32474,non functional
9252,non functional
40627,functional
54868,functional
5545,non functional
49029,functional
7002,non functional
23612,non functional
325,functional
25333,functional
56391,non functional
23445,non functional
25774,functional
28475,functional
35241,functional
25335,functional
29414,functional
11852,functional
2896,non functional
9464,functional
60403,functional
8621,non functional
11517,functional needs repair
40330,non functional
52960,non functional
50986,non functional
39141,functional
55706,functional needs repair
46863,non functional
39755,functional
63674,non functional
51681,functional
47719,functional
61923,functional
68789,functional
39299,functional
58175,functional needs repair
16292,non functional
70003,non functional
59347,functional
12099,functional
28012,non functional
41480,functional
20315,functional
17912,non functional
36335,non functional
22491,functional
70064,functional
64262,non functional
9202,functional
17733,non functional
59190,functional
46065,functional needs repair
66367,functional
13963,functional
58305,functional needs repair
38195,non functional
22118,functional needs repair
25805,non functional
9420,non functional
41982,functional
15221,functional
32618,functional
53593,functional
58275,functional
6636,functional needs repair
10516,non functional
71126,non functional
29687,non functional
64756,non functional
10163,functional
43575,functional needs repair
63416,functional
10310,functional
18612,functional needs repair
35092,functional
43551,non functional
68294,non functional
19180,functional
31372,functional needs repair
10412,functional
42480,functional needs repair
28918,functional
9502,functional
70307,non functional
45050,non functional
10511,functional
17915,functional
70062,functional
60456,non functional
25144,non functional
60007,non functional
41761,functional
28803,functional
66777,non functional
60332,functional
47385,non functional
2668,functional
4128,functional
22684,non functional
24004,functional
41115,functional
3256,functional needs repair
48176,non functional
53026,functional
14562,functional
11599,functional
52769,functional
68530,functional
17192,non functional
52746,functional
1464,functional
24963,functional
54564,functional
44902,functional
72827,functional
6096,functional
49169,functional
43890,non functional
8799,non functional
54146,non functional
43480,non functional
35019,functional needs repair
66989,non functional
74027,non functional
18692,non functional
61328,functional
70365,functional
72715,non functional
17900,non functional
43024,functional
35870,non functional
65890,functional
18641,functional
46729,functional needs repair
25015,functional needs repair
57116,functional
1750,functional
59835,non functional
11430,functional
12262,functional
19361,non functional
58702,functional
58043,functional
15769,functional
46561,functional
45191,functional
47865,non functional
50051,functional
7743,non functional
56104,functional
71247,functional
33943,functional
52418,non functional
31840,non functional
1778,functional
39992,functional needs repair
29909,non functional
2851,non functional
8552,functional
32172,functional
38044,functional
61939,non functional
55366,functional
17067,functional
18915,non functional
61868,functional
69120,non functional
22152,functional
15254,non functional
44224,functional
67955,functional
42573,functional
66004,non functional
58475,non functional
19846,non functional
35343,functional
30868,functional
32856,non functional
43873,functional
62380,functional
74233,functional needs repair
34438,functional
22299,functional
5288,functional
55402,functional
52650,non functional
24871,non functional
40283,functional
42967,functional
14940,functional
62007,functional
71862,non functional
68934,functional
14516,functional
18226,non functional
38493,functional
69195,non functional
2631,functional needs repair
64432,non functional
53216,functional
12998,non functional
16486,non functional
16061,non functional
61943,non functional
44692,non functional
35367,functional
37517,functional
60440,non functional
64376,functional
68287,functional
57761,functional
57084,functional
36147,functional
25604,non functional
2251,functional
2602,functional
71257,functional
66972,functional
67959,non functional
28132,functional
3628,non functional
43009,functional
25157,functional
3141,functional needs repair
31943,non functional
35523,functional
31008,non functional
54525,functional
11840,functional
10957,non functional
53437,functional
46899,non functional
31403,functional
20768,functional
12798,non functional
50200,functional
9526,non functional
43572,functional
66169,functional needs repair
49960,functional
48022,functional
10045,functional needs repair
69480,functional
43231,functional
55307,non functional
27734,functional
74131,non functional
51954,functional
23994,non functional
60492,functional
19911,functional
63556,non functional
53820,functional
55363,non functional
3427,functional
61612,non functional
71264,functional
27660,functional
11471,non functional
46339,functional
8570,functional
52146,functional
48920,functional
54249,non functional
27424,functional
60092,non functional
15446,functional
26252,functional
7896,functional
16699,non functional
14905,non functional
73358,functional
27541,non functional
33290,functional
40440,functional
6104,non functional
67165,non functional
73748,functional
61623,functional
34561,functional
7589,functional
45767,non functional
27310,functional
67213,functional
14815,non functional
41315,functional
64336,non functional
3431,functional
31985,non functional
61605,functional
10221,functional
58830,functional
37529,functional
2319,non functional
47981,functional
59025,non functional
62614,functional
12050,non functional
57035,non functional
48227,functional
53461,functional
14710,functional needs repair
25695,functional
793,functional needs repair
62992,non functional
74243,non functional
41931,functional
72848,non functional
30818,functional
44288,functional
48888,functional
68187,functional
43836,functional
51077,non functional
4664,non functional
67397,non functional
53101,functional
21156,functional
28721,non functional
7468,functional
17373,functional
47856,functional needs repair
57649,functional
34807,non functional
57036,functional needs repair
63335,non functional
19950,non functional
35040,non functional
57417,functional
72585,functional
5935,non functional
54197,functional
58742,non functional
37331,functional
12763,functional
63771,functional
70521,non functional
32466,non functional
71723,non functional
13492,non functional
59212,functional
62734,functional
4798,functional
62607,functional
43100,functional
37124,non functional
2763,functional
55934,non functional
35814,non functional
67588,non functional
44169,non functional
50390,non functional
36434,functional
57812,functional
6035,functional
70809,functional
33343,non functional
53591,functional
65812,functional
354,functional
27829,non functional
46188,non functional
3330,non functional
73058,non functional
5171,functional
55910,non functional
32672,functional
26758,functional
32107,functional
13173,functional
6342,non functional
33021,non functional
2182,functional needs repair
53141,functional
37408,functional
59397,functional
11807,functional
68817,functional
8145,functional
6347,functional
66077,functional
44736,functional
2339,functional
52666,non functional
58695,functional
36037,functional
12377,non functional
48762,functional
45493,functional
25772,functional
37228,functional
56159,non functional
42637,functional
41412,non functional
11638,functional
30570,non functional
62684,functional
64402,non functional
72020,non functional
43052,non functional
27879,non functional
30460,functional
17200,non functional
61683,functional needs repair
27066,functional
71227,functional
64628,functional
29600,functional
72727,functional needs repair
3795,non functional
7960,functional
5573,functional needs repair
71963,functional
50402,non functional
52354,functional
16843,functional
38753,functional
52466,functional
69432,non functional
8253,functional
3828,functional needs repair
17837,functional
67153,functional
2374,functional
2472,non functional
50925,functional
23241,functional
15602,functional
20234,functional
25602,non functional
72441,functional
3753,functional
61542,functional needs repair
73605,functional
20079,functional
35346,functional
71718,functional
57969,non functional
36975,functional
26034,non functional
627,functional
15935,non functional
21191,non functional
56270,functional
59147,functional
24635,functional
54584,non functional
15913,functional
56094,functional
5029,non functional
40140,non functional
52506,non functional
37095,functional
71860,non functional
23483,functional
22998,non functional
33281,functional
44679,non functional
28223,functional
43513,functional
34004,functional
28470,functional
30490,functional
19661,non functional
39411,non functional
9375,functional
2984,non functional
17438,non functional
2020,functional
60797,functional
18791,non functional
58733,non functional
22914,functional
36328,functional
18900,non functional
55306,non functional
49084,functional
61705,functional
37829,non functional
51852,functional
14734,functional
16835,functional
6581,functional
36087,non functional
72807,functional
60011,functional
32180,non functional
14561,non functional
55219,non functional
24164,non functional
1025,functional
26722,functional
30742,functional
34733,functional
4025,functional
74026,functional
12915,non functional
44769,functional
55909,non functional
73577,functional
70109,non functional
9757,functional
17223,functional
59082,functional
39374,non functional
46673,non functional
53060,functional
25518,functional
32384,non functional
50290,functional
63161,functional
55140,functional
41144,functional
18551,functional needs repair
32893,functional
58158,non functional
59121,non functional
6360,functional
50508,non functional
59821,non functional
48257,functional
72270,functional
19199,non functional
21482,non functional
71139,functional
39847,non functional
32774,functional
20803,functional
689,functional
54489,functional
44222,non functional
23076,functional
9674,functional
28671,functional
13848,functional
16188,functional needs repair
26717,functional
52071,functional needs repair
54693,non functional
63230,non functional
55241,non functional
64639,functional
57854,functional
65938,functional
52837,non functional
34481,non functional
50715,non functional
42288,non functional
49355,non functional
3123,non functional
17547,functional
70079,non functional
29340,functional
64236,functional
38913,functional
26383,functional
9873,functional needs repair
63337,functional
21660,functional
69898,functional
29713,functional
29031,non functional
28370,functional
9043,functional
1171,functional
54518,functional
27942,functional
72294,non functional
53606,non functional
54062,functional
34891,functional
60832,functional
52065,non functional
43819,functional
371,non functional
12075,non functional
73672,non functional
26786,functional needs repair
62334,functional
67379,functional
61829,functional
21205,functional needs repair
15247,functional
30620,functional
41500,functional
53637,non functional
44191,non functional
7506,functional
20306,functional
59578,functional
59963,non functional
2025,non functional
60581,non functional
13036,functional
3206,non functional
50888,non functional
9648,non functional
20101,functional
1881,functional
71551,functional
47966,non functional
53418,non functional
26646,functional
18955,functional
5788,functional
51930,functional
23117,functional needs repair
61674,non functional
16533,functional
4902,functional
28177,functional
489,functional needs repair
56531,functional
51719,functional
67105,functional
55426,functional
2570,functional
63518,non functional
12854,non functional
60850,non functional
63312,functional
10391,non functional
1462,functional
30372,functional
18010,functional
39367,non functional
67278,non functional
9144,non functional
18567,functional
25817,functional
62213,functional
13979,functional
8847,functional
61828,functional needs repair
23724,non functional
67805,functional
11167,functional
16556,functional
34453,functional
60067,non functional
36355,functional
17631,non functional
68406,functional
16036,functional
17637,functional
30319,non functional
62471,functional
38758,functional
16387,functional
29591,non functional
32820,non functional
6940,functional
74034,non functional
31078,non functional
18868,non functional
55089,functional needs repair
43636,functional
28672,functional
47062,functional needs repair
14640,functional
62606,functional
45342,non functional
19666,functional needs repair
25345,functional
40389,non functional
23939,functional needs repair
25623,functional
71351,non functional
45105,functional
38857,functional
62357,functional
14822,functional
52685,non functional
46536,functional
42550,non functional
50902,non functional
33851,functional
59149,functional
25212,functional
15453,non functional
50500,functional
47772,functional
59907,functional
65735,functional
1382,functional needs repair
22411,functional
31412,non functional
31736,functional needs repair
72367,non functional
35984,functional
39955,functional
53040,functional needs repair
68570,non functional
47317,non functional
72567,functional
44110,non functional
35724,functional
26083,functional
17941,functional
40109,non functional
11431,functional
70780,functional
69122,functional
68551,non functional
65694,functional
68253,non functional
64199,non functional
1866,functional
68585,non functional
73124,non functional
48725,functional
31383,non functional
6790,functional
29937,functional
5791,non functional
15793,functional
14606,non functional
28658,functional
41821,functional needs repair
41688,non functional
4251,non functional
9829,functional
21244,functional
26654,non functional
53639,functional needs repair
50026,functional
32436,non functional
44524,non functional
64366,non functional
39710,functional
43607,functional
44993,functional
10263,non functional
45988,functional
71223,functional
9869,functional
56993,functional
20534,functional
29795,functional
28111,functional
50528,functional
45287,non functional
17060,non functional
37420,functional
15867,non functional
25886,non functional
48158,functional
34241,non functional
58865,functional
25639,non functional
56412,non functional
1940,functional
48110,non functional
58449,non functional
72368,functional
59092,non functional
17276,functional
61915,functional
60310,functional
38992,functional needs repair
2710,functional
245,functional
9234,functional
5441,functional needs repair
16657,functional
11295,functional
57134,functional
4278,functional
7287,functional
21773,functional
41091,functional
67939,functional
31544,non functional
32768,functional needs repair
69434,non functional
2783,functional
40000,functional
51040,non functional
24414,non functional
73913,non functional
50749,functional
3590,functional
45952,non functional
10421,non functional
11748,functional
15860,non functional
43026,functional
21557,non functional
54255,functional
40462,functional needs repair
23232,non functional
52774,functional
69663,non functional
35264,non functional
20419,functional
42790,non functional
74195,functional needs repair
24359,functional
45293,functional
56062,functional
73608,functional
52222,functional needs repair
65185,functional
7110,functional
28748,functional
69899,functional
47404,functional
33198,functional
18572,non functional
39530,non functional
59089,functional
18201,functional
12226,functional
68523,non functional
34649,functional
23725,functional
52287,functional
70065,functional
54027,functional
19806,functional
38929,functional
53382,functional
41788,non functional
15303,non functional
24978,functional
45683,functional
66596,functional
48587,functional
2154,functional
13334,functional needs repair
12155,functional
19369,non functional
31656,functional
28080,non functional
1057,functional
9554,functional
72091,non functional
30289,non functional
55022,functional
58820,non functional
36732,functional
71850,functional
64052,non functional
70651,functional
69421,non functional
38483,functional
68153,functional
46178,non functional
17928,non functional
28276,functional needs repair
4407,non functional
29705,non functional
65064,functional needs repair
57741,functional
67619,functional
55420,functional
28150,non functional
58741,functional
28853,functional needs repair
22610,functional
59335,functional
31144,functional needs repair
31773,non functional
35311,functional
70622,functional
42114,functional needs repair
73536,non functional
53827,functional
68936,non functional
41165,non functional
26394,functional
68980,non functional
47541,functional needs repair
13410,functional
56756,functional
6777,functional needs repair
13079,functional needs repair
2490,functional
4373,functional
27210,functional
54066,non functional
53664,non functional
24406,functional
10294,functional
32906,functional
19711,non functional
64481,non functional
60633,functional
64605,non functional
56343,functional
41098,functional
69448,non functional
13088,non functional
22518,non functional
27855,non functional
4542,non functional
15452,functional
13947,non functional
42639,non functional
74216,functional
51990,functional
22747,non functional
34986,functional
69832,functional
39852,functional
12984,functional
30716,non functional
55625,functional
14996,functional
46212,functional
59860,functional
40138,functional
56118,functional
39379,functional
49677,functional
25432,functional
32308,functional
65230,functional
26768,non functional
41124,functional
3406,functional
20353,non functional
44645,functional
20692,functional
19394,non functional
47511,non functional
25517,non functional
72132,functional
30082,functional
11682,functional needs repair
29533,non functional
41831,functional
59189,functional
67977,non functional
53053,functional
60362,functional
12490,non functional
1827,functional
42057,non functional
6535,functional
54031,functional
46133,functional
2738,functional
24582,functional
59447,functional
42595,functional
49633,functional needs repair
19803,functional
23878,non functional
32192,functional
31974,non functional
1990,non functional
44983,functional
70152,non functional
61724,functional
31119,functional
69795,functional
9986,functional
716,functional
4676,functional
3482,functional
44201,functional needs repair
55671,non functional
27208,functional
30649,functional
18296,functional
71000,non functional
64448,functional
21187,functional
54305,functional
27723,functional
10662,functional
6615,functional
5429,non functional
61419,functional
13114,functional
64441,functional
21465,functional
27078,functional
12306,functional
3223,functional
24551,non functional
68535,non functional
15448,functional
59294,non functional
8805,functional
31950,functional
54928,non functional
21470,functional needs repair
64347,functional
1854,functional
5959,non functional
67691,functional
14328,non functional
53072,functional
48549,functional needs repair
46000,functional
69580,functional
15130,functional
42280,non functional
45116,non functional
15647,functional
6278,functional
22166,functional needs repair
20398,functional
63838,functional
32827,non functional
58486,functional
26438,functional
51162,non functional
65049,functional
58534,non functional
36730,functional
54021,functional
11644,functional
67156,non functional
57388,non functional
69009,functional
47463,non functional
44367,non functional
17165,functional
27478,non functional
67132,functional needs repair
16205,functional
70650,functional
32622,functional needs repair
71576,functional
52459,functional
18731,functional
8604,non functional
33090,functional
54821,functional
61459,functional
33051,non functional
1725,non functional
32794,non functional
26781,functional
73527,functional
32257,non functional
59232,non functional
559,functional
19368,non functional
33099,non functional
27768,non functional
53164,functional
42422,non functional
54025,functional
23267,functional
60131,functional
64963,non functional
25418,functional
67006,functional
67865,functional
13104,functional
47092,non functional
25917,functional
37410,non functional
23683,functional
27929,functional
46386,functional
17909,functional
22235,functional
22231,functional
30364,functional
35133,functional
15409,functional
18862,functional
12241,functional
67779,non functional
11148,functional
61027,functional
74086,non functional
66335,non functional
11757,functional
7957,functional
58438,functional
2885,functional
70418,functional
28161,functional needs repair
41840,non functional
43648,non functional
23971,non functional
65707,functional
71031,functional
1114,non functional
27093,non functional
58345,functional
67832,non functional
67399,functional
11139,non functional
42927,functional
55901,functional needs repair
68864,non functional
15283,functional
62280,non functional
3565,functional
40150,functional
30486,non functional
25316,functional
9123,functional
11760,functional
50991,functional
8132,functional
58749,functional
23389,functional
70209,functional
49899,non functional
38781,functional
44104,non functional
26247,non functional
24309,non functional
56809,functional
51579,functional
31573,non functional
50406,non functional
60446,functional
7732,non functional
61982,functional
18765,functional
12544,non functional
67536,functional
58163,functional
64050,functional
24149,functional
33645,functional
47985,functional
29319,functional
21132,functional
42096,non functional
40361,functional needs repair
63595,functional
26214,functional
8687,functional
29712,functional needs repair
66543,functional
71228,functional
47367,non functional
68414,functional
2901,non functional
31379,functional
28039,non functional
66785,functional
64998,functional
41901,functional
47852,functional
64550,functional
36043,non functional
48365,non functional
72186,functional
10442,non functional
12027,non functional
16243,functional
12579,functional
55130,functional
62575,non functional
13162,non functional
3678,non functional
23919,functional
18179,functional
68631,functional
29323,functional
7618,functional
59777,functional
39954,functional
16915,non functional
33616,functional
9283,functional
58247,non functional
398,functional
55747,non functional
21284,non functional
63298,non functional
56068,functional
27264,non functional
22094,functional
10645,functional
39795,functional needs repair
55725,functional
49045,functional
32090,functional
14704,non functional
48851,non functional
73176,non functional
11318,functional
4945,non functional
3025,functional
52701,non functional
69455,functional
61014,functional
30773,non functional
15176,functional needs repair
41729,functional needs repair
40856,non functional
16614,functional
1375,non functional
28072,functional
63143,functional
22497,functional
28784,functional
7799,functional
73575,non functional
7051,non functional
40065,functional
15930,non functional
27562,functional
25920,functional
43853,functional
38890,non functional
45872,functional
44782,functional
28440,functional
20317,non functional
13436,functional
72236,functional
3038,non functional
29805,functional needs repair
11293,non functional
65401,functional
9657,non functional
68460,functional needs repair
59621,non functional
17583,functional
28262,functional
17620,functional
59158,non functional
46884,functional
63579,functional
41420,functional
46348,functional
70260,functional
67843,functional
56222,functional
40125,functional needs repair
48026,functional
20114,functional needs repair
41076,functional
39602,functional
64968,functional
44291,functional
13832,functional
41865,non functional
30397,non functional
18064,non functional
38996,non functional
26844,non functional
19335,functional
63111,functional needs repair
40630,non functional
25242,functional needs repair
67023,functional
16499,functional
46855,functional
10547,functional
22071,functional
69088,functional
31630,functional
1249,non functional
7438,non functional
13927,non functional
53287,functional needs repair
27696,non functional
63594,functional
8605,non functional
18124,non functional
27095,non functional
53426,functional
54797,non functional
35921,non functional
67537,functional
73155,functional
41769,functional
13000,functional
71373,functional
16772,non functional
60936,non functional
69150,functional
44227,functional
10379,non functional
65819,functional needs repair
24230,non functional
29731,functional
62890,functional
15168,functional
51050,functional
70726,functional
56574,non functional
73382,non functional
38746,non functional
38005,functional
49204,functional
61790,functional
65142,functional
42939,functional needs repair
28651,functional
36128,functional
68320,non functional
60262,non functional
46310,functional
31905,functional
70217,non functional
30876,functional
61751,functional
68739,functional needs repair
41709,functional
46139,functional
54455,non functional
29100,functional
54837,non functional
48898,functional
24002,functional
54569,functional
12976,functional
44228,non functional
17945,functional
28242,non functional
7770,functional
63011,functional
1066,non functional
63641,non functional
24318,functional
61946,functional
33948,functional
30786,functional
28343,functional
57485,functional
47416,functional
73596,functional
14943,functional
15305,functional
28818,functional
44975,functional
23636,functional
1802,functional needs repair
37189,functional
44406,non functional
70183,non functional
71380,functional
50995,functional
60268,non functional
22419,functional
20369,non functional
41008,functional
42309,non functional
12979,non functional
6842,non functional
39882,functional
54294,non functional
16926,functional
3614,functional needs repair
55157,functional
53189,functional
42086,functional
25605,functional
44720,functional
11749,non functional
46452,functional
35741,functional
61808,functional
29674,functional
30959,non functional
35872,non functional
66066,functional
6187,functional
11568,functional
21010,functional
21519,functional needs repair
26443,functional
47553,functional
5593,functional
52725,functional
5643,functional
27976,functional
49249,non functional
63519,functional
31949,functional
184,functional
13862,functional needs repair
22768,non functional
55230,functional
9466,functional needs repair
5369,non functional
10593,non functional
48048,non functional
42088,non functional
37147,functional
18867,functional
3863,functional
45704,functional
4854,functional
67345,non functional
73074,functional
66903,non functional
10475,functional
71147,functional
72458,functional
64291,functional needs repair
65950,non functional
26817,functional
72387,functional
45706,non functional
20365,functional
17454,functional
66044,functional needs repair
47160,non functional
7379,functional
31984,non functional
25250,functional
20134,functional
7402,functional
67242,non functional
63424,non functional
7146,functional
38745,functional needs repair
34216,functional
18529,non functional
28823,non functional
10260,functional
34778,functional
44880,non functional
59146,functional
16006,non functional
51407,functional
12288,non functional
61485,functional
38207,functional
6679,functional
69887,functional
5630,non functional
26221,functional
36785,non functional
60897,non functional
10708,non functional
68159,functional needs repair
46768,non functional
70261,functional
15455,functional
28322,non functional
17921,functional
13970,non functional
7480,functional
73634,functional needs repair
49842,functional needs repair
17100,functional
58436,functional
2482,non functional
48592,functional
9095,non functional
70479,functional
11009,functional
71255,functional
65905,functional
58410,functional
40892,non functional
41766,functional
63192,non functional
43363,functional needs repair
19237,non functional
28957,non functional
22031,functional
73923,functional
61275,non functional
66266,functional
423,non functional
4266,non functional
5334,functional
63386,functional
71181,non functional
64864,functional
42877,functional
60652,functional
962,functional
60619,functional
6293,functional
39657,functional
66908,functional
30200,functional
53173,functional
36725,functional
4968,non functional
71158,functional
40134,functional
69981,functional
24550,functional
38873,functional
39488,functional
65809,functional needs repair
2985,non functional
4974,functional
11486,functional
67577,functional
30998,non functional
12700,functional
9141,functional
43152,functional needs repair
20695,functional
20076,functional
7341,functional
30839,non functional
63622,functional needs repair
33138,functional
12387,functional
296,functional
4564,functional
64305,functional
24013,non functional
28837,functional
49142,functional
12331,non functional
16133,functional
64656,functional
18505,functional
59268,functional
37470,functional
18239,functional
74053,non functional
14806,functional
36844,functional needs repair
35081,functional
71509,functional
53941,functional needs repair
64106,functional
51226,non functional
25779,functional
32997,functional
19404,functional
36142,functional
64278,functional
33011,functional
33935,non functional
24370,functional
39289,non functional
25193,functional
45381,functional
7329,functional
43895,functional
33919,non functional
45366,non functional
20472,functional
54007,functional
47742,functional
67135,non functional
1153,functional
14090,non functional
13539,functional
16475,functional
71521,functional
10969,functional
73758,functional
57892,non functional
42455,functional
8459,functional needs repair
6330,non functional
8578,non functional
53769,non functional
44639,functional
50600,functional
11054,functional
69080,functional
20809,functional
26899,non functional
272,functional
69325,non functional
18257,non functional
34749,functional needs repair
4450,functional needs repair
62358,functional
5689,non functional
34814,non functional
30222,functional
52607,functional
70172,non functional
16875,non functional
5028,functional
14466,functional needs repair
73090,non functional
2846,non functional
7474,functional
42,functional
67275,functional
34314,functional
24985,functional
68011,functional
44487,functional
69590,functional needs repair
68845,functional needs repair
38924,functional
38640,functional
21495,functional
29280,functional
13875,non functional
43340,functional
46106,functional
28694,functional
11284,functional
53850,non functional
5953,non functional
10033,functional needs repair
60917,functional needs repair
57524,non functional
52644,non functional
70396,non functional
18019,functional
283,functional
48633,functional needs repair
41002,functional
14677,functional
58673,non functional
31581,functional
4694,functional
45140,functional
20475,non functional
6887,non functional
32718,functional
28771,non functional
19469,non functional
27881,functional
7463,non functional
53746,functional
25662,functional needs repair
7209,non functional
32083,functional
45504,non functional
56728,functional
8250,functional
22688,functional
67676,functional
14243,functional
52884,functional
70186,non functional
70108,functional
9582,functional
18859,non functional
55290,non functional
182,functional
68191,non functional
40405,functional
15363,functional
2937,functional
36389,non functional
32460,non functional
16415,non functional
66490,functional
624,functional
57093,non functional
71277,functional
24042,functional
56882,functional
21126,non functional
4860,non functional
67878,non functional
532,non functional
24628,functional
58635,functional
26355,non functional
61757,non functional
47396,non functional
64370,functional
36867,functional
35550,functional
29888,functional
50063,non functional
33381,non functional
71288,functional
59999,functional
12658,non functional
14683,functional
34404,non functional
43646,functional
63379,functional
51433,functional
27806,non functional
53288,functional
39333,functional
6218,functional
6782,functional needs repair
43791,functional
3021,functional
1197,non functional
46902,non functional
62871,functional
58059,functional needs repair
13929,functional
61484,functional
42570,non functional
69321,non functional
31893,functional
49928,functional
38281,non functional
64860,non functional
35871,functional
42840,non functional
2192,functional
70941,non functional
33062,non functional
14687,non functional
20235,non functional
71625,functional
29618,functional
31112,functional
72911,functional
12153,functional
64325,functional
35450,functional
61910,functional
47828,functional needs repair
73487,non functional
66162,functional
7649,functional
46603,functional
63280,functional
6527,functional needs repair
27833,non functional
58178,functional needs repair
52231,functional
37855,functional
16579,functional
39989,non functional
983,functional
51454,functional
50344,non functional
68583,functional
44477,functional
73258,functional
59220,functional
57978,non functional
33140,functional
37296,functional
45956,functional
22060,non functional
57953,non functional
37703,functional
61435,non functional
40237,non functional
23873,functional
54415,functional
59903,functional
4862,functional
25189,functional
51465,non functional
64396,functional
60087,functional
7441,functional
72392,non functional
67176,non functional
39564,non functional
16787,non functional
18278,non functional
34867,non functional
19052,non functional
23457,functional
8690,functional
52267,non functional
69396,functional
43107,functional
35340,non functional
15605,functional
49454,non functional
3295,functional needs repair
67098,non functional
28608,functional
47848,functional
48630,non functional
3207,functional needs repair
15671,non functional
25539,functional
53645,non functional
44326,functional
54633,functional
9761,non functional
2774,functional
24913,functional
38374,functional
68230,functional
30438,functional needs repair
2830,functional needs repair
55903,functional
23096,functional
60780,non functional
70750,non functional
40338,non functional
40756,non functional
18086,functional needs repair
67628,functional needs repair
71175,functional
39028,functional
4302,non functional
54169,functional
48740,functional
34577,non functional
59690,functional
67455,non functional
29857,functional
13014,non functional
41708,non functional
19977,non functional
65359,functional
57291,functional
36440,functional
2533,functional
63867,functional
2669,non functional
64927,functional needs repair
28676,functional
103,functional
58498,functional
1835,non functional
53565,functional
52903,non functional
29412,non functional
66347,functional
7406,non functional
2870,functional
64765,non functional
14657,functional
7478,functional
45131,non functional
64537,functional
8654,non functional
51394,functional
3739,functional
30152,functional
45498,functional
73309,functional
39468,functional
26449,functional
61492,non functional
15715,functional
46852,functional needs repair
10517,functional
41926,functional
50321,non functional
2046,non functional
42801,non functional
73960,non functional
64931,functional
23439,functional
41485,non functional
48919,non functional
54796,functional
46365,non functional
8609,non functional
53300,non functional
23209,functional
55466,non functional
3680,functional
34788,non functional
42397,non functional
54618,non functional
15501,functional
55190,non functional
6835,functional
73594,functional needs repair
18469,functional
20268,non functional
34658,non functional
34069,functional
19235,non functional
64751,non functional
38796,functional
55185,functional
67829,non functional
5428,non functional
19927,non functional
46923,non functional
51715,functional
65482,functional
30417,functional
12025,functional
48771,non functional
29680,functional
4921,non functional
4087,functional
36498,non functional
7455,non functional
34955,functional
8922,non functional
67525,non functional
16681,non functional
32243,functional
61482,functional needs repair
59451,non functional
71108,functional
64887,non functional
36935,functional
68425,functional
6301,non functional
40552,functional
63200,non functional
6981,functional
38802,functional
956,non functional
31705,functional
13384,functional
17306,non functional
52015,functional
34693,functional
32623,functional
47198,functional needs repair
1629,functional
26748,functional
64383,non functional
72858,non functional
57964,functional
62314,functional
39056,functional
15507,non functional
14637,functional
10897,functional
67185,functional
36092,functional needs repair
8475,functional
29862,non functional
72920,functional
58269,functional
62920,functional
63121,functional
905,functional
66661,functional
41693,functional
35569,functional
5049,functional needs repair
68060,non functional
73035,functional
35487,functional
38879,functional
42285,non functional
17268,functional
8789,functional
32816,non functional
8917,functional
35388,non functional
39708,functional needs repair
21100,functional
22348,functional
25737,functional
13281,functional
34539,functional
32536,functional
57613,functional
31107,non functional
55803,non functional
51270,functional
26442,non functional
36678,functional
22520,functional
17303,functional
42977,non functional
68348,functional
14244,non functional
45325,functional
50137,functional
59080,non functional
66274,functional
61456,functional
52242,functional
31964,functional
70740,functional needs repair
59702,non functional
35231,functional
3415,functional
68811,functional
28578,non functional
23398,functional
25660,functional
22613,non functional
23941,functional
9219,functional
11051,non functional
6730,functional
70131,non functional
33961,functional
45034,non functional
33394,functional
62610,non functional
2704,non functional
25963,functional needs repair
41467,non functional
38217,functional
30145,functional
19160,functional
1526,functional
36692,non functional
64011,functional
49805,functional
72622,non functional
33103,functional
24473,functional
68834,functional
70363,non functional
73848,non functional
70619,functional
68020,functional
73424,functional
33528,non functional
2732,functional
46454,non functional
34805,functional
49747,non functional
45486,non functional
1032,functional
52799,functional
932,functional
9762,functional
20045,functional
39237,non functional
58350,functional
55117,functional
73867,functional
43928,non functional
69748,non functional
53320,functional
26919,non functional
50821,non functional
23493,non functional
13076,non functional
52976,functional
3519,functional
34644,non functional
39150,functional
6831,non functional
55481,functional
10410,functional
7941,functional
68629,functional
847,functional
18374,non functional
38828,non functional
43311,functional needs repair
9320,non functional
22137,functional
44119,functional
42781,functional
9281,functional
65292,functional
16604,non functional
28029,functional
23173,non functional
23666,non functional
44409,functional
61172,non functional
42895,functional
73072,functional
31038,functional needs repair
16003,functional
50684,non functional
42019,non functional
30655,functional
21943,functional
5269,functional
52582,non functional
40377,functional
14058,non functional
18926,functional
17429,non functional
69802,functional
63700,non functional
24831,functional
32124,non functional
49642,functional
29092,non functional
11502,non functional
26741,functional
29585,functional
57869,non functional
51074,non functional
57039,functional
70180,functional
25945,non functional
71826,non functional
44037,functional
72274,functional
52692,non functional
49330,functional needs repair
8388,functional
61193,functional
3070,non functional
46269,non functional
11412,functional
2994,functional
44727,functional
57447,functional
73423,non functional
18419,functional
69492,functional
44686,functional
37613,non functional
32874,non functional
13561,functional
65374,non functional
61968,functional
74149,non functional
73047,non functional
27484,non functional
14346,functional
40014,functional
35695,functional
39139,functional
62616,functional
58579,non functional
50073,functional
2771,non functional
59852,functional
13004,non functional
25324,functional
24320,functional
22637,functional
12317,functional
20741,functional
66424,functional
58000,functional
66083,functional
14948,functional
39250,functional
36302,functional
18224,functional
11506,functional
36697,functional
14817,non functional
55596,functional
52555,non functional
26123,functional
71697,functional
64704,functional needs repair
4788,non functional
23425,functional
52780,functional needs repair
33867,functional
14506,functional
15384,functional
47650,functional needs repair
34490,non functional
47639,non functional
46460,non functional
38168,functional
26210,functional
62251,functional
49446,non functional
41335,non functional
57369,non functional
30855,functional
37352,functional
49207,functional
12392,functional
16262,non functional
36188,functional
38319,non functional
64173,non functional
62168,functional needs repair
46253,non functional
42129,functional
50396,non functional
68620,functional
58054,functional
49405,functional
16962,non functional
55408,non functional
38633,functional
47349,non functional
8311,non functional
62226,non functional
38911,functional needs repair
27453,non functional
3785,functional
11689,functional
22680,functional
70567,functional
48051,non functional
31016,non functional
37674,non functional
51735,functional needs repair
39800,functional
41489,non functional
41834,functional needs repair
68236,functional
43159,functional
4113,functional needs repair
68318,non functional
9663,functional
8035,functional
38051,functional needs repair
38426,functional
5665,functional
7522,functional
51111,functional
26546,functional
35551,non functional
18846,functional
69521,non functional
23854,functional needs repair
3080,functional
21594,functional
37984,functional
41459,functional
38948,functional
7880,functional
22320,non functional
17586,functional
34966,non functional
5211,functional
14049,non functional
65367,non functional
45755,functional
47390,functional
55441,non functional
67562,functional
69437,non functional
74001,functional
8915,functional
39715,functional
27348,functional
68308,non functional
16892,non functional
5486,functional
60860,functional
32830,functional
36621,non functional
61663,functional
14509,functional
67636,non functional
47263,functional
65415,functional
60454,functional
29861,functional
53821,non functional
54298,non functional
11833,functional
22505,functional needs repair
48602,functional
59018,functional
1525,non functional
29485,functional
30587,non functional
30519,functional
16124,functional
3770,functional
5381,functional
54627,non functional
14254,non functional
37981,functional
9828,functional
977,functional
16053,functional
24991,non functional
49172,non functional
39178,non functional
18077,non functional
29821,functional
39933,functional
15350,functional
66252,functional
37277,functional needs repair
25300,non functional
66938,non functional
46224,functional
51408,functional
16817,functional
51317,non functional
46746,functional
599,non functional
54345,functional
24943,non functional
351,functional
43519,non functional
51781,non functional
27761,functional
15782,functional
16367,functional
3524,functional
41239,functional
71950,non functional
64819,non functional
38618,non functional
66453,functional
23239,functional
40311,functional
21269,functional
47051,functional
35494,functional
64212,functional needs repair
13082,non functional
61473,functional
67875,non functional
68637,non functional
6127,functional
26016,functional
22767,non functional
606,functional
12086,non functional
1513,non functional
44372,functional
59669,non functional
61980,functional
61850,non functional
37950,non functional
19964,functional
62648,functional
35904,functional
73826,functional needs repair
37966,non functional
49483,functional
45673,functional
27257,non functional
25540,functional
73776,functional
11083,non functional
8357,functional
46588,non functional
31750,non functional
39484,functional
19535,functional
40098,non functional
50588,functional
36567,functional
1645,functional needs repair
67608,functional
33991,non functional
7855,functional
44843,functional
36425,functional
66184,functional
3023,non functional
50348,non functional
71888,functional
25413,functional
70221,non functional
49086,non functional
5493,non functional
41248,non functional
50363,functional
42451,functional
49543,functional
51520,functional
18187,functional
17241,non functional
59748,functional
72906,functional
1550,non functional
62329,functional
32819,functional
73696,functional
36288,non functional
32370,functional
21624,functional
26091,functional
65792,functional
21242,functional
10364,functional
46993,functional
49373,non functional
6871,functional needs repair
63872,functional
38686,non functional
45858,non functional
28870,functional
30739,functional
42528,functional
59288,non functional
46655,functional
7201,non functional
2238,non functional
71724,non functional
12073,functional
11314,functional
6961,functional needs repair
7708,non functional
4822,non functional
33527,functional
38219,functional
8745,functional
17613,functional
60533,functional
38524,functional
54795,functional
66147,functional
1797,functional
30047,non functional
28239,functional
16832,functional
47282,functional
21992,functional
15939,functional
62349,functional
20282,functional
43354,functional
67542,functional
41740,functional
62651,non functional
4260,functional
44281,non functional
56811,functional
51623,functional
58542,functional
17911,non functional
38792,functional
69340,non functional
692,functional
14195,functional
33454,functional
61417,functional
71101,functional
25514,functional
68557,functional
8473,functional
37922,non functional
39532,non functional
22387,non functional
50225,functional
53888,functional
59517,functional
41041,functional
17456,functional
10113,functional
72987,non functional
477,non functional
505,functional
15289,functional
48683,non functional
2598,non functional
49948,functional
29148,functional
25319,functional
45268,non functional
37284,functional
23373,functional
59371,non functional
8382,functional
29051,functional
28317,non functional
59720,non functional
36707,non functional
22269,functional
32655,functional
42854,functional
15968,non functional
46192,functional
69167,non functional
67321,non functional
3609,non functional
41348,non functional
9562,functional needs repair
63292,non functional
39398,non functional
7636,functional
21464,non functional
19310,non functional
9700,functional needs repair
26826,non functional
42913,non functional
35965,functional
10028,non functional
41810,functional
70956,functional
4950,non functional
11698,functional
65528,non functional
58645,non functional
56657,non functional
24957,functional
28667,functional
47809,functional
62149,functional
65652,non functional
8212,functional
66095,non functional
18194,non functional
56989,non functional
54515,functional
38630,functional
42507,functional
45827,functional
37905,functional
64298,non functional
46181,functional
48651,functional
25437,functional
12526,functional
44538,functional
68581,functional
63808,functional
71311,functional
3998,non functional
29894,functional
9960,functional
15581,functional
49043,functional
38904,non functional
26539,non functional
51704,functional
58098,functional
64473,functional
52648,non functional
37305,non functional
72600,functional
23870,functional
38626,functional
14229,functional
21043,functional
47682,non functional
73927,functional
13142,functional
16665,functional
45841,functional
65956,non functional
773,functional
3835,functional
49092,functional
60056,functional
52321,functional
25449,functional
72969,non functional
54841,non functional
9794,functional
25899,functional
51697,non functional
17782,functional
36530,functional
27496,functional
72397,non functional
33841,functional
55118,functional
48816,functional
33909,functional
7260,functional needs repair
68754,non functional
16130,functional
63567,non functional
55017,functional needs repair
55399,non functional
52778,functional
37338,functional
69342,functional
8493,functional
18633,functional
72404,non functional
58244,functional
38412,non functional
30531,functional
19222,non functional
20938,non functional
72726,functional
52772,functional
15042,functional
21528,functional needs repair
54103,non functional
34260,functional
37037,functional
68981,functional
9065,non functional
54898,functional
42534,functional
44944,functional
54049,functional
50244,non functional
61006,functional
7889,functional
3187,functional
30503,functional
6105,functional
59362,functional
33667,non functional
47497,functional
61539,non functional
41231,non functional
53998,non functional
71744,non functional
57799,functional
42264,non functional
62835,functional
52358,functional
41416,functional
70760,non functional
15686,non functional
44818,non functional
43136,functional
39498,functional
46125,functional needs repair
36695,functional
48911,functional
27647,functional
7915,functional
5879,functional
53669,non functional
29961,functional needs repair
73395,functional
50027,functional
47592,functional
14713,non functional
69369,functional needs repair
11040,functional
26861,functional
73618,non functional
22919,functional needs repair
58789,non functional
5723,functional
68380,non functional
68893,functional
35106,functional
73700,functional
26628,functional
72530,functional needs repair
33328,functional
53581,non functional
21797,functional
26263,non functional
3241,non functional
48088,non functional
16881,functional needs repair
8938,non functional
9489,non functional
2549,functional
60192,non functional
70115,non functional
69531,functional
42498,functional
55729,functional needs repair
10078,non functional
20085,non functional
56679,functional
53121,functional
69409,non functional
53833,functional
72107,functional
53018,functional
38609,functional
54989,non functional
70149,functional
20666,functional
4343,functional
40095,functional
64574,non functional
27227,functional
55577,non functional
16797,non functional
29702,functional
71912,functional
23726,functional
69383,functional
38101,functional
60467,functional needs repair
52781,functional
48068,functional
12795,functional
62024,non functional
14854,non functional
68405,non functional
30699,functional
22408,functional needs repair
38765,non functional
53511,non functional
36027,non functional
58181,non functional
39238,non functional
26288,functional
13497,functional needs repair
15750,functional
8432,non functional
18413,functional
30566,functional needs repair
72254,functional
12140,functional
25550,non functional
57903,functional
38214,functional
42661,functional
38149,functional
20714,functional
27167,functional
46961,functional
5952,non functional
36392,non functional
34925,non functional
21560,functional
44006,functional
14656,non functional
22519,non functional
41047,functional
57052,non functional
46895,functional
42585,non functional
17437,functional
19484,functional
51153,functional
58912,functional
68485,functional
3020,functional
38176,functional
51621,functional
72491,functional
45546,functional
21176,non functional
62765,functional
32251,functional
37454,functional
18034,functional
34380,functional
13388,functional
22049,non functional
39639,non functional
43008,functional needs repair
20381,functional
22424,functional
71221,non functional
9706,functional
34154,functional
57163,functional
30027,non functional
61031,functional
25078,functional
50248,non functional
52874,functional
17191,non functional
45999,functional
66033,functional
5418,non functional
65576,functional
38569,functional
26761,functional
60943,non functional
29524,functional
7641,functional
64186,functional
30821,non functional
44765,non functional
29428,functional needs repair
36845,functional
47707,non functional
72412,functional
37003,functional
57757,non functional
65519,functional
15822,functional
15765,functional
5006,non functional
72414,functional
54750,functional
40231,functional
2402,non functional
20010,non functional
52971,functional
11777,non functional
56197,functional
46564,functional
42525,non functional
37127,functional
64047,functional
18364,functional
46150,functional
8548,non functional
10678,functional
3997,non functional
58068,non functional
66022,non functional
42587,functional
22667,non functional
8168,non functional
61739,non functional
21586,non functional
68250,non functional
53734,functional
7668,functional needs repair
57907,functional
37027,functional
38860,functional needs repair
67188,functional
24735,functional
40301,non functional
26326,non functional
63753,functional
41524,non functional
50455,non functional
20559,functional
13941,non functional
45871,functional
20027,non functional
1447,functional
64239,functional
30440,non functional
20360,functional
8327,functional
16759,functional
57547,non functional
12949,functional
64784,functional
18253,non functional
47131,functional needs repair
2812,functional
34209,functional
22689,functional
20519,functional
72163,non functional
4200,functional
5671,functional
46299,non functional
45672,functional
22265,functional
70310,functional needs repair
54102,functional
23554,functional
56152,non functional
63289,functional
43259,non functional
58918,functional
26441,non functional
34150,non functional
29492,functional
39249,functional
23735,functional
4685,functional
7107,non functional
16289,non functional
53842,functional
23780,functional
37631,non functional
14092,functional
8029,functional
14450,functional
69860,non functional
37682,functional
7496,non functional
47666,functional
52863,functional
10887,functional
34450,functional
73314,non functional
28018,non functional
44784,functional
65658,functional
64429,functional
29630,non functional
43094,functional
31998,functional
46916,non functional
6626,functional
2883,non functional
60684,non functional
11406,functional
4311,non functional
47561,functional needs repair
3708,non functional
14592,non functional
47288,non functional
53330,functional
30395,functional needs repair
53086,functional
67306,functional
52298,functional
56524,functional
68486,functional
53248,non functional
63848,non functional
41289,non functional
56580,functional
45198,functional
52396,functional
18587,non functional
68168,non functional
16774,non functional
13829,functional needs repair
65134,functional
1731,functional
5034,functional
42256,non functional
56009,non functional
37210,functional
44907,functional
55817,non functional
31753,non functional
51196,non functional
50193,functional
54741,non functional
72665,functional
58947,non functional
29410,functional
9088,functional
49184,functional
56534,functional
57364,non functional
58582,functional
37681,non functional
19628,functional
60447,functional
30834,non functional
54978,functional
52974,functional
71289,functional
64717,functional
28346,non functional
33284,functional
1387,functional
9709,non functional
43248,functional
24760,functional
29761,functional
10520,functional
9135,functional
60100,functional
7038,functional
38525,functional
49425,functional
18186,functional
66202,functional
21095,non functional
28017,functional
6627,functional
49037,functional
6317,non functional
64282,non functional
33134,non functional
30117,non functional
19227,functional
23839,non functional
14550,non functional
16012,non functional
43218,functional
30049,functional
14463,non functional
8477,non functional
22546,functional
38754,non functional
40737,functional
44642,functional needs repair
18204,functional
2524,functional
65498,functional
60125,non functional
25845,non functional
49550,non functional
58999,functional
54692,non functional
30641,functional
61288,functional
70954,functional
21091,functional
45567,non functional
51519,non functional
60412,non functional
38561,non functional
71790,functional
59285,functional
50084,functional
47722,functional
8843,functional
14754,non functional
26954,functional
12276,functional
47387,functional
52641,functional
34820,functional
56573,functional
13058,functional
73256,functional
16228,functional
6388,functional
18222,functional
53251,functional
58432,functional
21993,functional
41648,functional
8566,non functional
28174,functional
60669,non functional
48727,non functional
51453,non functional
64397,functional
45880,functional
7918,functional
12920,non functional
47917,functional
25751,functional
4368,functional
73829,functional
11371,non functional
43264,non functional
73362,functional
72661,non functional
39982,functional
66020,functional
39707,non functional
23265,functional
13746,non functional
66674,non functional
60640,functional
24736,functional
53604,functional
1027,functional needs repair
11567,non functional
39971,functional
7711,functional
29966,non functional
14396,functional
66778,functional
64460,functional
47889,functional
66937,non functional
26726,functional
53823,functional needs repair
53404,non functional
14291,functional
7714,functional
57654,non functional
13318,functional
42688,functional
63979,non functional
45290,non functional
53826,non functional
66714,non functional
56554,functional
34600,functional
58554,non functional
72471,functional
70808,non functional
57852,non functional
180,non functional
45541,functional
13365,non functional
16446,functional needs repair
40922,functional
40980,functional
62590,functional
49787,non functional
6314,functional
57559,functional needs repair
9849,functional
19000,functional
36563,non functional
19073,non functional
6825,functional
42484,functional
16174,functional
64585,non functional
1829,functional
19962,non functional
9594,non functional
37465,functional
44858,functional
36331,functional
2908,non functional
27138,functional
4774,functional
64997,non functional
45505,functional
37587,non functional
32151,non functional
72015,non functional
6447,functional
13194,non functional
1911,functional needs repair
58195,functional
7888,non functional
1190,non functional
69495,functional
67692,functional
43802,non functional
1225,non functional
30884,functional
26211,non functional
18003,functional
57720,functional needs repair
67243,non functional
29297,non functional
17120,functional
19560,non functional
45721,functional
35953,functional
63037,functional
53662,functional
39585,functional
13456,functional
9826,functional
34743,non functional
23059,non functional
57458,functional
37123,functional
35591,functional
38475,functional
61099,functional
65279,functional needs repair
38823,non functional
40099,non functional
41114,non functional
59791,non functional
22413,functional needs repair
17488,functional
55878,functional
9039,functional
22334,functional
48347,functional needs repair
59011,functional
33358,non functional
25280,functional
2165,functional
17968,functional
21603,functional
22405,functional
28865,functional
29208,functional needs repair
45080,functional needs repair
60778,functional needs repair
29356,non functional
67922,functional
59005,functional needs repair
68479,functional
73139,functional
69444,non functional
35104,functional
68589,functional needs repair
22063,non functional
52855,functional
16946,non functional
40546,functional
3704,functional
23976,functional
71926,non functional
26993,functional
29288,functional
45759,functional
46124,non functional
15484,functional
47188,functional
71479,functional
68457,functional
12791,functional
25851,functional
2071,functional needs repair
30602,non functional
14809,functional
10114,non functional
24880,non functional
64041,non functional
56010,functional
37029,functional
46132,functional
21550,non functional
40511,functional
66411,non functional
7805,non functional
40790,functional
42290,functional
43058,functional needs repair
29982,functional needs repair
29065,functional
53636,non functional
4745,non functional
64471,functional needs repair
52913,functional
12748,functional needs repair
57622,functional needs repair
20477,functional
22129,non functional
37575,functional needs repair
12770,non functional
12819,functional
9524,non functional
50583,functional needs repair
23818,functional
26794,functional
62499,functional
61905,functional
45509,functional
62142,non functional
17883,functional
3054,functional
37695,functional
8175,non functional
64160,non functional
47266,functional needs repair
29009,functional
73943,functional
34274,non functional
56500,functional
56864,functional
32507,functional
10959,functional
57061,functional
19208,functional
67080,non functional
5168,functional
17563,non functional
53297,functional
58707,non functional
54589,functional
16049,functional
29659,non functional
37580,non functional
54904,non functional
32213,non functional
31857,functional
9194,functional
66667,functional
55393,non functional
69267,functional needs repair
38547,non functional
35129,functional
57549,functional
19979,non functional
65158,non functional
62736,functional
47475,functional
15515,functional needs repair
5147,functional needs repair
51568,functional
66846,functional
6530,functional
8781,functional
32354,functional
17953,functional
65291,functional
55587,functional
24397,functional
18872,non functional
48249,non functional
5146,non functional
7137,functional
69963,non functional
65829,non functional
27623,non functional
16716,functional
61965,functional
55702,functional
14548,functional
21687,non functional
40366,non functional
41347,functional
43807,non functional
49363,functional
35555,functional
66131,non functional
66992,non functional
61018,functional
59290,functional needs repair
32934,functional
67851,non functional
41291,non functional
39893,functional
29867,functional
55353,functional
31665,non functional
20687,functional
21318,functional
46581,functional
28154,non functional
56252,functional
31354,non functional
3304,non functional
59854,functional
744,functional
60902,non functional
72110,functional
7682,non functional
2233,functional needs repair
68408,non functional
52201,non functional
48255,functional
20386,functional
49387,functional
47042,functional
41338,functional
36177,non functional
71709,functional
7086,functional
50650,functional needs repair
31183,non functional
70851,functional
25457,functional
967,functional needs repair
12510,functional needs repair
28656,functional
69139,functional
71426,non functional
60365,non functional
54666,non functional
52492,functional needs repair
58626,functional
59730,non functional
40424,functional
1179,functional
4449,functional needs repair
74051,non functional
4166,functional
33666,functional
8277,functional
42705,non functional
30246,non functional
17172,functional
66991,non functional
31221,functional needs repair
31733,functional
69672,non functional
70973,non functional
39171,non functional
6445,functional
40425,functional
12388,functional needs repair
67429,functional needs repair
70757,non functional
59378,non functional
19428,functional
29161,non functional
60022,functional
9032,functional
28709,functional
25832,non functional
56919,functional
55635,functional
74161,non functional
62115,functional needs repair
11018,functional
62189,functional
3401,functional
67880,functional
4800,non functional
50237,functional needs repair
30215,functional
66030,functional
39595,functional
73313,functional
3488,functional
66870,functional
21601,functional
55459,non functional
46790,non functional
41757,functional
42045,non functional
3939,functional
55356,non functional
60811,non functional
49256,functional
48115,functional
9517,functional needs repair
32927,functional
71591,functional
25026,functional
66041,functional
37570,functional
58214,functional
68212,non functional
61737,functional
20323,non functional
6377,functional
34466,functional
44276,non functional
27192,functional
12223,functional
2948,functional
13801,functional
61223,functional
7374,functional
14069,non functional
53486,non functional
61114,functional
3035,functional
54471,functional
42687,non functional
37746,non functional
8144,functional
23635,functional
55308,non functional
11269,non functional
1783,functional needs repair
45046,functional
46361,functional
73770,functional
8460,non functional
18661,functional
26990,functional
23340,non functional
25847,non functional
57231,functional
66192,functional
59479,non functional
51421,non functional
42961,functional
24814,non functional
51456,functional
43357,non functional
46976,functional
30691,functional needs repair
36796,functional
72812,non functional
45441,functional
38789,functional
24987,functional
46586,non functional
39445,functional needs repair
39403,functional needs repair
48741,non functional
65167,functional
5348,non functional
36104,functional
35950,functional
33803,functional
36350,functional
20223,functional
28847,functional
22636,functional
66558,non functional
17108,functional
66662,functional
10224,functional
7269,functional
18251,functional
51925,functional
30368,non functional
16524,functional
49656,functional
18696,functional
22915,non functional
66426,non functional
71686,functional
65729,functional
67840,functional
32252,functional
26809,functional
67915,non functional
37078,functional
5745,non functional
71954,non functional
64589,non functional
27223,functional
70248,non functional
66951,functional
46735,functional
60889,functional
11000,functional
70942,functional
66067,functional
41179,functional
53651,functional
69445,functional needs repair
52130,non functional
58723,functional
73642,functional
8951,non functional
45940,non functional
30614,functional
27244,functional
3008,functional
35228,functional
13442,functional
54762,functional
35463,functional
54568,functional
6249,non functional
61416,functional
36803,functional needs repair
73240,functional
48089,functional needs repair
33479,non functional
26182,non functional
19242,functional needs repair
38729,functional
69791,non functional
19530,functional
41196,functional
12680,non functional
56485,functional
16521,non functional
70028,functional
44996,non functional
34262,functional
14365,non functional
26538,non functional
40408,non functional
25579,functional
64128,functional
17972,functional
5366,non functional
11758,non functional
66049,non functional
28141,functional
71649,non functional
15367,non functional
32355,functional
57844,functional
54397,functional
58871,functional
57461,functional
20901,functional
12911,non functional
65373,functional
47443,non functional
60636,functional
61644,functional needs repair
70926,functional needs repair
41155,functional
62524,non functional
58162,functional
70691,functional
40913,functional
58964,functional
34681,non functional
71542,functional
25183,functional
72117,non functional
52542,non functional
17048,non functional
20618,functional
4035,functional
37766,non functional
30223,functional
65204,non functional
22107,non functional
53423,functional
20647,functional
10155,functional
8650,functional
48135,non functional
48387,functional needs repair
4235,functional
55200,non functional
17484,functional
59409,non functional
64824,non functional
5320,functional
28038,functional
44585,non functional
31344,functional
29565,non functional
33845,functional
27916,functional
51591,non functional
71134,non functional
46088,functional
30380,functional
73714,functional
19287,non functional
26583,non functional
16674,functional
21546,functional
73899,functional
41285,functional needs repair
24036,functional needs repair
71392,non functional
42355,functional
23327,functional
36665,non functional
63923,functional
18712,functional
25708,functional needs repair
42075,functional
2649,functional
14245,functional
67810,non functional
29205,functional needs repair
30634,functional
50471,functional
61431,non functional
48057,functional
42833,functional
64157,functional
9620,functional
22389,non functional
39123,non functional
53573,functional
49028,functional needs repair
67587,functional
71559,non functional
59456,functional
2561,non functional
26576,functional
70597,functional
54534,non functional
67007,functional
45057,functional
10185,functional
5940,functional
38939,non functional
53420,non functional
41604,functional
34206,non functional
30681,non functional
27295,functional
64180,non functional
28376,functional needs repair
46666,non functional
69917,non functional
51613,functional
47588,functional
31734,non functional
47122,functional
51293,functional
4660,functional
32096,functional
9880,non functional
18336,non functional
27919,functional needs repair
4746,functional
63485,non functional
48753,non functional
36853,functional
30386,functional
10875,functional
71338,non functional
51768,functional needs repair
45618,functional needs repair
50984,non functional
15050,functional
55100,non functional
35027,functional needs repair
13993,non functional
69820,non functional
48351,functional needs repair
30538,non functional
44117,functional
49717,functional
10247,non functional
39643,functional
25282,functional
15206,non functional
32884,functional needs repair
66538,functional needs repair
44774,functional
22465,functional needs repair
35808,functional
3285,functional
1404,non functional
20900,functional
51420,functional
46360,functional
60290,functional
33820,functional
7179,functional
60103,functional
35222,functional
5016,functional
67753,functional
72195,functional
17007,non functional
6226,non functional
24070,functional needs repair
14443,non functional
72603,non functional
44361,functional
63145,functional
3585,non functional
57700,non functional
32398,non functional
2292,functional
37280,functional
42186,non functional
65371,non functional
45040,functional needs repair
28999,functional
3249,functional
55195,functional
694,functional needs repair
30325,non functional
31037,functional
20840,non functional
12425,non functional
2113,functional needs repair
65535,functional
54160,functional
39446,non functional
15882,non functional
28883,functional
11065,functional
67285,functional
48543,non functional
12503,functional
1355,functional
9258,non functional
33738,non functional
62395,functional
46322,functional
9867,functional
13107,functional
27106,functional
9292,functional
57319,non functional
19299,functional
21320,functional
67919,functional
49127,functional
6016,functional
4443,functional
61929,non functional
49789,functional
45177,functional
11215,functional
24402,functional
2773,functional
8082,functional
21816,non functional
59246,non functional
61198,functional
68309,non functional
8622,functional
16009,non functional
9654,non functional
47069,functional
45371,non functional
12948,non functional
52548,functional
53641,functional
17354,functional
41207,non functional
51038,non functional
69323,non functional
64138,functional
36371,functional
9926,functional
69955,functional
11200,functional
33520,functional
66944,non functional
41594,non functional
19213,functional
68032,functional
64734,functional needs repair
14627,functional
13217,functional
3763,non functional
17379,functional
65639,non functional
38422,functional
3674,functional
72284,functional needs repair
27044,functional
35330,functional
7292,functional
33673,functional
50817,functional
54803,functional needs repair
65918,functional
67816,functional
17014,functional
14877,functional needs repair
53686,non functional
71326,functional
36863,functional
66932,non functional
14320,non functional
50006,functional
29778,functional needs repair
51064,non functional
23696,functional
52008,functional
50140,functional
11334,functional
31571,functional
44338,functional
30011,functional
4381,non functional
2977,functional needs repair
23611,non functional
27959,non functional
17340,functional
18237,functional
9488,functional
15006,functional
34956,non functional
68351,functional
57032,non functional
14876,functional
60874,functional
25491,functional
53243,non functional
69238,functional
66090,functional
14441,non functional
38190,functional
20342,functional needs repair
11078,functional
1240,non functional
3174,non functional
53100,functional
2897,non functional
1728,functional
34503,non functional
44732,functional needs repair
38393,functional
63066,functional
17288,non functional
29834,functional
13218,functional
68393,functional
42146,functional
44946,functional
16638,functional
16423,functional needs repair
16500,non functional
65375,functional
43250,functional needs repair
13091,functional
20131,functional
60668,functional
57961,non functional
56647,functional
11750,functional
73874,non functional
63637,functional
1598,functional
32514,non functional
26525,functional
22002,non functional
67746,non functional
69935,functional
73855,functional
17630,functional
67246,functional
1626,functional
71657,functional
57419,functional
51391,non functional
6611,non functional
28980,non functional
12612,functional
13405,non functional
4606,non functional
34440,non functional
37236,functional
46392,functional
53266,non functional
4445,functional
64493,functional
26625,functional
56986,non functional
39806,functional needs repair
24504,functional
57988,functional
62253,functional needs repair
52284,functional
54158,functional
55462,non functional
24674,functional
25379,functional
11926,functional
39414,functional needs repair
54210,functional
8346,non functional
37781,non functional
52865,functional
8989,functional
10803,functional
37536,functional
13705,non functional
28261,functional
60980,functional needs repair
45183,functional
29405,non functional
51606,functional needs repair
34486,functional
56926,functional
53692,functional
66223,functional needs repair
8456,functional
2575,non functional
6007,functional
38185,non functional
39094,functional
20717,non functional
3263,functional
56125,non functional
72189,functional
67295,functional
16668,non functional
43813,non functional
46765,functional
17016,functional needs repair
61710,functional
42957,functional needs repair
14071,functional
20425,functional
9575,functional
47347,non functional
37667,functional needs repair
2754,non functional
50808,non functional
49981,functional
64036,non functional
3813,non functional
56980,non functional
18902,non functional
8598,non functional
67796,non functional
1204,non functional
68975,non functional
12719,functional
14126,non functional
10684,non functional
9888,functional
8096,functional
19474,functional
14076,functional
44107,functional
55942,functional
17469,functional
68773,non functional
24471,functional
5861,functional
36403,non functional
67343,non functional
55705,non functional
50852,functional
5695,functional
63761,non functional
34631,non functional
4652,functional
41006,non functional
9499,non functional
43759,non functional
33799,non functional
44343,functional
57807,functional
66111,functional
42130,functional needs repair
13833,functional
12628,functional
10810,non functional
30646,functional
59519,functional
60822,non functional
70458,non functional
1245,functional
3916,non functional
44193,functional
57283,functional
27160,non functional
17106,functional
43812,non functional
14108,non functional
26813,functional
30238,non functional
20273,functional needs repair
50392,functional
73518,non functional
45236,non functional
40124,functional
36792,functional
30084,functional
10973,functional
72809,non functional
51279,non functional
4688,non functional
65040,non functional
69129,functional
22702,functional needs repair
66302,non functional
8451,non functional
31117,functional
46119,non functional
29439,functional
69051,functional
38278,non functional
39046,functional
35509,functional needs repair
40525,functional needs repair
27853,functional
65539,functional
5193,non functional
20128,non functional
3879,non functional
33259,functional
14630,non functional
27010,functional
55690,functional
29436,functional
38333,non functional
74078,non functional
43198,non functional
46766,non functional
45146,functional
67438,non functional
7758,functional needs repair
59341,functional
62231,non functional
67659,functional
38786,functional
72075,non functional
72779,functional
5107,functional
64811,non functional
49335,non functional
11915,non functional
34462,non functional
5853,functional
65058,functional
49953,functional
61981,non functional
39499,functional
24941,functional
49337,non functional
67693,non functional
24826,functional needs repair
62268,functional
35798,functional
34294,non functional
9561,functional
42257,functional
47041,functional
35089,non functional
20438,functional
12494,non functional
22184,non functional
65424,non functional
73031,non functional
25734,non functional
24646,functional
54964,functional
60391,functional
32214,functional
24066,non functional
65131,functional needs repair
73585,non functional
37937,functional
12565,non functional
31473,non functional
17331,non functional
50071,non functional
17464,functional
47060,functional
9852,non functional
1964,non functional
30203,non functional
49324,non functional
35704,functional needs repair
52892,functional needs repair
62068,functional
4760,non functional
73241,non functional
3608,functional
66218,non functional
4168,functional
59601,non functional
37349,non functional
60122,functional
1459,non functional
50403,functional
73039,non functional
28434,non functional
28447,functional
55383,non functional
45175,functional
15164,functional
31219,non functional
37046,functional
74219,functional needs repair
3379,non functional
15635,non functional
46987,non functional
40924,functional needs repair
15958,functional
35,non functional
18629,functional
59066,functional
60240,functional
6433,functional
27931,functional
51007,non functional
56378,functional
62235,functional
6372,non functional
54715,functional
55327,functional
61714,functional needs repair
25670,functional
72472,non functional
66658,functional
8209,functional
32443,functional
72123,non functional
58634,non functional
60190,functional
43872,functional
19914,functional
21678,functional
2048,functional
10219,non functional
52669,non functional
35894,non functional
55917,functional
35411,functional
13745,non functional
52501,non functional
9186,non functional
37843,functional
10087,non functional
58515,functional
58632,functional
38058,non functional
2120,non functional
9941,functional
39729,functional
58129,functional
71011,non functional
55506,functional
69282,functional
27810,non functional
54565,functional
41634,functional
10069,non functional
24144,non functional
16874,functional
16507,functional
49186,functional
14723,functional
4230,functional needs repair
25663,non functional
65318,functional
38000,functional needs repair
53680,non functional
55073,functional
14962,non functional
52833,functional
1031,functional
31348,functional
72039,non functional
55260,non functional
48537,non functional
55881,functional
71128,non functional
14199,functional
46157,functional
7327,functional
14830,functional
71,non functional
14025,functional
3198,functional
46388,functional
35058,functional
8273,functional
30205,functional needs repair
45548,functional
5918,functional needs repair
47773,functional
8360,functional
39565,non functional
55807,functional
8618,non functional
50224,functional needs repair
57151,functional
33547,functional needs repair
30218,non functional
8329,non functional
56659,non functional
36418,non functional
35275,functional
8340,functional
64806,non functional
34070,non functional
27109,functional
43569,functional needs repair
61891,functional
23108,functional
26111,non functional
53117,non functional
54827,non functional
35473,non functional
60035,functional
52046,non functional
54655,functional
53982,functional
41423,functional
34804,non functional
34395,non functional
13375,non functional
61455,non functional
8178,functional
6881,functional
50693,functional
28682,functional
57143,functional
37987,functional needs repair
8526,functional
1229,functional
49623,functional needs repair
1446,functional
16723,functional
5688,functional
30836,functional
22782,functional
24564,functional
37835,functional
66361,functional
60241,functional
49619,functional
34159,functional
41428,non functional
10878,non functional
4226,functional
46135,functional
18980,non functional
19454,non functional
7653,non functional
34728,non functional
15458,functional
28462,non functional
20771,functional
22052,functional
55827,functional
13422,non functional
25163,functional
21032,functional
38960,functional
31419,functional
7759,functional
34914,functional
56175,non functional
18414,functional
26122,functional
35249,non functional
34271,functional
63980,non functional
7355,non functional
68626,functional
25455,non functional
70694,functional
27193,non functional
45929,functional
63698,functional
26849,functional
60058,functional
5780,non functional
10067,functional needs repair
37833,functional
66755,non functional
73870,functional
56803,non functional
45077,functional
32924,non functional
66974,functional
20857,functional
41209,functional
43282,non functional
8597,functional
36375,functional
47061,non functional
33686,functional needs repair
9598,functional
66348,non functional
42618,functional needs repair
34334,non functional
2903,functional
28443,functional
43167,non functional
44857,non functional
39135,functional
3175,functional
50645,functional
14695,non functional
15836,non functional
40284,non functional
39687,functional
31678,functional
17735,functional
25188,non functional
2392,functional
71111,non functional
28609,functional
45898,functional
7108,non functional
45256,functional
4570,functional
62582,non functional
27488,non functional
22814,functional needs repair
24431,functional
44808,functional needs repair
42786,functional needs repair
2694,non functional
56048,functional
19733,functional
19395,functional needs repair
31254,functional
35936,non functional
35650,functional
33969,non functional
26721,non functional
61373,non functional
67354,functional
71376,functional needs repair
67332,non functional
18758,functional
67944,non functional
45291,functional
19564,non functional
60420,functional
30096,functional
21657,non functional
21771,functional
7831,non functional
28377,functional
21341,functional
4555,functional
15411,functional
53299,functional needs repair
28562,non functional
28271,non functional
11842,non functional
31937,functional
2881,functional
32237,non functional
41461,non functional
51995,non functional
71757,functional
61534,functional
31399,non functional
69635,functional needs repair
13166,non functional
38082,functional
67795,functional
47165,non functional
66475,functional
7771,non functional
38757,functional
14560,non functional
34747,non functional
49753,functional
48182,functional
29801,non functional
40263,functional
48012,functional
64215,functional
39831,functional
43874,non functional
8901,functional
65197,non functional
8046,functional
30250,functional
7249,functional needs repair
35659,functional needs repair
50683,non functional
39507,functional
55284,functional
45553,functional
69996,non functional
7775,functional
14906,non functional
19802,functional needs repair
51801,non functional
11137,functional
30717,functional
59238,non functional
9168,functional
74047,non functional
25214,functional
5413,functional
53907,non functional
72874,functional
61787,functional
6815,functional
35830,functional
28866,non functional
43595,functional
23820,functional
55890,functional
69255,functional
16020,functional needs repair
69199,non functional
10164,functional
70426,functional
40858,functional
14285,functional
44550,non functional
691,non functional
35748,non functional
67465,functional
50132,functional
53025,non functional
29843,non functional
41504,non functional
40775,functional
61630,functional
31004,functional
65826,non functional
46864,non functional
45389,non functional
49670,functional
73688,non functional
61615,functional
6279,non functional
48789,non functional
30702,functional
45737,functional
41503,non functional
72900,functional
7470,non functional
25374,functional
46634,non functional
67269,non functional
53677,non functional
43586,non functional
28540,functional
66074,non functional
26778,functional
38999,functional
28862,non functional
16823,non functional
28545,non functional
56407,functional needs repair
63731,functional
23274,functional
64741,functional
30414,non functional
48149,functional
25781,functional
10231,functional
19745,functional
51326,non functional
12169,functional
19505,non functional
15242,functional
15543,non functional
26941,functional
35914,functional
23127,non functional
36677,non functional
49301,non functional
69330,functional
9503,functional
59988,non functional
46115,non functional
62196,functional
66183,functional needs repair
30092,functional
58341,functional
12104,non functional
21468,functional
66987,non functional
13670,functional needs repair
10853,functional
6725,functional
6173,non functional
19883,non functional
51941,non functional
24639,non functional
38793,non functional
34378,functional
59570,functional
60656,functional needs repair
23193,functional
46962,non functional
46461,functional
36387,functional
71706,non functional
48484,functional
33272,functional
51176,non functional
5225,non functional
49382,functional
26317,functional
72541,functional needs repair
35426,functional
3423,non functional
3418,non functional
25118,functional
11972,functional
32858,non functional
24606,functional
13417,non functional
42832,non functional
50292,functional
42890,functional
2072,non functional
47804,functional
7046,functional
35592,functional
58179,functional
46692,functional
40556,non functional
27182,functional
29224,functional
56526,functional
30381,non functional
59822,functional
9033,functional
55830,functional
57677,functional
29286,functional
72870,functional needs repair
37051,functional
9545,functional needs repair
50364,functional
29225,non functional
30857,functional
60023,non functional
64796,functional
72427,non functional
61496,non functional
48501,non functional
43272,non functional
19741,functional
73459,functional
73624,functional
46527,non functional
49205,functional
30956,functional
20108,functional
45837,non functional
28751,functional
32773,functional
6343,non functional
7223,non functional
18449,functional
26344,non functional
43556,functional
52229,non functional
49643,non functional
40605,functional
20713,functional
25873,non functional
31834,non functional
56915,non functional
38528,functional
10951,non functional
46064,functional
36958,functional
12793,non functional
22026,non functional
48256,functional
57207,functional needs repair
42078,functional
72935,non functional
37386,functional
6479,functional
39206,functional
55992,functional
52135,functional
43753,functional
6837,functional
69896,functional
29556,non functional
6214,non functional
65280,functional
13105,functional
62460,functional needs repair
62850,non functional
53176,functional
29070,functional
46061,functional
52565,functional
57767,functional
28078,functional
3478,non functional
15656,functional
39990,non functional
11635,functional
43504,non functional
9047,functional
44243,functional
27188,non functional
38126,non functional
3673,functional
48765,functional
22453,non functional
25778,functional
69175,functional
56451,functional
34007,functional
44844,functional
27636,functional needs repair
46102,functional
11110,non functional
30089,functional
7040,non functional
15649,functional
37566,functional
26301,functional needs repair
13335,non functional
30560,non functional
14976,functional
59155,functional needs repair
31061,functional
12366,functional
67329,functional needs repair
26095,non functional
34396,functional
13546,functional
59010,functional
23423,functional
11802,functional
45315,non functional
2814,functional
62880,non functional
54097,functional
56436,functional needs repair
37478,functional
72401,functional
47200,functional
4017,functional
46290,non functional
3707,functional
35532,non functional
54328,non functional
53659,non functional
45123,non functional
65970,non functional
2979,non functional
6705,non functional
40422,functional needs repair
36441,functional
26471,non functional
8977,functional
50909,non functional
8066,non functional
28534,non functional
8647,functional
30898,functional
5763,functional
10446,functional
70387,functional
60114,functional
72019,functional
66392,functional
30661,functional
46343,functional needs repair
70282,non functional
59737,non functional
8419,functional
11865,non functional
28626,functional
19930,functional
40322,functional needs repair
49278,functional
62042,functional
27300,functional
35377,non functional
61983,functional
17073,non functional
20588,functional
69677,non functional
16229,functional
64244,functional
17047,non functional
910,functional
57657,functional
6059,functional
10072,non functional
2963,functional
61921,non functional
60369,non functional
5703,functional needs repair
21801,non functional
18579,non functional
42739,functional needs repair
25924,functional
7717,non functional
52614,functional
35796,functional
35880,functional
8027,functional
11138,non functional
30376,functional
64851,non functional
26439,non functional
72354,non functional
29421,functional
47671,functional
30081,non functional
30375,functional
5986,functional
38270,functional needs repair
42654,functional
51936,functional
2569,non functional
45544,non functional
70406,functional needs repair
71204,non functional
52929,functional
4284,non functional
66325,non functional
25378,non functional
68053,non functional
72316,functional
19845,functional
10050,non functional
46577,functional
15167,functional
60658,functional
25351,functional
34551,functional
20902,functional
30290,functional
36878,functional needs repair
46955,non functional
18168,non functional
41890,non functional
41431,non functional
67038,non functional
36543,functional
47033,functional
3262,functional
72315,functional
48318,functional
22448,functional
70249,functional
53676,non functional
8355,functional
44428,functional
27968,functional
53124,functional
31186,functional
61397,functional needs repair
42027,functional
24650,functional
37287,functional
35786,non functional
34047,functional
13447,functional
564,functional needs repair
67423,functional
68466,functional needs repair
26254,non functional
57380,functional
72451,non functional
35022,non functional
52652,functional
56384,non functional
4326,functional
3984,non functional
64894,functional
49558,non functional
15724,functional
542,functional
17352,functional
66375,non functional
67649,non functional
21630,functional
40794,non functional
9558,functional
45910,functional
19756,non functional
51711,non functional
70301,functional
38718,non functional
22516,functional
24465,non functional
12328,functional needs repair
17282,non functional
26570,non functional
8127,functional
23238,non functional
59857,non functional
1062,functional
41969,functional
35368,functional
4939,functional
50404,non functional
3903,functional
66956,functional
10141,functional
58357,functional
756,non functional
72095,functional
10409,functional
73838,non functional
57893,functional
26863,non functional
66176,functional
13657,non functional
27539,non functional
30254,functional needs repair
11421,functional
65963,functional
36929,functional
65800,non functional
58287,functional needs repair
27074,functional needs repair
72642,functional
70541,functional
40152,functional
72523,functional
543,functional
57098,non functional
50757,functional
47307,functional
70285,non functional
37579,non functional
45235,non functional
23563,non functional
21955,functional
68988,non functional
70612,functional needs repair
32987,functional
6306,functional
43289,functional
21062,functional
61679,non functional
4252,functional
61355,non functional
53336,functional
38395,functional
9495,functional
36949,functional
74020,non functional
31551,functional
51791,functional
12568,functional
4706,non functional
7491,non functional
41009,functional
55964,functional
66889,functional
21261,functional needs repair
68092,functional
42125,non functional
52292,functional
64504,functional
10675,functional
11522,non functional
58884,functional
9563,functional
6413,functional
21702,non functional
53776,non functional
22815,functional
39897,functional needs repair
25952,functional
31953,functional
7361,functional
65487,functional
33565,functional
30498,non functional
36344,functional
19632,functional
49209,functional
4749,non functional
59229,functional
36129,functional
62841,functional
40514,functional needs repair
48639,functional
14008,functional
19842,functional
53480,functional
42420,non functional
66501,functional
56570,functional
71859,functional needs repair
56851,functional
62310,functional
23887,non functional
13836,functional
65921,functional
44798,functional
36492,functional needs repair
42287,functional
23030,functional
9513,functional
7276,non functional
3970,functional
52030,functional
31376,functional
53103,functional
6228,functional
44398,functional needs repair
13262,functional
27027,non functional
4220,functional
16305,functional
31236,functional
37013,non functional
45400,non functional
46298,non functional
74064,functional
15813,non functional
15341,non functional
61971,non functional
34724,functional needs repair
44632,non functional
5013,non functional
12707,functional
74201,functional
64329,functional
7148,functional
25562,non functional
45302,functional
14067,non functional
34620,non functional
59195,non functional
13500,non functional
38691,functional
54225,functional
48243,functional
48559,functional needs repair
38780,functional
48903,functional
16664,non functional
29007,non functional
41956,non functional
72871,functional
39132,functional
9372,functional
20036,non functional
42107,functional
24300,functional
17628,non functional
33939,non functional
28623,functional
1193,functional
21210,functional
46021,functional
39268,functional needs repair
30357,functional
67256,functional
15523,functional
28529,non functional
28409,functional
32681,functional
26669,non functional
40660,functional
71063,functional
20904,functional
38450,non functional
58901,non functional
51972,functional
42017,non functional
19106,functional
53994,functional
10756,functional
34107,non functional
69778,non functional
43820,non functional
59484,non functional
5857,non functional
38799,non functional
2571,non functional
73418,functional
17692,non functional
47512,non functional
2357,functional
44472,non functional
12673,functional
46476,functional
46594,functional
491,functional
23871,functional
58027,functional
1096,functional
48730,functional
59541,non functional
54456,non functional
33355,functional
9817,functional
9154,functional
56577,functional
5768,non functional
25014,functional
29418,functional
14969,functional
43911,functional needs repair
38963,non functional
54052,non functional
73432,non functional
15427,functional
28127,functional
68013,non functional
6145,functional
25757,functional
29276,functional
49523,functional
38017,functional
1667,non functional
33203,non functional
5187,functional
47011,functional
15159,functional
3082,functional
59881,functional
66018,functional
12110,functional
52546,functional
32085,functional
68039,functional
48296,functional
58196,non functional
26110,non functional
130,non functional
15212,functional
38429,functional
31518,non functional
48267,functional
35958,functional
36960,non functional
7029,functional
30418,functional
26125,functional
23675,non functional
32142,functional needs repair
9601,functional
34729,non functional
72735,functional
14848,functional
33368,non functional
46216,functional
63903,functional
59383,non functional
50929,functional
12101,non functional
47433,non functional
8161,non functional
11038,functional needs repair
21842,functional
14883,functional
20065,non functional
14270,non functional
36192,functional
71843,non functional
65014,functional
51470,non functional
42126,functional
7187,functional
16260,functional
9366,non functional
32307,functional
40515,functional
20167,functional
34201,non functional
12630,non functional
9973,non functional
34475,functional
48457,functional
38832,functional
49854,functional
43835,functional
6704,functional
68736,functional
60013,non functional
51024,non functional
37363,functional
10758,functional
3432,non functional
5676,non functional
51013,functional
43667,non functional
66482,functional
58299,functional
15114,functional
46074,functional
44831,non functional
35520,functional
19996,functional needs repair
47851,functional
22980,functional
63277,functional needs repair
65976,functional
72769,non functional
66425,non functional
36313,functional
30546,functional
55668,non functional
46648,functional
31171,non functional
49283,non functional
11337,functional
63220,functional
50541,functional needs repair
17989,functional
57347,non functional
6200,non functional
23105,functional
22061,functional
16452,functional
29722,functional
8303,non functional
8664,non functional
33579,non functional
47601,functional
63660,non functional
65636,non functional
3971,non functional
1461,functional
4169,functional
7585,functional
1432,functional
3308,non functional
65968,non functional
56603,functional
59672,non functional
34027,non functional
13675,non functional
55526,non functional
6603,functional
9549,functional
63818,non functional
24688,functional
23068,functional
22041,functional
12412,non functional
47624,non functional
63574,functional needs repair
6734,non functional
33592,non functional
67240,functional
58510,functional
9571,non functional
33457,functional
42103,functional
18688,functional
40664,non functional
71712,non functional
15129,non functional
23244,functional needs repair
12771,functional
30842,functional
61947,functional
16641,functional
41370,non functional
6901,non functional
57307,functional needs repair
11385,functional
34026,non functional
62914,functional
30804,functional
73018,non functional
11155,functional
26531,functional
17477,non functional
71100,non functional
45531,non functional
38315,functional
26821,non functional
26452,non functional
19642,non functional
41469,non functional
62027,non functional
10866,functional
70907,functional
3856,non functional
40675,functional
13160,non functional
70063,functional
1517,non functional
73076,non functional
71361,functional
21313,functional needs repair
6281,functional
72029,non functional
55076,functional
28620,functional
38425,functional
9208,functional
57712,functional
62554,non functional
62656,non functional
58829,functional
21447,non functional
17277,functional
58192,functional
22715,non functional
48783,functional needs repair
51092,non functional
72548,functional
23720,functional
12666,functional needs repair
36710,functional
21945,functional
33594,functional
44700,non functional
69893,non functional
55132,functional needs repair
32776,functional
2001,functional
65731,functional needs repair
65042,functional
51062,functional
45207,functional
32326,non functional
6430,functional
61916,functional
13953,non functional
43141,functional
34195,non functional
21234,non functional
44656,functional
61243,non functional
65139,functional
40436,non functional
36033,functional
73519,functional
70283,functional
72643,functional
61219,non functional
57463,functional
23054,functional
30931,functional
39940,functional
53036,non functional
12295,non functional
12961,functional
58464,non functional
61573,non functional
59413,functional
51912,functional
8819,functional
62777,non functional
41599,functional
28113,functional
12332,functional
21626,functional
22729,functional
16975,non functional
47492,functional
18159,non functional
26624,non functional
58297,non functional
31804,functional
23458,non functional
14813,functional
11687,functional
72192,functional
73348,functional
24949,functional
21120,functional
16265,functional
64152,functional
8401,functional
51779,non functional
32578,non functional
17995,functional needs repair
2762,functional
41254,functional
18686,non functional
25934,non functional
41576,functional
48640,functional
72701,non functional
3552,functional
25565,non functional
6389,non functional
8354,non functional
55049,functional
63461,non functional
46792,non functional
45854,functional
51471,functional
41646,non functional
69830,functional
19581,functional
74180,non functional
37133,non functional
32518,non functional
38205,non functional
69223,non functional
43497,non functional
69549,non functional
29011,non functional
31065,functional
14262,functional
71349,functional needs repair
27427,non functional
13569,non functional
41552,non functional
72203,functional
12299,functional
54083,functional
20228,functional
60833,functional
50890,non functional
17590,functional
47098,functional
57593,functional
9725,non functional
8602,non functional
43382,non functional
34878,functional
18318,functional
44532,functional
61877,non functional
33973,functional
60355,functional
4650,functional
38444,functional
48301,non functional
20015,functional
5994,non functional
68970,non functional
63521,functional needs repair
10783,non functional
13992,functional
41568,functional
38590,functional
33895,non functional
46357,non functional
44738,non functional
26490,functional needs repair
40610,non functional
70912,functional
21424,non functional
67853,non functional
21574,non functional
53865,functional
19616,functional
42612,functional
5621,non functional
52920,functional needs repair
54734,functional
16781,functional
23429,functional
43689,non functional
52535,functional needs repair
17472,functional needs repair
47239,non functional
61590,functional needs repair
73191,non functional
51857,functional
9260,functional
12697,functional needs repair
71356,functional
61305,functional
5942,functional needs repair
51373,non functional
572,non functional
28385,functional
54228,non functional
46283,non functional
56129,functional
2179,functional
63474,functional
12731,non functional
28621,functional
34692,functional
46412,functional
31650,functional
66057,non functional
25950,non functional
54603,functional
36982,functional
9424,functional
18450,non functional
70012,functional
60033,non functional
17059,functional
1328,non functional
5442,functional needs repair
38486,functional
37962,non functional
38966,functional
29667,functional needs repair
39430,functional
12812,non functional
17761,functional
28058,functional
8862,functional
28533,non functional
40952,non functional
47152,non functional
32407,functional
73592,functional
42367,non functional
13131,functional
44313,functional
73804,functional
55660,functional
42427,functional
49531,functional
28714,non functional
25620,functional
25512,functional
37548,non functional
32228,functional needs repair
64310,functional
21034,non functional
49760,functional
40487,functional needs repair
28481,functional
8205,non functional
7621,non functional
49761,functional
19912,functional
30728,functional
17263,functional needs repair
22435,functional
50338,functional
33554,functional
28970,non functional
45723,non functional
52028,non functional
35720,functional
22492,non functional
37419,functional
27908,non functional
28668,non functional
46850,functional
40765,functional
31958,functional
39229,functional
12631,functional
14389,functional
52472,non functional
29206,functional
9892,non functional
72323,non functional
12432,functional
56964,functional needs repair
42787,functional needs repair
44216,functional
3327,non functional
1105,functional
27196,non functional
6633,functional
71604,non functional
44503,functional
43101,functional
56180,functional
15377,functional
59359,non functional
41970,functional
36353,non functional
66027,functional needs repair
32746,non functional
49876,non functional
21522,functional
11564,functional needs repair
12573,functional
58485,functional
45234,functional
20816,functional
71074,non functional
2204,non functional
35531,non functional
21752,functional
55352,non functional
43532,functional
12633,functional
406,non functional
43032,functional
10757,functional
29717,non functional
33447,functional
35176,functional needs repair
1280,functional
10149,non functional
39151,functional
31084,functional
57401,functional
15231,non functional
9023,functional
23304,functional
41107,non functional
64452,non functional
38777,functional
35240,non functional
5289,functional
56517,functional
21949,non functional
9195,non functional
51953,functional
10182,functional
43752,non functional
10506,functional
40698,functional
13883,functional
7180,functional
16135,functional needs repair
55922,non functional
57295,functional
2128,functional
64040,non functional
26752,non functional
41796,functional
13240,non functional
52476,functional
52730,functional
6805,functional
3446,functional
1016,functional
6244,non functional
41296,non functional
30452,functional
58234,functional
61154,functional
11921,functional
44021,non functional
54434,functional
12608,non functional
5407,functional
27865,functional
9711,functional
21987,functional
33192,functional needs repair
65082,non functional
46934,functional needs repair
4131,functional
69953,functional
42330,functional needs repair
35258,functional
5485,functional
52534,non functional
59134,functional
164,functional
47690,functional
54176,functional
814,non functional
59293,functional
41733,functional
18047,non functional
22564,non functional
68192,non functional
7154,non functional
58403,non functional
63931,non functional
41919,functional
37676,functional
65790,non functional
12118,non functional
62612,functional
52379,functional
5128,functional
173,functional
28313,functional
23495,functional
41980,functional
58248,functional
43917,functional
22963,non functional
28315,non functional
62620,functional
13972,non functional
45676,functional
74189,functional
32138,functional
57062,functional
45216,non functional
60177,functional
70231,functional
27396,functional
11996,non functional
48861,functional
67949,functional
30846,functional
63147,non functional
33589,non functional
21644,non functional
31491,functional
69607,functional
3660,functional
49555,non functional
55258,functional
25147,functional
39705,functional
3282,non functional
50253,functional needs repair
16495,functional
66817,functional
38892,functional
5846,functional
50643,non functional
32201,functional needs repair
54107,non functional
52182,functional
32900,functional
33089,functional
28112,functional
26579,functional
42601,functional
14979,functional
5817,non functional
22545,non functional
24092,functional
48453,functional
37486,non functional
43328,functional needs repair
27088,functional
71235,non functional
53474,functional
4494,functional
28274,functional
24110,non functional
51310,non functional
65979,functional
20152,non functional
72448,functional needs repair
27644,non functional
37675,functional
41473,non functional
68509,non functional
17842,functional
70129,functional
5652,functional
11780,functional
69299,functional
40673,functional
45966,functional
4165,functional
54502,functional
25277,functional needs repair
61330,functional
21324,non functional
23,non functional
7687,functional
43201,functional
50736,functional
20103,functional
40020,non functional
12083,functional needs repair
9697,functional
51178,functional
52223,functional
44665,functional
26877,functional
71334,non functional
22179,non functional
4264,non functional
7894,non functional
62418,functional needs repair
2058,functional
2861,functional
44721,non functional
25370,non functional
6385,functional
26099,non functional
59961,non functional
29162,functional
65911,non functional
33219,non functional
1125,non functional
66854,non functional
3334,non functional
59432,non functional
70689,non functional
14134,functional
67149,non functional
56203,functional
11653,functional
70279,functional
40880,non functional
41772,functional
59674,functional
59991,non functional
48118,functional
58538,functional
58543,functional
18561,non functional
21542,functional needs repair
73940,functional
59414,non functional
13591,non functional
12692,functional
70469,non functional
46429,non functional
24890,non functional
8666,non functional
42905,functional needs repair
7511,functional
55670,functional
50850,functional
37117,non functional
16601,functional
73194,functional
49187,functional needs repair
72462,non functional
12030,non functional
25428,functional
4464,functional
14878,non functional
71107,functional
7411,functional
7997,functional
72687,functional
1441,functional needs repair
39230,functional
62694,functional needs repair
56940,non functional
21044,functional
8423,functional
31487,functional
34976,non functional
26979,functional
70773,functional
38313,functional
11890,non functional
32923,non functional
70609,functional
72536,functional needs repair
21691,functional
27857,functional
46885,non functional
35277,non functional
59274,functional needs repair
65297,functional
4651,non functional
5785,non functional
69507,non functional
73398,non functional
14847,non functional
48147,non functional
23843,non functional
39452,functional needs repair
45245,non functional
55834,functional needs repair
1454,non functional
71885,non functional
46998,functional
24988,non functional
14001,functional
19587,non functional
49511,functional
72036,non functional
23668,functional
68300,non functional
60639,non functional
47709,functional
67441,non functional
31407,functional
50083,non functional
62209,functional
50659,functional
27447,non functional
31909,non functional
32741,functional
47556,functional
66119,functional
1109,functional
20583,non functional
69545,functional
67719,non functional
62859,functional
50523,functional
29855,non functional
39652,functional
55000,functional needs repair
36736,non functional
14036,functional
63857,functional
2639,functional
61862,functional
4817,functional
8299,functional
29707,non functional
21995,non functional
18720,non functional
1852,non functional
7599,functional
3393,functional
48892,functional
29807,non functional
32513,functional
39789,functional
14197,non functional
31378,non functional
66035,non functional
44690,non functional
57773,functional
57338,functional
51440,non functional
5724,non functional
7119,functional
69861,non functional
13038,non functional
50019,functional
26642,functional
66878,non functional
27486,non functional
696,functional
38144,non functional
55388,functional
13071,non functional
35369,functional
66115,functional
17358,non functional
35901,functional needs repair
20316,non functional
67591,functional
6946,functional
20522,functional
42500,functional
56040,functional
67064,functional
20414,non functional
57521,functional
28061,non functional
3644,non functional
38512,non functional
32711,functional
22718,functional
18903,non functional
29767,functional
63247,functional
6765,non functional
32010,functional needs repair
48309,non functional
27198,functional
14298,non functional
62077,functional
70239,functional
46996,functional
63729,functional
63178,functional
74191,non functional
45782,non functional
50080,functional needs repair
20915,functional
23090,functional
1705,functional
43212,non functional
57472,functional
3179,functional
63952,functional
48386,functional needs repair
1416,functional
38175,non functional
62513,functional
30744,functional
51967,non functional
64929,functional
62924,functional
27299,functional
35332,non functional
68221,functional
66821,functional
7628,non functional
47486,non functional
39976,non functional
58678,functional
31779,functional
16029,functional
55147,functional
28429,functional
10571,non functional
24824,functional needs repair
11266,non functional
17167,functional
4846,functional
24079,functional
24648,functional
12233,non functional
26343,functional
39853,non functional
47241,functional
8374,functional
60090,non functional
46532,non functional
26643,functional
19686,functional
60349,non functional
50903,functional needs repair
30861,non functional
44488,non functional
60883,functional
51637,functional
66946,functional
57624,functional
51065,functional
57214,non functional
7151,non functional
37025,non functional
42300,functional
16814,functional
2943,non functional
44136,non functional
31279,functional
19527,functional
35096,non functional
16819,functional
44664,functional
14375,functional needs repair
69657,non functional
68540,non functional
20324,functional
61568,non functional
38100,functional
56794,functional
30086,non functional
67358,functional
6994,non functional
31786,non functional
40934,functional
4963,non functional
7844,functional
60139,functional
60166,functional
57873,non functional
40837,non functional
9330,functional needs repair
45251,non functional
8853,functional needs repair
6515,functional
23905,functional
60926,functional
45529,functional
27973,functional
4550,functional
38273,non functional
12451,functional
40,functional
64856,functional needs repair
5599,non functional
71195,functional
70235,non functional
55920,functional
31749,functional
11248,functional
69623,non functional
56059,functional
71571,functional
54003,functional
58499,functional
28225,functional
70004,non functional
47293,functional
20313,functional
11857,functional needs repair
31504,non functional
27724,functional
43954,non functional
11327,non functional
5123,functional
33805,functional
71902,functional needs repair
46535,non functional
70141,functional needs repair
33636,non functional
14060,functional
17250,functional
68710,functional
32338,functional
6185,functional
7238,non functional
60928,non functional
4925,non functional
59886,functional
50131,functional needs repair
14074,functional
39405,functional
22132,functional
43555,non functional
12736,non functional
32288,functional
22167,non functional
20704,non functional
11565,functional
36990,functional
17753,non functional
31634,non functional
56548,functional needs repair
30351,functional
33655,non functional
43801,functional
60908,functional
5482,functional
40222,functional
11273,functional needs repair
18014,functional
27777,non functional
9670,non functional
24215,non functional
49201,non functional
27342,functional
69825,non functional
1314,non functional
13648,functional
30466,functional needs repair
64967,functional needs repair
58530,non functional
35072,non functional
6903,non functional
14874,functional
972,non functional
2112,non functional
12555,functional
64512,non functional
16959,functional needs repair
44181,functional
27170,functional
921,non functional
41544,non functional
5262,functional
2692,non functional
48402,functional
62773,functional
7189,functional
17680,non functional
15833,functional
42602,non functional
39272,non functional
26179,non functional
32824,non functional
7931,functional
68270,functional
51798,functional
22694,functional
25063,functional
17714,functional
20828,functional
49628,non functional
54116,functional needs repair
68522,functional
52219,functional
68635,functional
42371,functional
30555,non functional
58845,functional
53775,functional
52214,functional
43700,functional
67272,functional
8583,functional
65007,functional
20047,functional
55563,non functional
16595,functional
17991,functional
60699,non functional
38369,functional
29756,non functional
20620,functional needs repair
66726,functional
69890,functional
6955,functional needs repair
64406,non functional
27077,non functional
26249,functional
54268,functional
15926,functional
38916,non functional
5528,non functional
4866,functional
58696,non functional
27902,non functional
73251,functional needs repair
38447,non functional
5758,functional
30181,functional
56162,functional
58016,non functional
13594,non functional
34957,functional
1071,non functional
43082,non functional
17537,non functional
32569,functional
7481,functional
2847,functional
68601,non functional
17174,functional
42341,functional
12620,functional
16392,non functional
35440,functional needs repair
4569,functional needs repair
56846,non functional
63910,non functional
71076,functional
71482,non functional
45842,functional
73668,functional
68809,functional
12578,functional
37154,non functional
4777,functional
8886,functional
70512,functional
16842,non functional
61996,non functional
4060,non functional
63486,functional needs repair
37881,functional
68261,non functional
5160,functional
18545,functional
36913,non functional
29164,functional
1833,non functional
38413,functional
40069,functional needs repair
82,non functional
59228,non functional
4528,non functional
44388,non functional
31251,non functional
51745,non functional
39159,functional
74165,functional needs repair
2131,functional
32668,functional
70416,non functional
12534,non functional
6557,functional
42489,functional
24645,functional needs repair
60628,functional
73768,non functional
62943,functional needs repair
37607,functional
74065,non functional
25628,non functional
54740,non functional
54659,functional
59243,non functional
29528,functional
53291,functional
23026,functional
2805,functional
318,non functional
9304,functional
40368,functional
62143,functional
40347,non functional
46112,non functional
20058,non functional
11288,functional
31137,non functional
61632,functional
27707,functional
49727,functional
15269,non functional
49909,functional
22418,functional
69084,non functional
62057,functional
34971,functional
53224,functional
46946,functional
25746,non functional
13050,non functional
48533,functional
46828,functional
56470,functional
36508,functional
9591,functional
30358,non functional
17024,non functional
56397,non functional
17095,functional
27428,non functional
23705,non functional
1796,functional
72453,functional
9273,functional
14531,non functional
11975,non functional
21885,functional
3237,non functional
20494,functional
23525,functional
72370,non functional
17940,functional
52543,functional
48571,non functional
30810,functional
1029,non functional
39127,non functional
31476,functional
31122,functional
24364,functional
71268,functional
9886,non functional
10480,non functional
65552,functional
58572,functional
23314,functional
15160,functional
18351,functional
5971,non functional
45075,functional
45258,functional
61841,non functional
57072,functional needs repair
4840,functional
43014,non functional
29337,functional needs repair
60829,functional
64924,functional
22363,non functional
6838,functional
39513,non functional
69624,functional
26331,non functional
49575,functional
29459,non functional
58857,functional
32888,functional
69067,functional
40957,functional
33639,functional
50416,non functional
23071,non functional
26942,non functional
57853,non functional
25094,functional
15185,non functional
27750,non functional
26175,non functional
41617,non functional
16863,non functional
66618,non functional
43736,non functional
54567,functional
54957,non functional
22834,functional
32680,functional
11392,non functional
71348,functional
72994,functional
66359,non functional
46123,non functional
35216,functional
68435,non functional
24032,non functional
23456,non functional
16793,functional
11609,functional
14959,non functional
30826,functional
65449,non functional
55206,functional
46600,functional needs repair
1668,functional
53360,non functional
54577,functional
46986,non functional
16472,functional
13888,non functional
26085,functional needs repair
43738,functional
54925,functional needs repair
4248,non functional
10801,non functional
32666,functional needs repair
794,non functional
37150,functional
38456,functional
62355,non functional
33038,non functional
58263,non functional
58588,functional
35003,non functional
46513,functional
18856,functional
62989,functional
18156,functional
2412,functional needs repair
21838,functional
47128,non functional
64055,non functional
46472,non functional
66824,functional
10440,functional
73883,functional needs repair
29001,functional
22900,functional
32253,functional
51969,functional
35217,functional
4629,functional
27381,functional
42362,non functional
23258,non functional
72468,functional
15284,non functional
13269,functional
851,functional
73277,functional needs repair
34142,non functional
32501,non functional
22781,functional
3838,functional
15324,non functional
732,non functional
9843,functional
62822,non functional
10882,functional
31528,non functional
53980,functional
41249,non functional
42871,functional needs repair
26413,functional
45042,functional
73938,functional
45180,functional
38081,functional
6124,functional
72915,functional
1246,non functional
52914,functional
48300,functional
63524,functional
37826,functional
16221,non functional
69230,functional
39579,non functional
12963,functional needs repair
64026,non functional
3512,functional
61843,functional
23006,functional
69655,non functional
61053,non functional
63831,non functional
38370,functional
58866,non functional
10909,functional
13880,functional
73546,non functional
16982,non functional
1085,non functional
10870,non functional
20390,non functional
24610,functional
41435,functional
40745,non functional
22878,functional
19612,non functional
20925,functional
11021,functional
18723,non functional
29628,non functional
67434,functional
36416,functional
58142,functional
21858,functional
25274,functional
50819,non functional
65000,functional
4423,functional
66729,non functional
62663,functional
24267,functional
9009,functional
11534,non functional
55144,functional
60339,functional
49601,functional
34786,functional
64809,functional needs repair
44101,non functional
43833,functional
50869,functional
16209,functional
42340,functional
47469,non functional
43161,functional
29074,non functional
39355,functional
66378,non functional
41781,functional
22955,functional
4161,non functional
35578,non functional
5860,non functional
66156,functional
18616,non functional
301,functional
25688,non functional
55833,functional
4571,non functional
64842,functional
66144,functional
49487,functional
55879,non functional
53944,non functional
68395,functional needs repair
25698,functional
17452,non functional
62717,functional needs repair
12643,non functional
42064,non functional
67317,functional
11325,functional
11994,non functional
30189,non functional
24020,functional
13471,functional
64337,non functional
60546,non functional
37969,non functional
9689,functional
50610,functional
57101,functional
19088,functional
52137,non functional
25795,non functional
9078,non functional
1296,functional
3848,functional
46493,non functional
64129,functional
37246,non functional
32793,functional
24416,functional
24088,non functional
35315,functional
57191,functional
6587,non functional
55060,functional needs repair
34648,non functional
19717,functional
70525,functional needs repair
2259,non functional
52791,non functional
41344,functional needs repair
55319,functional
23174,non functional
39491,non functional
30707,functional
48398,non functional
63373,functional
4747,functional needs repair
73,non functional
41670,functional
59345,functional needs repair
28056,functional
58585,non functional
19991,functional
5806,functional
42450,non functional
63273,functional
5327,non functional
46176,non functional
43665,non functional
10886,non functional
51110,functional
45532,non functional
40282,functional
62947,functional
23223,functional
16496,functional
33475,functional
57370,functional
63440,non functional
8849,non functional
45806,non functional
17215,functional
9945,functional
72645,non functional
26552,functional
31227,functional
3248,functional
27705,functional
3454,functional
73944,functional
8851,non functional
12415,non functional
26237,functional
49997,non functional
43166,non functional
33132,functional
28754,functional
50394,functional
16206,functional
66259,non functional
72128,functional
26051,functional
46992,functional
49491,functional
74033,functional needs repair
19248,non functional
58503,functional needs repair
72747,functional
15189,functional
46121,functional needs repair
31477,non functional
12764,functional
11147,non functional
8079,functional needs repair
42035,functional needs repair
30630,functional needs repair
16360,non functional
68919,non functional
10254,functional
42004,functional needs repair
73745,functional
40961,functional
69703,functional
19922,functional
64527,non functional
21701,functional
18716,functional
20158,non functional
66964,functional
18624,non functional
31449,non functional
41184,functional
72677,non functional
11938,non functional
27314,functional
49807,functional needs repair
71503,non functional
62078,functional
4982,functional
43783,functional
53500,functional
64202,functional
66699,functional needs repair
2173,functional needs repair
36458,functional
11125,functional
48490,functional
72705,non functional
17650,functional
68372,functional
21679,functional
16316,non functional
15786,functional
19321,functional
70246,non functional
52338,functional
30042,functional
18452,non functional
37345,non functional
56355,functional
34488,non functional
54011,non functional
31262,functional
6191,functional needs repair
52636,functional
20193,functional
58795,non functional
60904,non functional
52134,non functional
2232,functional
4780,functional
9017,non functional
41097,non functional
50044,functional needs repair
29376,functional
30704,non functional
59995,non functional
34531,functional
46883,functional
60129,functional
45552,non functional
38910,functional
66029,non functional
11738,functional
55590,functional
11964,non functional
42369,non functional
65743,non functional
71833,functional
60806,functional
9189,non functional
65440,functional
53206,functional
53334,non functional
47645,functional
70880,functional
13100,functional
15073,functional
72783,non functional
13661,functional
66968,non functional
57349,functional
65281,functional
62184,functional
71360,non functional
58469,non functional
12521,functional
67648,functional
59773,non functional
21209,functional needs repair
19502,functional
17525,functional
12029,functional
6701,functional
47038,non functional
36570,functional
44848,non functional
24014,functional
41705,non functional
38025,non functional
36211,functional
54362,functional
29649,non functional
27849,non functional
63760,functional needs repair
43880,functional
1327,functional
22990,functional
52610,non functional
25493,functional
14591,non functional
20100,non functional
50054,non functional
41445,functional
40873,non functional
16707,functional
67603,functional
22249,functional
18740,functional
1650,non functional
24369,functional
1277,functional
46844,non functional
29071,functional
14739,functional
48156,functional
25694,functional
74147,functional
54315,non functional
8269,functional
58717,non functional
68527,non functional
41511,non functional
43765,non functional
73163,non functional
55773,functional
68305,non functional
10902,functional
40767,functional
63975,functional
37705,functional
51338,functional needs repair
18483,non functional
57664,functional
39087,functional
9298,functional
38931,non functional
61265,functional
55496,non functional
45763,functional
30420,functional
64403,functional
32005,non functional
26567,functional
67864,functional needs repair
4079,non functional
59687,functional
17388,functional
70295,functional
27154,non functional
4316,functional
67924,functional
52050,non functional
47340,non functional
54908,functional
21862,non functional
73854,functional
67811,functional
57866,functional
55995,non functional
45267,functional needs repair
47212,functional
25466,non functional
31481,functional needs repair
1551,functional needs repair
58690,non functional
65635,non functional
60877,non functional
56555,functional
3438,non functional
61809,functional
34919,functional
33721,functional
5508,non functional
11785,functional
71505,functional
24165,functional
21633,non functional
20130,non functional
19774,non functional
31316,functional
25798,functional
16092,functional
26134,functional
48860,functional
28630,functional
62743,non functional
57237,non functional
2878,functional
13761,non functional
60167,functional
64436,non functional
36431,non functional
6468,functional
17887,functional
48515,non functional
25756,functional
31568,functional needs repair
49904,non functional
24093,functional
49606,functional needs repair
53331,functional needs repair
72434,functional
48465,non functional
37299,functional
52235,functional
30720,functional
14500,functional
68260,functional
63765,functional
12850,functional
71014,non functional
1569,functional
69666,functional
25308,functional
20482,functional
70124,functional
21332,functional
3613,non functional
11503,non functional
9093,non functional
44670,functional
8817,non functional
16849,functional
5641,functional needs repair
54283,functional
26828,functional
10694,non functional
70801,functional
49366,functional
20726,functional needs repair
66381,non functional
16704,functional
613,functional
72826,functional
70319,functional
5629,functional
65024,functional
38326,non functional
33313,non functional
10488,functional
3764,non functional
12024,functional
16026,non functional
59711,non functional
72984,functional
58071,functional
61427,functional
13642,functional
30069,functional
15057,functional
13676,functional
32916,non functional
57441,non functional
54462,non functional
55862,functional
37404,non functional
56773,non functional
52792,non functional
66175,non functional
9232,functional needs repair
64490,non functional
27276,functional
54948,functional
71290,non functional
62037,functional needs repair
43324,functional needs repair
14413,non functional
25549,non functional
58722,non functional
66301,non functional
46234,non functional
13740,functional
41386,functional needs repair
28532,functional
59866,non functional
27514,functional
61595,functional
40486,functional
1191,functional
36361,functional
59009,non functional
30017,functional needs repair
28712,functional
66203,functional
20936,non functional
45372,functional
43549,functional
28117,non functional
63766,functional
59518,functional
11929,non functional
37053,functional
25062,functional
40931,functional
67838,functional needs repair
65702,functional
68989,non functional
33668,non functional
54672,functional
24529,functional
49371,functional
67879,non functional
49134,functional needs repair
8704,non functional
54889,functional
2122,functional
45032,functional
65451,functional
35507,functional
46712,non functional
20003,non functional
16441,functional
50033,functional
58601,non functional
25342,functional needs repair
46058,non functional
52458,non functional
7434,non functional
33400,non functional
48782,functional needs repair
39584,functional needs repair
54087,non functional
10486,functional needs repair
26106,functional
17504,functional
16081,functional
4026,non functional
46516,non functional
14402,functional
18105,functional
13812,functional
42442,non functional
8533,non functional
33740,functional
66009,non functional
30696,functional
7386,functional
13302,functional
51343,functional
30721,functional
49343,non functional
16321,non functional
73133,functional
59657,non functional
58496,non functional
21458,functional
25494,functional
2968,functional
40074,functional
20420,functional
33417,non functional
5974,functional needs repair
8232,non functional
11474,non functional
72319,functional
58301,functional
8396,functional
40337,functional
30586,functional
60559,non functional
31249,functional
51216,functional needs repair
64038,non functional
72269,functional
46882,functional
26164,functional
70320,functional
19220,functional needs repair
72058,functional
20892,non functional
56319,non functional
22660,functional needs repair
66776,functional
22948,functional
68729,functional
68304,functional
34753,non functional
54189,non functional
23416,functional
50279,non functional
66397,functional
9847,functional needs repair
3317,non functional
49681,functional needs repair
56797,non functional
68823,non functional
6485,functional
2804,functional
44943,functional
60587,non functional
30986,functional
4487,non functional
48512,non functional
45255,functional
62319,functional
44905,functional
46398,non functional
27121,non functional
27338,functional
67621,functional
5170,non functional
72137,functional
52898,non functional
39338,functional
23073,functional
821,functional
2030,non functional
67099,functional needs repair
17665,functional
24955,functional
53278,functional
19829,functional needs repair
4709,functional
39570,functional
17302,functional
28383,functional
64181,functional needs repair
17087,functional needs repair
3475,non functional
10454,functional
20837,non functional
20861,functional
8636,non functional
60354,functional
29168,functional
28536,functional
28934,functional
37537,non functional
58873,non functional
10491,non functional
7072,non functional
34246,non functional
7423,functional
15080,functional
12950,non functional
17089,non functional
73809,non functional
5513,functional
24625,functional
24179,functional
29198,non functional
42626,non functional
60344,functional needs repair
58454,non functional
43180,non functional
46286,non functional
17902,functional
33834,non functional
25710,functional
53345,non functional
46794,functional
36013,functional
24367,functional
17599,functional
56628,non functional
68566,non functional
8515,non functional
67327,functional
38034,functional
1077,functional
63334,non functional
17654,functional
56172,functional
70043,functional
20709,non functional
50351,non functional
2344,functional
47321,non functional
71336,non functional
28527,functional
17374,functional
14728,functional needs repair
3071,functional needs repair
57471,functional
62273,functional
46567,functional
64808,functional
40481,functional
29005,functional
23374,non functional
11081,functional
10754,non functional
50811,functional
14051,functional
68009,functional
34677,functional
31600,functional
30305,functional
43628,functional
64981,functional
54780,functional
49564,functional
9805,non functional
71366,functional
30730,functional
71968,non functional
2890,functional
36822,functional
54512,functional
6220,functional
59771,functional
62072,functional needs repair
46622,functional
17348,functional needs repair
50933,functional
52363,functional
19662,functional
57242,non functional
49764,non functional
65031,functional needs repair
72681,functional
2501,functional
25278,non functional
13709,functional
46617,functional
33587,functional
32030,functional
33356,functional
52926,non functional
17568,functional
40748,functional
16623,non functional
38360,non functional
32378,functional
54072,functional
56781,functional
47312,non functional
30102,functional
11128,non functional
54380,functional
5105,functional
11049,functional
6013,functional
32101,non functional
37582,functional needs repair
18057,functional
37707,functional
61282,functional
71747,non functional
18275,non functional
2442,non functional
28544,functional
66404,functional
668,functional
56697,functional
44795,non functional
67680,non functional
2188,non functional
32615,non functional
2564,functional
25152,functional
48172,functional
55738,functional
57088,functional needs repair
61158,non functional
24672,functional
29118,functional
73142,non functional
59562,functional
22232,functional
35622,non functional
53498,functional
36882,non functional
59746,non functional
51088,functional
62172,non functional
47959,functional
73886,non functional
56432,functional
7611,functional
21417,non functional
5716,non functional
60881,non functional
28497,non functional
50121,non functional
39079,non functional
63649,non functional
65183,functional needs repair
64034,functional
64783,functional
70965,functional
62701,non functional
61665,non functional
26906,functional
69622,functional
42003,functional
41934,non functional
34338,functional
11862,functional
33209,functional
6192,non functional
31173,non functional
14077,functional
51881,functional needs repair
63133,functional
35476,functional
43408,non functional
41895,non functional
44425,functional
57942,functional
32447,functional
51015,functional
7161,non functional
58186,non functional
37113,non functional
72403,functional
3857,functional
7792,functional
62535,functional
29113,non functional
73372,functional needs repair
34809,non functional
28295,functional
25926,functional
53294,non functional
73628,functional
41584,non functional
64069,non functional
9477,functional
48667,non functional
30791,non functional
19854,non functional
19142,non functional
62547,functional
66204,functional
1748,non functional
69792,functional
50994,functional
27007,functional
47256,non functional
60314,functional
48078,functional
68246,functional needs repair
10448,non functional
44382,functional
42074,functional
11924,functional
44872,functional
31180,functional
24510,functional needs repair
4038,functional
30198,functional
35545,functional
19118,functional
51014,non functional
45107,functional needs repair
63733,non functional
12362,functional
71292,non functional
25476,functional
48388,functional
9909,functional
30451,functional
5301,functional
5977,non functional
44791,non functional
32144,functional
46213,non functional
39779,non functional
29231,functional
24629,non functional
38826,functional
68138,functional
1794,functional
35940,functional needs repair
30724,functional
8840,functional
18635,non functional
45187,non functional
54295,non functional
31579,functional
27043,functional
32988,non functional
25139,non functional
46538,non functional
56956,non functional
45419,non functional
72590,functional needs repair
42603,functional needs repair
43085,functional
22034,functional needs repair
8172,non functional
33483,non functional
23299,functional
10285,functional
19042,functional
39138,non functional
51452,non functional
47577,functional
20491,non functional
34889,non functional
44842,functional
55602,functional
55052,functional
55686,non functional
31980,functional
35976,functional
73227,functional
17544,functional
66955,non functional
11891,functional
11066,functional
15830,functional
61002,functional
20657,non functional
44924,functional
980,non functional
20294,functional
15584,non functional
27400,non functional
22100,functional
55025,functional needs repair
8485,functional
52215,non functional
47151,non functional
10619,functional
58346,functional needs repair
41272,functional
43644,non functional
600,non functional
15687,functional
34776,non functional
9306,non functional
45998,functional
39466,non functional
18102,functional
36367,functional
13552,non functional
6637,functional
30516,functional
38093,functional
49315,functional needs repair
10841,functional
20000,functional
27967,functional
11543,functional
60731,functional
63924,functional needs repair
11,non functional
53305,functional
10131,functional
10238,non functional
26141,non functional
35145,functional
60112,functional
72140,functional
19054,functional
37495,non functional
49734,non functional
29571,non functional
25489,non functional
61388,functional
6261,non functional
60269,functional
51664,non functional
33127,non functional
30184,functional
12182,functional
2306,functional
21951,non functional
62807,functional
61998,functional
41020,functional
2479,functional
12974,functional
39035,functional
57749,non functional
73812,functional
65086,functional
64294,non functional
27622,non functional
15862,non functional
64487,non functional
45660,functional
27406,non functional
43794,non functional
23338,non functional
18869,non functional
30393,functional needs repair
69745,functional
1433,functional
73781,functional
18228,non functional
4995,non functional
46926,functional
16965,non functional
7254,functional needs repair
26145,non functional
22973,functional
38272,functional
13080,functional
67054,non functional
33986,functional
37134,functional
22949,functional
5278,non functional
55990,non functional
57396,functional
72832,functional
13835,non functional
43459,functional
14620,non functional
1900,functional
3705,functional needs repair
19889,functional
42214,non functional
36257,functional
44508,non functional
57570,functional
48216,functional
13567,functional
47651,non functional
73879,non functional
59871,functional
71160,non functional
22148,non functional
45695,non functional
19110,functional
39413,non functional
56901,functional
58055,non functional
30159,functional
14919,functional
33354,non functional
6180,functional
43662,non functional
14975,non functional
62195,non functional
1986,functional
54514,functional
4744,functional
62331,functional
231,functional
31670,functional
58938,functional needs repair
7625,functional
52078,functional needs repair
39131,functional
996,functional
47855,functional
30812,non functional
53622,non functional
66986,non functional
66210,functional
16329,functional
22478,functional
62635,non functional
51888,functional
63669,functional
45810,non functional
34266,functional
57806,non functional
8391,non functional
14725,functional
15119,functional
2430,non functional
9987,functional
517,functional
5297,functional
48008,non functional
57019,functional needs repair
52697,functional
16602,non functional
57105,non functional
20206,functional
64349,non functional
31566,functional needs repair
1882,functional
2215,non functional
1611,functional
51501,non functional
28145,non functional
14559,non functional
27363,non functional
36772,non functional
58435,non functional
42894,non functional
58250,non functional
24205,non functional
29370,functional needs repair
39148,non functional
66868,functional
19809,functional needs repair
67482,functional
38436,non functional
46201,functional
71852,functional
19190,functional
5835,functional
51126,functional
3428,non functional
48069,functional
31448,functional
23420,functional
23872,non functional
46937,functional needs repair
28614,functional
26682,functional
4385,functional
18785,non functional
5396,functional
30530,functional
50176,non functional
13817,functional
35171,non functional
11196,functional
55914,functional
8948,non functional
15705,functional
38580,functional
4568,functional
51383,functional
65555,functional
15552,non functional
30753,functional
23579,functional
21922,non functional
1870,non functional
65524,non functional
70207,non functional
42348,functional
23961,non functional
58778,functional
26945,functional
39938,functional
70102,functional
2921,non functional
66288,non functional
44399,non functional
31063,functional
55248,functional
10566,non functional
72134,functional
4562,functional
53696,functional
4713,functional needs repair
22105,functional
15893,non functional
24252,functional needs repair
74040,functional
25545,functional
63049,functional
1119,non functional
61872,functional
7803,functional
38099,non functional
17505,functional
12516,functional
12959,functional
52968,functional
22511,functional
22962,functional
57322,non functional
72145,functional
36886,functional
53716,non functional
52351,functional
38589,functional
57886,functional
62937,non functional
1269,non functional
15437,functional
36917,functional
28103,non functional
31076,functional needs repair
47046,non functional
10952,functional
3305,functional needs repair
73114,functional
30972,functional
17973,functional
46049,non functional
59330,functional
2674,functional
23053,non functional
67889,functional
7829,functional
61073,non functional
70483,non functional
27789,functional
62705,non functional
7575,functional
58661,non functional
2055,functional
9105,functional
60315,non functional
41266,non functional
34615,functional
30173,non functional
8105,non functional
58713,functional
67209,functional
44593,functional
43542,functional
55630,functional
59048,functional
65716,non functional
67677,functional
71393,non functional
6741,non functional
57927,non functional
25447,non functional
54467,functional needs repair
48101,functional
1636,functional needs repair
37633,non functional
11512,functional
70018,functional
60651,functional
73744,functional
40313,functional
42538,functional
17947,functional
29303,functional
42934,functional
4848,functional
74059,functional
73948,non functional
73280,functional needs repair
10332,functional
66157,functional
20853,functional
24581,non functional
20854,functional
68899,functional
33435,functional
63858,non functional
30352,functional
44370,non functional
64256,non functional
47838,functional
18744,non functional
42622,functional
4296,functional
36417,functional
55464,functional
51869,functional
47116,functional
26772,functional
29632,non functional
52605,functional needs repair
15380,functional
36747,non functional
20331,functional
33542,non functional
53951,non functional
21474,functional
42645,functional
63425,functional
61506,functional
56156,non functional
55162,functional
58254,non functional
656,non functional
51320,functional
39118,functional
29305,non functional
67820,functional
45275,functional needs repair
66409,functional
17688,functional needs repair
6188,functional
69685,non functional
18460,functional
14048,non functional
64535,functional
46314,non functional
66268,non functional
14200,functional
39877,non functional
22304,functional
7568,non functional
18978,non functional
48043,functional
69697,functional
49571,non functional
29194,functional
56481,functional
68218,functional
7412,functional
65180,functional
17397,functional
61588,functional
36995,functional
23322,non functional
26362,non functional
64767,non functional
71647,non functional
32200,functional
17140,non functional
20081,non functional
35285,functional needs repair
4510,functional needs repair
39197,non functional
55644,non functional
2553,non functional
53516,functional
630,non functional
54486,functional
54897,functional
49135,functional
377,functional
62897,non functional
26002,non functional
3268,non functional
28259,non functional
27694,functional
23143,non functional
68181,non functional
15809,functional
56672,functional
28951,functional
66835,non functional
37718,functional
4246,functional
58118,functional
6223,non functional
4140,functional needs repair
48924,non functional
57974,functional
45575,non functional
44050,functional
32065,functional
35687,functional
64125,functional
4470,functional
26121,functional
18722,non functional
11834,functional
63390,non functional
25622,functional
48865,functional
48146,non functional
71331,functional
45331,functional
47132,functional
66072,functional
70800,functional
10630,functional
40346,non functional
48356,non functional
62285,functional
50469,functional
23651,functional
2652,functional
30273,functional
2526,non functional
70383,functional
2202,functional
43147,functional
10071,functional needs repair
64484,functional
31258,non functional
71258,functional
8078,non functional
32692,non functional
18021,non functional
43015,functional
58834,non functional
22549,functional
68769,functional
43004,non functional
70604,non functional
30269,functional needs repair
68376,functional
38653,non functional
7800,non functional
34393,functional needs repair
64688,non functional
17494,functional
72098,non functional
2904,functional
44669,functional
68721,functional
36683,functional
27298,functional
39837,non functional
70417,functional
63744,functional
73071,functional
71541,functional
17291,functional
5346,non functional
41996,functional
62382,non functional
2369,functional
12569,functional
16244,functional
53901,functional
19640,functional needs repair
62043,non functional
62414,functional
63051,functional
39813,non functional
3395,non functional
12553,functional
26084,non functional
3993,functional
22097,functional
9114,functional
38368,non functional
8806,non functional
70258,functional
59391,functional
29999,non functional
18184,functional
22530,functional
1842,non functional
36708,functional
7459,functional
33640,functional
10151,functional
60148,functional
47194,functional
53158,non functional
53405,functional
10814,non functional
30432,non functional
21803,functional
41492,non functional
3163,functional
35511,non functional
44427,functional
38179,functional
61728,functional
13526,non functional
61085,non functional
8642,non functional
58172,non functional
26632,functional
74046,functional
10799,non functional
65867,functional
56760,functional
70911,functional
44717,non functional
64217,functional
23692,non functional
46404,functional
51221,functional needs repair
49592,non functional
50428,non functional
28441,functional
10545,functional
55999,non functional
3547,non functional
4134,functional
14749,non functional
3075,non functional
12265,non functional
48722,functional needs repair
28700,functional
39167,functional
48098,functional
69730,non functional
11201,functional
38223,functional
61405,functional
1638,non functional
30974,functional
49902,functional
40145,non functional
6307,non functional
63252,non functional
46574,functional
5916,functional needs repair
54953,functional
37893,functional
63115,functional
27537,functional
57890,functional
52381,functional
17259,functional
61684,non functional
22103,functional
40253,functional
44038,functional
62685,non functional
32597,non functional
61958,non functional
19034,functional
32684,non functional
16213,functional
1839,functional
2552,non functional
20914,non functional
23251,non functional
27925,non functional
56990,functional
60590,non functional
39487,functional
52086,non functional
66110,non functional
51693,non functional
65605,functional needs repair
1588,non functional
55086,non functional
6217,non functional
29110,functional
11444,non functional
72718,non functional
11023,non functional
15787,functional
6470,non functional
8718,non functional
55906,functional
29479,non functional
52732,functional
22189,non functional
44158,functional
20290,functional
23556,functional
43089,functional needs repair
39948,functional
48853,non functional
62909,non functional
51218,functional
20743,non functional
5463,functional
31858,functional
54705,functional
28208,functional
18297,functional
27354,functional
21362,functional
10243,non functional
10497,functional
26501,functional
43160,non functional
22972,functional
36533,non functional
30943,functional
20379,functional needs repair
41003,functional needs repair
66742,functional
11221,functional needs repair
62613,functional
47649,functional
42883,functional
68424,functional
29601,non functional
52299,non functional
19456,functional
16985,functional
47124,functional
62644,non functional
1206,functional
6565,non functional
48244,functional
49893,non functional
5079,functional
30387,functional
8258,functional
3889,non functional
8553,functional needs repair
45148,functional
3029,functional
53717,non functional
2873,functional
7312,functional
52664,non functional
34588,functional needs repair
23797,non functional
49430,non functional
38059,non functional
58769,functional
28476,non functional
58264,functional
15667,non functional
44794,functional
29111,functional needs repair
55491,non functional
28054,functional
24683,functional
38482,functional
8731,non functional
31182,functional needs repair
53791,functional
12460,functional
1909,functional needs repair
33014,functional
70202,non functional
9322,non functional
14342,non functional
71162,functional
46798,functional
68357,non functional
23406,functional
129,functional needs repair
72927,non functional
65924,non functional
6897,functional
50287,non functional
44832,non functional
28283,functional
55121,non functional
11927,functional
63810,functional
10908,functional
43378,non functional
26366,non functional
41914,non functional
6739,functional
32791,functional
14629,non functional
63828,functional needs repair
186,functional
55,functional
47679,functional
16021,functional
4753,non functional
2920,functional
60300,non functional
46981,functional
70878,functional
23646,functional
16765,non functional
54632,functional
18259,functional
50331,functional
51051,non functional
3300,functional
50213,functional
24830,non functional
45212,functional
11663,functional
6170,functional
14364,non functional
50510,functional
7596,functional needs repair
8433,functional
3567,non functional
22863,functional
37700,functional
15898,functional needs repair
50256,non functional
65070,functional
24046,non functional
31548,functional
30396,functional
14050,functional needs repair
59714,functional needs repair
15558,functional
25853,functional
29016,functional
53991,functional needs repair
71396,non functional
59392,functional
58507,functional needs repair
20995,functional
3726,functional
4108,functional
22795,functional
10648,functional
68057,functional
47253,functional
26890,non functional
27918,functional needs repair
60742,functional
11799,functional
21967,functional
59237,non functional
60582,functional
8661,non functional
26687,functional
28729,non functional
7925,functional
34172,functional
5796,functional
47261,non functional
37324,functional
73584,non functional
41015,functional
28224,non functional
21254,functional
51155,functional
53557,non functional
60396,functional
60170,functional needs repair
22551,functional needs repair
72615,non functional
10402,functional
49467,functional
7804,functional
58917,functional
29222,non functional
57968,non functional
47781,functional
2543,functional
38117,functional
3142,functional
71343,non functional
41675,functional
8285,functional
61065,non functional
4081,non functional
39651,functional
6863,non functional
70407,functional
23210,functional
44000,non functional
20702,functional needs repair
24394,functional
4908,functional
28657,non functional
42190,functional needs repair
448,functional
60422,functional needs repair
50539,functional
39739,functional
19127,non functional
50630,functional needs repair
33716,non functional
28099,functional
52911,functional
35941,functional
39047,non functional
17146,non functional
51943,functional
40999,functional
37677,functional
3721,functional
20067,functional
24710,non functional
50551,functional
38803,non functional
46100,non functional
13507,non functional
72895,functional needs repair
45829,non functional
10388,non functional
12408,functional
13931,non functional
56466,functional
60853,functional
455,non functional
28543,functional
47517,non functional
44922,functional
47001,functional
23235,non functional
46182,functional
6977,functional
24190,non functional
20594,functional
16911,functional
4727,non functional
59183,functional
21857,functional
72125,functional
72517,non functional
12195,non functional
24126,functional needs repair
53381,functional
21585,non functional
6727,non functional
63366,functional
54369,functional
42634,functional
71005,non functional
12546,functional needs repair
33178,functional
54882,functional needs repair
20410,non functional
18820,non functional
46101,functional
56732,non functional
46732,functional
36771,functional
10330,functional
3619,non functional
66586,functional
59458,functional
38202,non functional
21182,functional needs repair
45283,functional
41601,functional
40063,functional
27847,functional needs repair
13693,functional
8275,non functional
12401,functional
45479,functional
50904,non functional
38021,non functional
59161,functional
61306,non functional
65532,functional
12973,functional
68271,non functional
35670,functional needs repair
2970,functional
30926,functional needs repair
19909,non functional
35380,functional
45774,non functional
62838,functional
39858,functional
11779,functional
36765,functional
65509,non functional
18146,functional
49274,functional
31461,non functional
36550,functional
63694,non functional
25270,functional
37666,non functional
34670,functional
57771,non functional
68296,non functional
22977,functional
52275,functional
49663,non functional
11998,non functional
49023,non functional
27850,functional
23659,functional
67766,non functional
6860,non functional
23540,non functional
21266,functional
60512,functional
53015,non functional
5870,non functional
56636,non functional
55497,non functional
4525,non functional
60554,non functional
53845,functional
21834,functional
6371,non functional
69733,non functional
4234,functional
2660,functional
5564,functional
15895,functional
29655,functional needs repair
59300,functional
54759,functional
37898,functional needs repair
57778,functional
10125,non functional
52708,functional
62396,functional
58124,functional
23808,non functional
31099,functional needs repair
46839,functional
53000,functional
71958,non functional
58949,functional
38016,non functional
15611,functional
17368,non functional
3987,non functional
9856,non functional
12563,functional
47942,non functional
12983,non functional
26203,functional
55656,non functional
18406,functional
741,non functional
47869,functional
72433,functional
50535,functional
59526,functional needs repair
63619,functional
54578,functional needs repair
30137,functional
21077,non functional
22758,non functional
73334,non functional
43465,functional needs repair
31698,functional
14765,functional
58590,functional
9807,non functional
37118,non functional
66926,functional
23815,non functional
58211,functional
31530,non functional
18931,non functional
46684,non functional
36444,functional
70515,functional
62422,functional
65382,functional
11002,functional needs repair
7630,functional
55709,functional
40670,non functional
20009,functional
40129,functional
49910,non functional
8680,functional
562,non functional
12159,functional needs repair
43208,functional
14340,non functional
47145,functional
61043,functional
37181,non functional
15488,functional
25112,functional
14871,functional
69578,non functional
2433,non functional
48611,non functional
5672,functional
57172,functional
3626,non functional
19497,non functional
43962,functional
39590,functional
15594,functional
56961,functional
61327,functional
23992,functional
20609,non functional
56287,non functional
54700,non functional
3928,non functional
45523,non functional
20606,functional
31134,functional
222,non functional
69940,non functional
65872,functional
44262,non functional
14275,non functional
4619,functional
42697,functional needs repair
50705,non functional
37690,non functional
55975,functional
71485,functional needs repair
73150,functional
9590,functional
53548,functional
64002,non functional
998,functional
48462,functional
61537,non functional
24727,functional
18994,functional
14645,functional
7703,functional
71893,non functional
40218,non functional
27892,functional
45362,functional
33609,non functional
45599,non functional
73789,non functional
65347,non functional
30653,functional
50740,functional
72538,non functional
18509,functional
56999,functional
37662,non functional
14303,functional
1270,functional
28204,functional
72609,functional
53010,functional
12065,functional
52057,non functional
36134,functional
16200,non functional
49771,non functional
24598,functional
21472,non functional
48591,functional
60476,functional
47065,functional
46347,functional needs repair
22597,functional
66739,functional
37441,non functional
15977,functional
31224,functional
16456,functional
23996,functional
42761,functional
72218,non functional
26251,non functional
49168,non functional
19923,functional
21592,non functional
7979,functional
4424,non functional
25446,functional
5102,functional
45860,non functional
58908,functional
66345,non functional
29812,non functional
69276,functional
10376,non functional
50985,functional
5881,non functional
46334,functional needs repair
15066,non functional
52165,functional
52357,non functional
24944,functional
60525,functional
31523,non functional
42478,functional
28871,non functional
71613,functional
41440,functional
41368,functional
48572,non functional
1921,non functional
48638,functional
63659,functional
29281,non functional
56763,functional
91,non functional
62675,non functional
6972,non functional
52076,functional
54492,functional
51362,functional
35771,non functional
18024,non functional
13239,non functional
33372,functional
8070,functional
46263,non functional
4918,functional
12614,non functional
64792,functional
54747,non functional
21013,functional
25974,functional
37642,non functional
20457,functional needs repair
33638,non functional
35939,functional
26217,functional
39477,non functional
16711,non functional
27140,functional
49356,functional
45730,functional
55741,functional
47018,functional
50992,functional
22473,functional
37273,functional
68588,non functional
5506,functional
45188,functional
28184,functional
54860,non functional
67194,non functional
9052,functional
31127,functional
21888,non functional
10781,functional
57206,functional
42245,non functional
36981,functional
17919,non functional
37880,functional
11980,functional
4958,functional
72046,functional
20835,non functional
26354,functional
31582,functional
36180,functional
65710,functional
67347,non functional
23247,non functional
4883,non functional
67651,functional
19448,non functional
31868,functional
35995,functional needs repair
43109,non functional
47172,non functional
46013,functional
54216,non functional
63583,functional needs repair
25371,non functional
38274,functional
56309,functional
49147,functional
48692,functional
35418,non functional
43429,functional
8123,non functional
15847,non functional
71569,functional needs repair
7056,non functional
72221,functional
51565,functional
56762,functional
40292,non functional
26278,functional
22639,functional
56528,non functional
49107,functional
41228,non functional
17124,non functional
69532,functional
70861,functional
26327,functional
41677,non functional
12675,non functional
47933,functional
15062,functional
69236,functional
9427,functional
60999,functional
26940,functional
48036,functional
66070,functional
6583,functional
52007,non functional
48132,functional
26749,non functional
40733,functional
50275,non functional
35049,functional
14724,functional
56948,non functional
62248,non functional
2613,functional
3185,functional
19545,functional
1893,functional
43102,functional
15993,functional
27277,non functional
23743,non functional
53538,functional
26356,functional
41013,non functional
3439,functional
27474,non functional
21583,non functional
25385,functional
37378,functional
7325,functional
35134,functional
31168,functional needs repair
61642,functional
57148,non functional
47999,non functional
10867,non functional
68371,functional
17365,non functional
64032,functional needs repair
25309,functional
16826,functional
53467,functional needs repair
35478,functional
42020,non functional
70027,functional
64318,non functional
53507,functional
9935,non functional
21107,non functional
54080,functional
69654,non functional
30989,functional
17676,non functional
18711,non functional
35403,non functional
4853,functional
38534,non functional
36105,functional
56739,functional
2951,functional
11310,functional
36005,functional
28642,non functional
22077,functional needs repair
7022,functional
14502,non functional
37743,non functional
60966,non functional
61904,non functional
73168,functional
31690,functional
8839,functional
9916,functional
35722,non functional
4208,functional
3099,functional
72151,functional
38254,functional
35229,functional
66979,functional
13935,non functional
59412,functional
39792,functional
52068,non functional
33776,functional
20308,functional
49641,functional
44756,functional
56033,functional
43168,functional
28052,functional
28979,functional
7142,functional
50374,functional needs repair
10510,functional needs repair
21030,functional
32129,functional needs repair
18390,functional
71313,functional needs repair
21365,functional
11282,functional
32633,functional
511,functional
59467,non functional
65685,functional
52006,functional
1445,non functional
72703,functional
71038,functional
56414,non functional
62463,functional
68819,non functional
44527,functional
39996,non functional
47723,functional
27646,functional
20921,non functional
22354,functional
2675,non functional
36002,non functional
40529,functional
14757,functional
24124,non functional
59248,functional needs repair
58698,functional
3462,functional
68746,non functional
25131,non functional
7534,functional
27927,non functional
26065,functional
9932,functional
54071,functional
59003,non functional
39459,non functional
31673,functional needs repair
38510,non functional
13223,functional
24488,functional
51093,functional
60436,functional
43019,non functional
706,functional
9277,functional
40050,non functional
28927,non functional
16702,non functional
62190,functional needs repair
11015,non functional
8949,non functional
43125,functional
14622,functional
62448,non functional
35568,functional
73997,functional
2024,non functional
29506,non functional
25882,functional
68330,functional needs repair
72972,non functional
41430,non functional
5911,functional
34951,functional
34683,functional
49203,functional
23152,non functional
45758,functional
60118,non functional
22204,functional
13476,functional
38245,non functional
9145,functional
9167,functional
8852,non functional
16216,functional needs repair
6659,functional
66509,non functional
61875,non functional
38047,functional
25290,functional
19759,non functional
36654,functional
49224,non functional
16450,functional
34187,non functional
13683,functional
4369,functional
14454,non functional
32211,non functional
68732,non functional
69914,functional
58106,functional
33900,functional
64847,non functional
60236,non functional
53587,functional needs repair
6133,functional
20179,functional
21478,functional
34657,non functional
31295,functional
26238,functional
63959,functional
34455,functional
47984,functional
31666,functional
3713,non functional
66256,functional
13448,non functional
53943,non functional
5242,non functional
34885,functional
51107,non functional
27080,functional
71220,functional needs repair
7520,functional needs repair
35970,functional
68942,functional
20484,functional
22242,non functional
24715,functional needs repair
30388,functional
34353,functional
25754,functional
22075,non functional
21167,functional
2748,functional
71946,functional
32763,functional
29172,non functional
45617,functional
4262,non functional
47476,functional
26928,functional
65502,non functional
15961,functional
3769,functional
65091,non functional
43805,non functional
36171,non functional
31823,non functional
44705,functional
18901,functional
72761,functional
18036,functional
52335,functional needs repair
68889,functional
26212,functional needs repair
26455,non functional
12450,non functional
59152,functional
52839,functional
63279,functional
56617,functional needs repair
10774,functional
47454,functional
60257,non functional
55351,functional
31843,functional
14066,non functional
67722,functional
34513,non functional
19775,functional
22876,functional
27118,functional
59385,functional
67601,non functional
32608,functional
71550,functional needs repair
48083,functional
1924,non functional
19875,functional
66339,functional
29251,functional
5847,non functional
36450,functional needs repair
54976,functional
20388,non functional
45946,non functional
57292,functional
20280,non functional
63532,functional
52862,non functional
32162,functional
31395,functional
19437,functional needs repair
63213,functional
22735,non functional
28517,functional
28886,functional
1107,functional
50646,non functional
45113,functional
21912,functional
47350,functional
30828,functional
46638,functional
64594,functional
31102,functional
37868,functional
197,functional
28314,functional needs repair
23906,functional
39752,functional
52891,functional needs repair
44306,functional needs repair
60854,functional
8907,non functional
54237,functional
32942,non functional
68967,functional
36714,functional
47951,functional
69991,functional
9385,functional
71847,functional
36373,non functional
48615,non functional
50691,functional needs repair
37801,functional
60333,non functional
61784,functional
68932,non functional
25391,non functional
17145,functional
50656,functional
65697,functional
43770,functional
12322,functional
27336,functional
29289,functional
16428,functional
64451,non functional
10365,non functional
2223,non functional
40530,functional
4955,functional
33576,non functional
47574,functional
1930,functional
3049,functional
15823,functional needs repair
23126,non functional
25551,functional
42571,non functional
14433,functional
42623,non functional
2197,non functional
7058,functional
53080,non functional
5550,functional needs repair
4116,functional
32461,functional
60159,functional
37126,functional needs repair
39526,functional needs repair
20649,functional
52852,functional
66430,non functional
46265,functional
69667,non functional
70879,functional
21314,functional
68833,non functional
42221,functional
44567,functional
17810,non functional
57086,functional
48437,functional
36526,non functional
16140,functional
67976,non functional
46103,functional
47643,functional
59165,functional needs repair
37581,functional
68273,functional
65434,non functional
67898,functional
40657,functional
28196,functional
29054,functional
3876,functional needs repair
26843,non functional
48749,non functional
11483,functional
35943,non functional
18776,non functional
57715,non functional
32020,functional
37635,non functional
32304,functional
5132,functional
68573,non functional
66002,functional
5498,non functional
59629,functional
32437,non functional
45121,functional
2992,functional
12659,non functional
22906,functional
20480,functional needs repair
6566,functional needs repair
9566,non functional
64354,functional
5258,functional needs repair
52285,functional
6421,functional
935,non functional
14482,functional
40986,functional
56795,non functional
16198,functional
55182,functional
73751,functional
41518,functional
11499,non functional
58883,functional needs repair
66037,non functional
61443,functional
27353,non functional
65671,non functional
58019,functional
51683,functional needs repair
29165,non functional
48417,non functional
64104,functional
35350,non functional
27293,functional
2712,non functional
62289,functional
8871,non functional
944,non functional
38809,non functional
2184,functional
56694,functional
36206,functional
24962,functional
72546,non functional
64443,functional
22082,functional needs repair
344,functional
34221,functional
38889,functional
72416,functional needs repair
47366,functional needs repair
67718,functional
27251,functional
27748,non functional
65497,functional
72845,non functional
41120,non functional
45276,non functional
19920,functional
26333,functional
74247,non functional
11074,functional
57422,non functional
5908,functional
42503,non functional
39360,functional
22029,functional
53585,non functional
56658,non functional
16035,non functional
18200,non functional
7871,functional
44702,functional
42822,non functional
70865,functional
17399,non functional
4957,functional
41410,non functional
36783,functional needs repair
32545,functional
9287,functional
73679,functional
885,functional
28051,non functional
26750,functional
23089,functional
51099,functional
24460,non functional
52279,non functional
14097,non functional
60800,functional
51627,non functional
35034,functional
58655,functional
8006,non functional
43427,functional
62202,functional
6130,functional
20798,non functional
2717,non functional
60260,non functional
58089,functional
44084,functional
3447,non functional
23702,functional
44424,functional
26637,functional
1776,non functional
42712,non functional
50742,functional
73936,functional
31765,functional
42405,non functional
48563,functional
21143,non functional
67349,functional
22554,functional
28568,functional needs repair
46073,functional
43037,functional
22109,functional
39317,functional
42156,non functional
22277,functional needs repair
52488,functional
35495,functional
19389,functional
5694,functional
19402,non functional
61121,functional
48181,non functional
65186,non functional
4485,functional
56801,non functional
28229,functional
46391,non functional
44476,functional needs repair
61366,functional
65855,functional
25241,functional needs repair
73543,functional needs repair
11508,functional
38741,functional
32109,functional
12462,functional
37021,functional
34884,functional needs repair
27944,functional
57956,functional
59844,non functional
66133,non functional
51703,functional
15991,functional
54033,non functional
69373,non functional
37065,functional
34005,functional
64428,non functional
30948,functional
26681,functional
72341,functional
68,non functional
65254,functional
14296,non functional
63308,functional
35032,functional
3938,non functional
63934,functional needs repair
31410,non functional
9486,functional
25298,functional
12443,functional
68764,functional
40785,non functional
57456,non functional
44789,functional
58977,non functional
28428,functional
49004,functional
27261,functional
8198,non functional
41512,functional
26103,non functional
32546,non functional
49935,functional
37355,functional
62553,non functional
51035,non functional
2916,functional
35707,functional
10739,functional
36739,functional
39712,functional
52110,non functional
47921,functional
61945,functional
1641,functional
54775,non functional
47847,functional
51020,functional
20808,functional
32216,functional
44295,non functional
53554,non functional
68440,non functional
649,non functional
57997,functional
47748,non functional
33512,non functional
32273,non functional
15682,functional
61716,functional
50519,functional
67823,functional
33408,non functional
49346,non functional
21112,non functional
32993,functional
47071,functional
56262,functional
39786,non functional
5638,functional
14583,non functional
62912,functional
68682,non functional
47611,non functional
19718,non functional
59309,functional
1414,functional
1838,non functional
37628,non functional
36195,functional
25821,functional
68474,functional
19656,non functional
59892,non functional
57550,non functional
62174,non functional
55072,non functional
15183,functional
32894,functional needs repair
42477,non functional
30419,functional
19064,functional
52710,functional
57286,non functional
52149,non functional
21137,functional
71409,functional
23034,functional
60754,functional
14367,functional
68644,functional
1586,non functional
72714,non functional
53151,non functional
65083,non functional
24501,functional
53376,functional
27844,functional
46329,functional
28027,functional
49015,functional
21928,functional
73335,functional
45844,functional
71750,functional
21632,functional
68973,functional
38325,non functional
1144,functional
4574,functional
4535,non functional
33383,non functional
14369,functional
21872,functional
4129,functional
24676,non functional
31408,non functional
40452,functional
37832,functional
70630,non functional
51150,non functional
34297,functional
67342,non functional
202,functional
46198,functional
36074,functional
7794,non functional
66887,non functional
15921,non functional
38240,functional
41806,functional
61083,functional
28698,non functional
45685,functional
4738,non functional
21652,functional needs repair
13200,functional
27506,functional
56473,non functional
48952,functional
66727,functional
47073,functional
72445,non functional
61731,non functional
6924,functional
48517,functional
62700,functional
21909,functional
72568,functional needs repair
54353,functional
16402,functional
27851,non functional
13966,functional
44155,non functional
1966,functional
20362,functional
20788,non functional
64084,non functional
26641,non functional
34112,non functional
2590,non functional
32405,functional
62219,functional
802,functional
53184,functional
43507,functional
9090,non functional
73271,functional
62632,non functional
66120,functional
58091,non functional
67794,functional
60073,non functional
37171,non functional
69213,non functional
47983,functional
44073,non functional
70336,functional
14156,functional
48225,functional needs repair
25674,non functional
2956,non functional
44122,functional
59156,functional
62046,non functional
65842,non functional
62296,non functional
37706,functional
61469,non functional
40566,functional
27689,functional
33199,functional needs repair
44124,functional
21446,functional
32028,functional
25931,functional
29794,functional needs repair
24060,functional
16132,non functional
22101,non functional
7071,functional
73989,functional needs repair
36427,functional
56665,functional
6900,functional
11303,functional
58053,non functional
11660,non functional
11330,functional
67849,non functional
10281,non functional
39766,non functional
62097,functional
871,non functional
49573,functional
53813,functional
68643,non functional
18107,functional
28563,functional
916,non functional
60986,functional
29382,functional
11088,functional
69298,functional
39921,functional
8300,non functional
73711,functional
68776,functional needs repair
57166,functional
45751,non functional
11351,functional
7828,functional
20140,functional
3160,non functional
37129,functional
18473,non functional
44824,non functional
48961,functional
14045,functional
45619,functional
15857,functional
8940,functional
65322,non functional
16279,functional
52368,functional
46633,non functional
50873,non functional
46703,non functional
19151,functional
2476,functional needs repair
3513,functional
14130,non functional
50599,functional
44433,non functional
53198,functional
35597,functional needs repair
32161,functional
41644,functional
27630,non functional
42276,functional
66055,non functional
33188,non functional
62468,functional
67679,functional needs repair
27329,functional
59573,non functional
72674,functional needs repair
24038,non functional
19463,functional needs repair
65751,non functional
51395,non functional
41418,functional
31730,functional
71962,functional
73169,functional
9998,functional
40736,functional
67666,functional
5061,functional
63240,functional
55385,functional
34302,functional
69000,non functional
42562,non functional
54229,non functional
68852,non functional
51769,functional
32723,functional
43455,functional
17848,non functional
56792,functional
46219,non functional
69128,functional
9411,functional needs repair
34327,non functional
66010,functional
43422,functional
30951,functional
43557,non functional
3495,functional
23104,functional
55170,non functional
37778,functional
24641,functional
31948,functional
55436,functional
50666,functional
62781,functional
45574,non functional
70974,non functional
49574,functional
70679,functional
60842,non functional
37203,non functional
48124,functional
39604,functional
11121,functional
19185,non functional
420,functional
8101,non functional
67430,non functional
4182,functional
23268,functional
70971,functional
64371,functional
49469,non functional
56016,non functional
55210,functional
30344,non functional
16887,functional
3159,functional
10930,functional needs repair
39067,functional needs repair
66611,functional
23861,functional
26361,non functional
53400,non functional
20690,functional
18334,non functional
4827,functional
53456,functional
11700,non functional
30429,functional
43774,functional
57669,non functional
40541,non functional
19166,non functional
35128,non functional
61087,non functional
61792,functional
9121,functional
33486,functional
262,functional
63950,functional
42691,non functional
60298,non functional
13317,functional
31671,non functional
16700,non functional
3132,functional
69102,non functional
35185,functional
108,functional
48665,functional
43624,functional
60385,functional
64643,functional
60214,functional needs repair
33212,functional
35187,functional
41983,functional
63201,functional
8614,functional
20680,non functional
47287,non functional
19330,functional
43952,non functional
11575,functional
8844,functional
31252,functional
38033,functional
65789,functional
28084,functional
13768,non functional
32838,functional
1706,non functional
24815,functional
24600,functional
15141,functional
20242,non functional
72838,non functional
44755,functional
70005,functional needs repair
7267,functional
27754,functional
45636,functional
42748,non functional
6325,functional
2685,functional
43113,functional
32314,functional
20903,functional
23442,functional
71329,non functional
45855,functional
25588,non functional
17826,non functional
26323,functional
22927,non functional
20708,functional
9777,functional
17580,functional
45406,functional
5216,non functional
17946,functional
58700,functional
44166,non functional
8579,functional
54030,functional
51157,functional
30561,functional
40601,functional
46958,functional
67017,functional
7785,functional
32036,functional
25462,functional
38200,functional
31848,functional
9230,functional
5675,functional
14641,functional
63835,functional
65929,functional
37427,non functional
21264,functional
67574,non functional
11302,functional
11677,functional
51822,non functional
36840,functional
16355,non functional
30338,functional
34697,non functional
20498,non functional
16149,non functional
58925,non functional
19554,functional
70208,functional
54029,functional
24511,non functional
43912,functional
17435,non functional
9744,non functional
61833,non functional
54587,functional
69725,non functional
32346,functional
19133,functional needs repair
72625,non functional
50794,non functional
28987,non functional
45701,non functional
14580,non functional
39838,non functional
23480,functional
62409,non functional
73837,functional needs repair
52513,functional needs repair
54628,functional
12825,functional
46635,functional
16515,functional
72005,functional
326,functional needs repair
42468,functional
59000,functional
72331,non functional
40185,functional
72252,functional
53433,non functional
12090,functional
58881,non functional
29865,non functional
12786,functional
31509,functional
44446,functional
44123,functional
4265,non functional
57815,functional
31367,functional
32285,functional
43456,functional
14751,functional
71907,functional needs repair
54155,functional
21716,non functional
4163,functional
17400,functional
50088,functional
22355,functional
17018,functional
30899,functional needs repair
66024,functional needs repair
29211,non functional
21275,functional
55503,functional
29989,functional
22908,non functional
21185,functional
10241,non functional
55716,functional needs repair
69910,functional
30307,functional
64580,functional
20659,functional
53758,functional
17246,functional
47830,functional
20956,functional
37920,functional
37626,functional
12209,non functional
44265,functional
27719,non functional
11990,functional
61461,functional
53529,non functional
24929,functional
31962,functional
26259,non functional
73901,functional
44421,non functional
25589,functional
30919,functional
31058,functional
6892,functional
4965,non functional
11098,functional
40148,functional
74043,functional
32324,non functional
1896,functional
26153,functional
5149,functional
62738,non functional
57144,non functional
73871,non functional
46925,functional
59673,functional needs repair
63812,functional
5159,functional
5173,functional
9249,functional
35696,functional
69768,functional
69488,non functional
9613,non functional
7290,functional
65923,functional
32100,functional
67309,functional
67882,non functional
41345,functional
63131,non functional
8467,functional
26184,functional
25791,functional
42834,non functional
54140,functional needs repair
70744,functional
50144,functional
32866,functional
66494,non functional
25403,functional
705,non functional
7472,functional needs repair
21164,functional
6665,non functional
10534,functional
45329,non functional
31374,non functional
4791,functional
16314,functional
51450,non functional
45572,functional
67045,functional
22436,functional
31035,functional
12668,functional
40780,functional
30618,non functional
56154,functional
67933,functional needs repair
43246,non functional
72760,non functional
32007,functional
43155,functional
1868,non functional
14816,functional
64284,non functional
14826,functional
41531,functional
40030,functional
46597,functional
1034,non functional
50733,non functional
20277,functional
60891,functional needs repair
63040,functional
33701,functional
60529,functional
73730,non functional
48987,functional
59628,non functional
50727,non functional
32491,functional
17996,functional
14693,functional
13133,functional
26154,non functional
22724,functional
63652,non functional
30794,non functional
8504,functional
71522,functional
30793,functional needs repair
48921,functional needs repair
5662,non functional
60251,functional needs repair
68742,functional
23405,functional
34964,non functional
20007,non functional
44386,functional
67833,non functional
71335,non functional
35930,functional
29955,non functional
65961,functional
24169,non functional
45161,functional
64950,functional
33671,functional
56439,functional
72762,functional
45846,non functional
1069,non functional
44584,functional
36144,functional
43307,functional
1490,functional
45812,non functional
55342,functional
65342,functional
21805,non functional
73108,non functional
26243,functional needs repair
57819,functional
17689,functional
42511,functional
11285,functional
65690,functional
21549,functional
54869,non functional
40642,non functional
22489,functional
9606,non functional
39448,functional
61941,functional
51973,functional
7699,functional
31469,functional
56874,non functional
15741,non functional
70857,functional
68339,functional
27335,non functional
4547,non functional
50616,functional needs repair
20825,functional
41085,functional
19522,non functional
50487,functional
68786,functional
17895,functional
39919,non functional
41702,non functional
35633,functional
9756,non functional
14182,non functional
46004,functional
2919,functional
39599,functional
50813,non functional
11379,non functional
44171,functional
8134,non functional
24096,functional
66407,non functional
32008,functional needs repair
50963,functional
73297,functional
60244,functional
68731,non functional
52551,non functional
17336,functional
25839,functional
68209,functional
67116,functional
12171,functional needs repair
22643,non functional
68257,functional
28352,functional
45739,functional
9661,functional
36524,non functional
27894,functional
29610,non functional
25301,functional
57959,non functional
29496,non functional
68491,functional
52825,functional
72152,functional
18514,functional
55235,functional
32131,functional
56247,non functional
19019,non functional
34425,functional
58354,functional
21260,functional needs repair
17716,non functional
24924,non functional
32079,non functional
26461,functional
69675,functional
19825,functional
33050,functional
4764,functional
52640,non functional
62479,functional needs repair
10854,functional
64377,functional
44026,functional
16422,functional needs repair
25203,functional
1511,functional
5594,functional
54442,functional
9310,functional
50547,non functional
19491,functional
8502,functional needs repair
2304,non functional
16706,functional
2041,functional
8815,non functional
6117,non functional
43969,functional
36644,non functional
6853,functional needs repair
9560,functional
27669,non functional
22635,functional
52950,functional
23207,non functional
10789,non functional
5980,functional
61019,functional
74084,functional
51980,functional
49647,functional
5244,non functional
65436,functional
64780,non functional
54457,non functional
2624,non functional
45092,non functional
61078,non functional
12088,functional
23591,non functional
11987,functional
19880,functional
66231,functional
24621,functional
14101,non functional
40870,functional
13687,non functional
51487,functional
72493,functional
54963,non functional
21724,functional
43503,functional
53408,functional
63933,functional
36232,functional
27471,functional
417,non functional
72896,functional
61547,non functional
23091,non functional
73990,non functional
13563,functional
10209,functional
28573,non functional
14079,functional
14388,functional
35639,functional
13708,non functional
64524,functional
69752,functional
2872,functional
53784,functional
14374,functional
65015,non functional
10549,non functional
15150,functional
46229,non functional
43841,non functional
29109,non functional
14810,functional
51405,functional
32706,non functional
16032,non functional
36501,non functional
67734,functional
22573,functional
34212,functional
6856,functional
61893,functional
60560,non functional
23723,non functional
30063,non functional
65159,functional
18892,functional
57006,non functional
65523,functional
19870,non functional
40805,functional
12051,non functional
13135,functional
42213,non functional
43933,non functional
11888,non functional
32873,non functional
11684,functional
7345,functional
65048,functional
34315,functional
66232,functional needs repair
68873,functional
23037,non functional
3853,non functional
16859,non functional
26314,functional
27518,functional
55721,non functional
53605,non functional
32805,functional
14812,functional
4806,functional
2623,functional
63896,functional
24995,non functional
73799,functional
5256,functional
15237,non functional
24344,functional
53572,non functional
55349,functional
14775,functional
23560,functional
11185,functional
20069,functional
58750,functional
2703,functional
13616,functional
12228,functional needs repair
58514,functional
27981,non functional
40266,functional
4533,functional
38770,functional
19933,functional
55538,non functional
37200,functional
67904,functional
68207,non functional
27008,non functional
11332,functional
10469,functional
42886,functional
33342,non functional
6673,non functional
42646,functional
47881,non functional
60985,functional
18659,non functional
54422,functional
30639,functional
70792,non functional
64272,functional
2241,functional
29530,non functional
14207,non functional
69048,functional
36594,non functional
46546,functional needs repair
49625,non functional
46815,functional
16039,functional
25211,functional
26113,non functional
18907,functional
11450,non functional
51750,functional
3036,non functional
55029,non functional
36151,functional
48982,non functional
6155,non functional
50434,functional
24120,non functional
43651,functional
44672,functional needs repair
29555,functional
34808,functional
46593,functional needs repair
34571,functional
35347,non functional
3199,non functional
11528,functional
6578,non functional
55055,functional
71778,functional
64224,non functional
70921,functional
66447,functional
66671,functional needs repair
63274,functional
26543,non functional
46355,functional
63194,non functional
73110,functional
69702,functional
35913,functional
1054,non functional
12290,non functional
11906,non functional
16214,functional
63617,functional
28435,functional
56147,functional
68963,non functional
924,non functional
72876,functional
72942,non functional
21545,functional
3200,functional
29608,functional
42882,functional
62517,functional needs repair
57740,functional
53014,functional
28255,functional
51200,functional
69085,functional
35562,functional
73363,functional
25995,functional
64121,functional
54500,functional
64263,functional
67255,non functional
8878,functional
73488,non functional
45760,non functional
48656,non functional
51952,functional
58985,functional
7075,functional
64093,functional
59824,non functional
10443,functional
64850,non functional
61384,non functional
32166,functional
59321,non functional
35429,functional
37106,non functional
43975,functional needs repair
14002,functional
42363,functional
317,functional
22865,functional
30121,functional
42188,non functional
63926,non functional
8075,functional
56418,functional
19635,non functional
22050,non functional
41904,non functional
56408,non functional
56433,non functional
68666,functional
56974,functional
1723,non functional
45023,functional
11919,non functional
26806,functional
10024,non functional
60160,non functional
19494,functional
4102,functional
41807,functional
51261,functional
73195,functional
57090,non functional
67894,functional
61311,functional
43958,functional
22819,functional
42142,functional
64317,non functional
5755,functional needs repair
32290,non functional
37185,non functional
16335,functional
30020,functional
39495,functional
2827,non functional
68386,non functional
33871,functional
5814,functional
26445,non functional
60041,functional
55115,functional
73253,functional
31621,functional
63609,functional
41924,non functional
12141,functional
11134,functional
4024,non functional
29296,functional
9030,non functional
4440,non functional
33023,non functional
5979,functional needs repair
64321,functional
18324,functional
30801,functional
27895,functional
70166,functional
4500,non functional
19696,functional
10720,non functional
50389,non functional
9673,non functional
38646,functional
763,non functional
26601,functional
49723,functional
66803,non functional
36364,non functional
61181,functional
29312,non functional
41148,functional
7370,non functional
46591,functional
37334,non functional
48720,functional
57836,functional
47693,functional
73279,non functional
22415,functional
63590,functional
28604,functional
33067,non functional
57896,functional
19913,functional
30872,functional
66616,non functional
7671,non functional
36744,non functional
53872,functional
51183,non functional
69964,non functional
5436,functional needs repair
18090,functional
33017,non functional
16098,functional
55779,non functional
47701,non functional
21368,functional
15413,functional
68805,non functional
42798,functional needs repair
39060,functional
67781,functional
19690,functional
19485,non functional
62868,functional
57025,functional
70603,functional
37194,non functional
64845,non functional
60104,functional
56902,non functional
71296,functional needs repair
27721,functional
63517,non functional
39587,non functional
18745,non functional
36966,non functional
44301,functional
18255,non functional
39113,non functional
55523,non functional
72751,functional
48575,functional
29877,non functional
18383,functional
66480,non functional
50485,functional
32459,non functional
1498,non functional
10721,functional
62785,functional
14150,functional
31384,functional
55735,non functional
26199,functional
62916,functional
42831,functional
50466,non functional
68755,functional
39500,non functional
6724,non functional
71930,non functional
47523,functional needs repair
62159,functional
38469,functional
61024,non functional
72504,non functional
38575,functional
47272,functional
62089,functional
65737,non functional
65096,non functional
3752,functional
33623,non functional
24738,functional
69292,non functional
8184,functional
63475,non functional
48018,functional
9301,non functional
16412,functional
55559,functional
13682,functional
6545,functional
30984,functional
18812,functional
22447,functional
40939,functional
57219,functional
58502,functional
59616,functional
72332,functional
8861,functional
48086,functional needs repair
58788,non functional
73179,functional
65314,functional
21219,functional
52706,non functional
50035,functional
66559,functional
43188,functional
39923,functional
72910,functional
25074,functional
12308,non functional
57958,functional
27409,functional
10092,functional
62986,non functional
21379,functional
53802,non functional
69344,non functional
4661,functional
62326,non functional
59816,functional
40149,non functional
52821,non functional
71253,non functional
66918,non functional
8192,functional
72311,functional
10118,functional
74171,non functional
53163,functional
14335,functional
40545,functional
52169,functional
59466,non functional
46647,non functional
27521,functional
25306,functional
57596,functional
47411,functional
37634,functional
69073,functional
63361,functional
10794,functional
284,non functional
41371,functional
56121,functional
39164,functional
28744,functional
12041,non functional
51500,functional
12807,functional
13052,non functional
38703,functional
34589,functional
55699,non functional
66756,functional
49073,non functional
1463,functional
44773,non functional
47813,non functional
11378,functional
67584,functional
45036,functional
68394,non functional
15603,non functional
8022,functional
4879,non functional
3094,functional
53782,functional
55009,non functional
52000,functional
45173,functional
64444,functional
50242,functional
69156,non functional
50603,functional
17461,functional
12374,non functional
31453,non functional
17099,non functional
5803,non functional
23785,functional needs repair
62225,functional
21146,functional
25326,functional
41896,non functional
41358,functional
70876,non functional
70491,non functional
51800,functional
18914,functional
41701,non functional
63380,non functional
28392,functional
32475,functional
72824,functional needs repair
69258,functional
25580,functional
38526,functional
30680,non functional
36439,functional
38530,non functional
47780,non functional
13286,non functional
753,non functional
21480,functional
36039,functional needs repair
40048,functional
23057,functional
33273,functional
28188,non functional
21493,non functional
71472,functional
45058,functional needs repair
11484,functional
20514,non functional
62500,functional
16278,non functional
13650,functional needs repair
60942,functional
55267,functional
9666,non functional
27370,functional
71246,non functional
58662,functional needs repair
63827,non functional
30937,functional
54864,non functional
3277,non functional
49701,functional
73189,non functional
43279,functional
53207,functional
46037,functional needs repair
4346,functional
4429,functional
20509,functional
26219,functional
16112,non functional
67036,functional
42591,functional
14015,functional
10693,functional
36980,non functional
67911,non functional
63759,functional
60213,non functional
11848,non functional
23233,functional
6507,functional
24778,non functional
12901,non functional
361,functional
38747,functional
48529,functional
51902,functional
58359,functional
42892,non functional
17988,non functional
15102,functional
11526,functional
8978,functional
54687,functional
26790,functional
46645,functional
52413,non functional
61048,functional
9597,functional
34407,non functional
41212,functional
57296,functional
68184,non functional
49287,non functional
59258,non functional
63203,functional
49762,non functional
56855,non functional
64100,functional needs repair
35045,functional
62295,functional
58429,non functional
33041,non functional
9509,non functional
13748,functional
47434,functional
55960,non functional
49967,functional
50514,functional
64764,functional
24982,functional
40573,non functional
65754,functional
14933,functional
43000,non functional
49877,functional
18542,non functional
51576,functional
15376,non functional
10884,non functional
6057,functional
58448,functional
39690,functional
51999,functional
71713,functional
26526,non functional
58073,non functional
42726,non functional
32652,functional
19458,functional
47214,functional needs repair
24115,non functional
53472,functional
13467,functional needs repair
40774,non functional
55263,functional
62085,non functional
65850,non functional
5035,functional needs repair
48605,non functional
64476,functional
18143,functional
9324,functional
36693,non functional
45665,non functional
38196,functional needs repair
50814,functional
24023,functional
70791,functional
6879,functional
34899,functional
41051,non functional
20779,functional
33839,functional
51209,non functional
53379,functional
58975,functional needs repair
12564,non functional
5054,non functional
21024,functional
20762,non functional
62467,functional
5871,functional
41193,non functional
40094,functional
53683,functional
60989,functional
21236,functional
62546,functional
19572,non functional
46252,functional needs repair
55225,non functional
2377,functional
10702,non functional
567,functional
38945,functional
7689,non functional
29264,non functional
61782,non functional
64578,functional
31188,non functional
24178,functional
17834,functional
27911,functional needs repair
46304,functional
37945,functional
5021,non functional
40620,functional
22004,non functional
23693,functional
69970,functional
49079,functional
45151,functional
16487,functional
14261,non functional
72037,non functional
35423,functional
55794,non functional
59490,functional
69533,functional
23141,non functional
70996,functional
22403,functional
31545,functional
34633,functional
22182,non functional
63364,functional
59489,functional
11413,functional
11907,functional
68335,non functional
21105,functional
41243,functional
50381,non functional
35175,non functional
28655,functional
38056,non functional
48289,functional needs repair
48794,functional needs repair
53286,functional
8334,non functional
29913,functional
39119,functional
59101,non functional
33186,functional
40962,functional
30263,functional
25770,functional
1516,functional
56011,functional
49294,functional
63504,non functional
13481,functional
67003,non functional
52480,non functional
60635,functional
930,functional
16121,functional
14581,non functional
70356,non functional
22422,functional
69700,functional needs repair
66962,functional
3629,functional
29876,functional
62308,functional
17566,functional
73232,non functional
39232,functional
33827,functional
22510,non functional
65554,functional
8476,functional
70367,non functional
20678,functional
1497,functional
196,non functional
10964,functional
32523,non functional
47163,non functional
11467,non functional
3635,non functional
8047,functional
54166,non functional
36404,non functional
40738,non functional
52921,functional
34811,non functional
17669,non functional
15749,functional
36573,functional
50330,non functional
70716,functional
4034,non functional
52956,functional
22903,functional
58740,functional
56533,non functional
37793,functional
14636,non functional
21936,functional
6951,functional
50085,non functional
30253,non functional
52079,functional
30512,functional needs repair
35260,functional
30078,functional
51154,functional
66514,non functional
44904,functional
47153,functional needs repair
48819,non functional
42022,non functional
4096,non functional
39175,functional
44646,non functional
44318,non functional
342,functional
48321,functional
41316,functional
17518,non functional
36705,functional
59353,functional
66233,functional
69217,non functional
10220,non functional
61112,non functional
71078,functional
64022,non functional
33603,functional
53112,functional
25297,non functional
67063,functional
58560,non functional
55778,non functional
25618,functional
30260,functional needs repair
8348,functional
18312,functional
43514,functional needs repair
6915,functional
68727,functional needs repair
72662,functional
65,functional
3358,non functional
5191,functional
2567,functional
12543,functional
8240,functional
62929,non functional
9511,functional
11813,non functional
38423,functional
44349,functional
53129,functional needs repair
27397,functional
62265,functional
71039,non functional
15980,non functional
48769,functional
68044,functional
51643,functional
73713,functional
48873,functional
23768,functional
50623,functional
36518,non functional
11917,functional
26785,functional
35636,functional
8244,functional
1533,functional
15548,non functional
7316,functional
54993,functional
25892,functional
14336,functional
18131,functional
28105,functional
25445,functional needs repair
51917,non functional
41260,non functional
17684,functional
10590,non functional
9027,functional
46982,functional
25632,non functional
66173,functional
34895,non functional
24505,functional
23415,non functional
26274,functional
73782,functional
62845,functional
18096,functional
13771,functional
11390,functional needs repair
19571,non functional
68133,functional
61691,functional
66091,functional
69683,functional
28555,functional
12893,functional
41739,functional
16016,functional
14762,functional
44875,functional
23408,functional
34062,functional
69618,functional
21508,functional
64070,functional
18480,functional
24400,functional
12621,non functional
49328,non functional
59352,functional
50612,non functional
9436,functional
63246,functional
46291,functional
68910,non functional
56142,non functional
55940,functional
46731,functional
64969,functional needs repair
28496,functional
10077,functional
2656,functional
50182,functional
62383,non functional
21258,functional
8893,functional
59803,functional
58082,functional
16365,functional
62216,functional needs repair
13959,non functional
55798,functional
48273,functional
53445,non functional
33362,non functional
19214,functional
66200,functional
43518,functional
39365,functional
71603,non functional
28157,functional
39078,non functional
71844,functional
53735,non functional
29455,non functional
49159,functional
46367,functional needs repair
61304,functional
71249,non functional
10350,non functional
37923,functional
36121,non functional
3504,functional
1739,functional
46985,non functional
70143,functional
11395,non functional
36454,non functional
13513,functional
28518,functional
66703,functional
29015,functional
52566,functional
34858,functional
29353,functional
1427,functional
11442,functional
24136,functional
61267,functional
46991,non functional
14237,non functional
73394,functional
46202,functional
43486,functional
71804,functional needs repair
68215,non functional
53703,functional
6359,functional
63129,functional
37653,non functional
56440,functional
49557,functional
4237,functional
53003,functional
74141,functional
25859,non functional
28868,non functional
50094,functional
43927,functional
26207,non functional
12879,functional
26370,functional
11753,functional needs repair
6904,functional
55905,functional
17523,functional
30583,functional
46002,functional
44075,functional needs repair
30478,non functional
67180,functional
52183,non functional
33145,non functional
42378,functional
57475,functional
11555,functional needs repair
61944,functional
3811,functional
18474,functional
65278,functional
48913,functional
39434,functional
53942,functional needs repair
46820,functional
44815,functional
8380,non functional
32717,functional
63450,functional
16553,functional
48228,functional
12313,non functional
30673,functional
59900,functional
35923,functional
31788,functional
33934,non functional
19221,non functional
1047,functional
70286,non functional
30437,functional
36542,non functional
2425,functional
62677,non functional
61463,functional
43756,non functional
59457,functional
37870,functional
17228,functional needs repair
23380,functional
67110,non functional
6763,non functional
55391,functional
5922,functional
70229,functional
73167,functional
10476,functional
740,functional
37258,non functional
65957,functional
14772,non functional
73754,non functional
4644,functional
23379,functional
66516,non functional
31986,functional
62542,functional
23983,functional
7906,non functional
51834,functional
3994,functional
21021,functional
71367,non functional
17740,functional
33529,functional needs repair
14899,non functional
32146,non functional
39642,non functional
67466,functional needs repair
24258,functional
35934,functional
15443,non functional
73828,functional
14672,non functional
12515,functional needs repair
68686,functional
66310,functional
65301,functional
29321,functional
5144,functional needs repair
5350,functional
54454,non functional
16627,functional
51892,functional
23432,functional
60855,functional
64116,functional needs repair
51721,functional
65791,non functional
28087,non functional
22883,functional
63321,non functional
25946,functional
25226,functional
29079,non functional
61953,functional
33831,functional
44297,functional
62728,functional needs repair
36552,functional needs repair
21698,functional
57012,non functional
73451,non functional
36231,functional needs repair
43779,functional
2325,non functional
44057,non functional
62001,functional
20560,functional
36138,functional
11234,non functional
35402,non functional
48525,functional
32602,non functional
64205,functional
40656,non functional
65776,functional
20815,functional
7674,functional
39610,non functional
50151,functional
71555,functional
9821,functional
12476,functional
18263,functional
15849,functional
16208,non functional
25593,non functional
43425,functional
32481,functional
59443,non functional
64614,functional needs repair
10848,functional
47364,functional
5981,functional needs repair
18423,non functional
33047,functional
54034,functional
55243,functional
73338,functional needs repair
24556,functional
1333,non functional
10560,functional
38954,non functional
44854,non functional
49782,non functional
61826,functional
25012,functional
44423,non functional
2069,non functional
72793,functional
55064,non functional
4337,functional
363,functional
72708,functional needs repair
58424,non functional
45489,functional
9357,non functional
72965,functional
29905,functional
23682,functional needs repair
71105,functional
47310,non functional
58652,functional
29025,non functional
65674,functional
28025,non functional
64421,functional
27215,non functional
20530,non functional
12640,non functional
30944,functional
62881,functional
57962,functional
16167,functional
39884,functional
13073,non functional
39609,non functional
59576,functional
73615,functional needs repair
69423,non functional
49639,functional
58840,non functional
71398,non functional
26756,functional
19405,functional
40315,functional
46562,non functional
6821,functional
38424,functional
2366,functional
61113,non functional
36358,functional
50582,non functional
62165,functional
50900,functional
9358,non functional
55769,non functional
21199,functional
35455,functional
20842,functional
67524,functional
40761,functional
61550,functional
21011,functional
54788,functional needs repair
47169,functional
21070,non functional
55784,non functional
54100,functional
6019,functional
9193,functional
22777,functional
5215,non functional
7091,non functional
48277,non functional
35614,functional
4469,functional
55404,functional needs repair
42377,non functional
63264,functional
41293,non functional
62405,functional
10530,non functional
54194,functional needs repair
39304,functional
8905,non functional
63054,functional
55930,non functional
29279,functional
15277,functional
73764,functional
62203,non functional
23119,functional
33269,functional
35163,functional
22201,non functional
63347,functional
60158,functional
19086,non functional
28093,functional
25336,functional
19753,functional
50741,non functional
20505,non functional
46272,non functional
17216,non functional
16780,functional
1711,functional
40317,non functional
17366,functional
29146,functional
61565,functional needs repair
19558,functional
23945,functional
49751,functional
28309,functional
72105,functional
35294,functional
45626,non functional
74205,functional
48989,functional
26173,non functional
38756,non functional
46436,functional
69644,functional
62214,functional
55277,functional
41010,functional
52581,functional
35845,non functional
72775,non functional
35169,non functional
30499,functional
5996,functional
70654,functional
69886,non functional
33522,non functional
8689,functional
8739,non functional
53495,functional
25389,non functional
3573,functional
30565,non functional
39540,non functional
27009,functional
29252,functional
54466,non functional
67069,functional
19949,non functional
19934,functional
64519,functional
46693,non functional
34161,non functional
47115,non functional
34245,functional
26357,non functional
13634,non functional
60766,functional
67001,functional
57551,non functional
33287,functional
9335,non functional
2032,functional
57038,functional needs repair
51118,functional
13810,functional
5714,functional
71418,non functional
71680,functional
55514,functional
20651,non functional
63709,non functional
26837,functional
72784,functional
1205,non functional
51742,functional
17638,non functional
3757,functional
32712,functional
49673,functional
53491,functional
52568,functional
45469,non functional
69143,non functional
26665,non functional
29537,functional needs repair
37270,functional
72399,non functional
69737,functional
45056,non functional
12550,functional
53919,functional
29084,functional
56733,non functional
32660,non functional
6662,functional
52849,functional
73619,functional
72800,functional
9790,non functional
16678,functional
7797,functional
29299,functional
12712,functional
44435,non functional
73720,non functional
32850,functional
15209,functional
53095,functional
63804,functional
4383,functional
7664,functional
42118,non functional
69313,functional
39575,functional
40158,non functional
55864,non functional
41570,non functional
25299,functional
38343,non functional
27701,non functional
67940,functional
24773,non functional
5194,non functional
32150,non functional
27205,non functional
25247,functional
51840,non functional
1042,functional
39997,non functional
8735,non functional
6063,functional
5427,functional
32576,non functional
63640,non functional
72583,functional
15652,functional
36824,functional
53542,non functional
42734,functional
31764,non functional
17119,functional
13455,functional
18079,functional
48540,functional
52155,non functional
61985,functional
30007,functional
116,functional
64565,functional needs repair
48198,functional needs repair
46303,functional
21404,functional
44570,non functional
23640,functional
9289,functional
22888,functional
17440,functional
33345,non functional
71072,functional
38893,non functional
30281,functional
32455,functional
71865,functional
53123,functional
3729,non functional
11892,non functional
30355,non functional
18930,functional
24841,functional
73890,functional
53526,functional
12316,functional
31720,functional
67144,functional
33676,functional
50218,functional
26023,functional
548,functional needs repair
66547,functional
60416,functional
28798,functional
50836,functional
53144,non functional
34200,non functional
54854,functional
25919,functional
73120,functional
61880,functional
8206,non functional
71587,non functional
53028,functional
59589,functional
36348,non functional
49535,non functional
15264,non functional
20154,functional
25231,non functional
28405,functional
17582,functional
1695,non functional
53038,functional
2486,functional
44312,functional
57558,functional
24935,non functional
70762,non functional
41824,functional
67858,functional
74021,functional
17643,functional
10129,functional needs repair
54973,non functional
73771,non functional
59659,non functional
14056,functional
25625,functional
21504,functional
7972,functional needs repair
7101,functional
1897,functional needs repair
61345,functional
46734,non functional
34063,non functional
65725,non functional
53444,functional
14248,functional
48965,functional
13819,functional
1971,functional
53774,non functional
72782,functional needs repair
22378,functional
26028,non functional
62441,non functional
49148,functional
44916,non functional
25498,functional
74155,functional
68956,non functional
21174,non functional
9603,functional
44559,functional
49069,non functional
44908,non functional
20782,functional
28464,functional
47022,functional
35497,non functional
2452,functional
5890,functional
14539,non functional
42117,non functional
19267,non functional
51541,non functional
11433,functional
24388,functional
25815,functional
520,non functional
49040,non functional
73344,functional
70856,functional
13406,functional
36160,functional
28736,non functional
65920,non functional
11001,functional
26505,functional
3897,non functional
28689,functional
68500,functional
71188,non functional
24129,functional needs repair
65454,functional
9070,functional
66759,non functional
28220,non functional
42493,functional
51978,functional needs repair
31971,functional
22771,non functional
53116,functional
41222,functional
10383,non functional
35823,non functional
52871,non functional
8554,functional
36774,functional
38454,functional
31747,functional
46411,non functional
41425,non functional
28947,non functional
36622,functional
14032,functional
18456,functional
37586,functional
18727,non functional
34248,non functional
68510,non functional
61038,non functional
72028,functional
41004,non functional
67780,functional
44355,functional
13165,functional
69366,functional needs repair
19630,non functional
60049,functional
13276,non functional
57909,non functional
11437,non functional
67941,functional
7255,functional
34703,functional
40135,non functional
25435,non functional
6416,non functional
4628,non functional
53005,functional
31233,functional
49872,non functional
32683,non functional
66884,functional
23788,non functional
63469,functional
40542,functional
7554,functional
42436,non functional
39320,non functional
32598,functional
23328,functional
48159,functional
26900,functional
22770,functional needs repair
5670,non functional
33590,functional
289,functional
42762,functional
45354,non functional
59969,functional
33009,non functional
65089,functional
73516,functional
73916,functional
1367,functional
25725,functional
44689,functional
60347,non functional
5247,functional
28691,non functional
27887,non functional
38312,functional
71404,non functional
38174,non functional
2437,non functional
38950,functional
20163,functional needs repair
49645,functional
36435,functional
22272,functional
14836,non functional
50685,functional needs repair
39591,non functional
68183,non functional
40593,functional
20786,non functional
48405,functional needs repair
57716,functional
17721,non functional
57226,functional
64208,functional
21462,functional
32339,non functional
68503,functional
11129,functional
6250,functional
9098,non functional
10949,functional
18747,functional
46190,functional
19113,functional
6919,functional
64794,functional
68316,functional
68662,functional needs repair
48511,functional
35038,functional
49332,functional needs repair
56003,functional
38517,non functional
45614,functional
42757,functional
41337,non functional
40806,functional
20041,non functional
56895,functional
48925,functional
30480,functional
38696,functional
18808,functional
72211,functional
64172,non functional
72045,non functional
25581,functional
23777,functional
28901,non functional
73260,non functional
23337,functional
40342,functional
28937,functional
462,functional needs repair
69301,non functional
45863,functional
62898,non functional
17415,functional
36872,non functional
28875,functional
63470,functional
27047,functional needs repair
61952,functional needs repair
2615,functional
68281,functional
18888,functional
52570,functional
25866,functional
9814,functional
50145,functional
61297,functional
46570,functional
60990,non functional
48421,functional
38878,functional
57509,functional
5590,functional
72317,non functional
5613,functional
37941,functional
8983,functional
36727,functional
56814,functional needs repair
64238,non functional
73514,functional
5492,functional
18586,non functional
53478,non functional
46876,functional
17204,functional needs repair
41265,functional needs repair
68436,non functional
38496,functional
2542,functional needs repair
69687,functional
60123,non functional
48423,functional
33177,non functional
4930,non functional
12784,non functional
73164,functional
3480,non functional
6550,non functional
37594,non functional
13346,non functional
35949,functional
67224,non functional
65677,functional
48595,non functional
21976,non functional
66334,functional
60270,functional
36755,functional
23981,functional
10997,functional
40602,functional needs repair
2313,functional
30405,functional
54831,functional
41562,non functional
32404,functional
14284,functional
43220,functional
49143,functional
64983,non functional
13949,functional
1456,non functional
7524,functional
6694,functional
26530,functional needs repair
64982,functional
21524,functional
62655,functional
35198,functional
17635,functional
4214,functional
3167,functional
12483,non functional
65253,functional
14376,non functional
32912,non functional
41302,functional
60210,non functional
71369,functional
35466,non functional
16839,functional
14954,functional
14026,functional
60040,functional
26738,functional
10838,functional
8722,functional
59307,functional
17542,functional
26363,functional
32532,functional
5738,non functional
61776,functional
41319,non functional
6534,functional
10855,non functional
57414,non functional
69511,functional
66505,non functional
54446,functional
21195,non functional
65974,functional
30921,functional
49889,functional
46625,functional
55531,functional
20055,functional
36022,non functional
36497,functional
10893,functional
10169,functional
20298,functional
33647,non functional
9073,non functional
68816,functional
2464,functional needs repair
35737,functional needs repair
22454,functional
28602,functional
13578,non functional
3874,functional
65910,non functional
4598,non functional
20031,non functional
36582,functional
16264,functional
47753,non functional
29032,functional
31146,functional
26980,non functional
28485,functional
12943,functional
71592,functional
34483,non functional
22710,functional needs repair
46964,non functional
12406,non functional
69565,functional
42901,non functional
69224,functional
10258,functional
61972,non functional
38184,functional
17467,functional
26596,functional
73374,functional
12687,functional
35634,functional needs repair
66282,functional
45833,non functional
72811,non functional
4886,non functional
48780,non functional
33596,functional
31596,functional
65774,functional
37561,functional
72688,functional
7854,functional
10308,functional
66880,non functional
67070,functional
30599,functional
37137,non functional
47150,non functional
68529,functional
981,non functional
41585,functional needs repair
27611,non functional
62116,functional
47441,functional
53884,non functional
35799,functional
66632,non functional
68275,functional
57586,functional
62770,functional
11157,non functional
31330,functional
36906,functional
15634,functional
30733,functional
17090,functional needs repair
51877,functional needs repair
13995,non functional
70802,non functional
47035,functional
64352,functional
68328,non functional
43663,functional needs repair
12230,functional
67350,non functional
32614,non functional
22939,functional
55454,functional
61961,non functional
56556,functional
6840,functional
13483,functional
29277,non functional
13305,functional
18912,functional
33504,functional
42388,non functional
18639,functional
40232,functional needs repair
50164,functional
73290,functional needs repair
6432,functional
31126,functional needs repair
7337,functional
40198,non functional
49417,functional
56134,functional
11696,non functional
70552,functional
20887,functional
16603,functional
44315,functional
69158,non functional
27578,functional
58998,non functional
39098,non functional
22252,functional
55684,functional
50066,functional
43795,functional
24016,functional
78,functional
51499,functional
4712,functional
27962,non functional
17115,functional
4090,functional needs repair
14801,functional
58322,functional
44693,functional
46264,functional
45941,functional
35467,functional
3966,non functional
59402,functional
40027,non functional
57329,non functional
20310,functional
34845,non functional
34730,functional
60803,functional
2500,functional
30483,non functional
8147,functional
24594,non functional
71574,functional
59941,non functional
50956,functional
8759,non functional
11520,functional
29646,functional
26853,non functional
21119,functional
1774,non functional
4998,non functional
36175,non functional
1950,functional
32025,functional
11912,non functional
28952,functional
37354,functional
33816,functional
62033,functional
25408,non functional
29788,functional needs repair
29962,functional
46249,functional
20217,functional
35295,non functional
50068,non functional
854,functional
57911,functional
38852,functional
27164,functional
36228,functional
53169,functional
40732,functional
64061,functional
11491,functional
34941,functional
12373,functional
25503,non functional
8114,non functional
19271,non functional
36555,functional
12227,functional
21081,functional
47111,functional
61237,functional
7053,non functional
27566,non functional
10942,non functional
49707,functional needs repair
44139,non functional
52,functional
46576,functional
18192,functional
68303,non functional
68630,functional needs repair
37964,non functional
68337,functional
73484,functional
4361,non functional
49225,functional
69742,functional
27922,functional
25718,functional
51329,non functional
10287,functional
34783,non functional
28487,functional
13043,functional needs repair
22162,functional
62327,non functional
62837,non functional
43396,functional
10531,non functional
64698,non functional
11230,functional
32212,non functional
44742,functional
47600,non functional
43025,non functional
62074,functional
35667,non functional
44583,functional
24244,non functional
72275,functional needs repair
25836,non functional
71624,non functional
56205,non functional
64870,functional
34318,functional needs repair
39116,non functional
30228,non functional
592,functional
51749,functional
10600,functional needs repair
56073,non functional
73436,functional
30929,functional
3015,functional
23965,functional needs repair
26516,non functional
15325,functional
56887,non functional
70138,functional
60415,functional
12147,functional
52623,functional
14879,functional
58600,functional
36534,functional
54109,functional
11727,functional
31912,non functional
37314,non functional
6357,non functional
58257,functional needs repair
62384,functional
33604,non functional
13674,functional needs repair
44461,functional
35312,functional
68939,non functional
23362,functional
34679,functional
6784,functional
19124,functional
27869,functional
48986,non functional
26473,functional
21484,functional
29393,non functional
68269,non functional
54813,functional
67471,functional needs repair
57863,functional
69247,functional
65560,functional needs repair
52829,functional
36006,non functional
8208,functional
843,functional
23551,functional
39059,functional
60513,functional needs repair
45967,non functional
63671,functional
10061,non functional
22010,non functional
62518,functional needs repair
22766,non functional
9695,functional
40084,functional
72605,non functional
46531,non functional
25083,functional
30100,functional
62406,functional
15351,non functional
56084,functional
55623,non functional
55292,functional
32595,functional needs repair
48177,functional
18858,functional
51225,functional
47782,non functional
46710,functional
45270,non functional
49821,non functional
50415,functional
25102,non functional
63479,non functional
46667,non functional
40042,functional
3490,non functional
36617,non functional
7601,functional
72606,functional
30670,functional
23066,non functional
29580,functional
35043,non functional
20608,functional
2514,non functional
7349,functional
19952,non functional
15134,functional
6472,non functional
37223,functional
65387,non functional
61631,functional
1507,functional
55380,functional
72076,non functional
46479,functional
61349,non functional
40381,functional needs repair
48050,functional
21914,functional
48346,functional
64529,functional needs repair
44283,non functional
57713,functional needs repair
50834,functional
38529,functional
69389,non functional
45363,functional
67267,functional
67920,functional
7013,functional
38027,functional
26376,functional
62570,non functional
55406,functional
53904,non functional
33817,non functional
53903,functional
50397,non functional
43130,non functional
8855,functional
3464,functional
49794,functional
16484,non functional
38389,functional
61079,functional
13991,functional
26200,functional
51265,functional
60968,functional
37263,functional
40919,non functional
46542,non functional
33279,functional
61377,functional
2599,functional
35574,non functional
35766,non functional
551,functional needs repair
53281,functional
20814,functional
56313,non functional
42579,functional
39375,functional
31046,non functional
56081,functional
36659,functional
7309,functional needs repair
14353,functional needs repair
55487,functional needs repair
46612,functional
21994,functional
11711,functional
8239,non functional
38906,functional
20796,functional
950,functional
56171,functional
39640,non functional
16002,functional
2733,non functional
53220,non functional
35601,functional
39944,non functional
28946,functional
73908,functional
28605,functional
24194,non functional
38344,functional
373,non functional
52817,non functional
44402,functional needs repair
55846,non functional
51146,functional
25941,functional
2548,functional
70999,non functional
46468,non functional
30097,functional
22791,functional
13002,functional
32058,functional
52258,functional
34525,functional
63593,functional
14658,functional
56025,functional
42349,functional
6772,non functional
59478,non functional
70834,functional needs repair
70478,functional
54318,functional needs repair
56960,non functional
50441,non functional
52951,functional
33630,non functional
54067,functional
36405,functional
18590,functional
35596,functional
10003,functional
55005,functional
17899,functional
20531,non functional
31164,functional
27558,non functional
72066,functional
70665,non functional
43684,functional
6956,functional
18555,functional
7458,functional
64233,non functional
825,functional
36423,functional needs repair
18600,functional needs repair
60134,functional
43033,non functional
57760,non functional
33681,functional needs repair
53937,non functional
37510,functional needs repair
32589,functional
40446,functional
65416,non functional
20671,functional needs repair
14702,functional
24626,functional needs repair
70107,functional
72266,functional
32319,non functional
70592,non functional
21825,non functional
67400,functional
9556,non functional
49804,functional
6710,non functional
36721,functional
68649,non functional
41770,functional
36506,non functional
9781,non functional
42999,non functional
28431,functional
10703,functional
36223,functional
3043,functional
68839,non functional
64940,non functional
65351,functional needs repair
41138,functional
48139,functional
27056,non functional
28542,non functional
63078,functional
4084,functional
24204,non functional
42304,functional needs repair
14235,non functional
65252,non functional
40857,functional needs repair
13841,non functional
54857,non functional
40735,non functional
40417,functional
60586,functional
62831,functional
6197,functional needs repair
18054,functional
52384,functional
31941,functional
22130,functional
44268,functional
21012,non functional
65192,functional
2634,functional
10904,non functional
73998,functional
32980,non functional
25566,functional
11389,functional needs repair
49022,non functional
23984,functional
72122,non functional
24545,functional
49194,functional
29656,functional
30230,functional
65325,non functional
31900,functional
44535,non functional
48684,non functional
46931,functional
41680,non functional
3162,functional
38611,functional
52226,functional
69134,non functional
41311,non functional
57083,functional
48197,non functional
44150,non functional
70594,functional
31415,non functional
73970,functional
11146,functional
31635,functional
47583,functional
36075,functional
56652,functional needs repair
12206,functional
30034,non functional
64699,non functional
12105,functional needs repair
11377,non functional
38554,functional
35161,non functional
23069,non functional
2435,functional
21614,non functional
43500,functional needs repair
11734,non functional
51534,non functional
35305,non functional
73055,functional needs repair
18254,non functional
4856,non functional
45765,non functional
37151,functional
46663,non functional
39251,non functional
56396,functional
7247,functional
11739,functional
10313,non functional
32812,non functional
23759,functional needs repair
17639,functional
39519,functional
14313,functional
38750,non functional
4667,non functional
63453,functional needs repair
47249,non functional
20391,functional
34153,non functional
73524,non functional
63899,non functional
33406,functional needs repair
62014,functional
44919,functional
69583,functional needs repair
68544,functional
10540,functional
24544,functional
6552,functional
18718,functional
23510,non functional
61102,functional
53078,functional
55328,functional
17606,functional
50501,functional
40811,functional
17,functional
68931,functional
70906,functional
43418,non functional
42713,non functional
47143,functional
27083,non functional
64640,functional needs repair
41042,functional needs repair
41979,non functional
36666,non functional
57752,functional
1434,non functional
9160,non functional
60233,functional
42908,non functional
53908,functional
66292,functional
28732,functional
10138,functional
36782,functional
58959,functional
6426,functional
17528,functional
18016,non functional
44956,functional
71821,functional
19729,functional
18063,functional
66086,functional
26971,non functional
14523,functional
4144,functional
20949,functional
29564,non functional
55330,functional
23307,non functional
2226,functional
39205,functional
32432,functional
2200,functional
22517,non functional
61814,non functional
40100,non functional
24459,functional
17333,non functional
25888,non functional
5459,functional needs repair
7765,functional
41383,non functional
12724,functional
27023,functional
59889,functional
5497,non functional
10051,functional
48857,functional needs repair
26158,functional
11801,functional
57946,functional
54419,non functional
49796,non functional
45884,non functional
49791,non functional
15357,functional
59245,functional
48331,functional needs repair
63339,functional needs repair
2952,functional
39614,non functional
60940,functional
34632,functional
67506,non functional
40215,non functional
43065,functional
22371,functional
36449,functional
7737,functional
12715,functional
73549,functional
19731,non functional
35911,non functional
7248,functional
30874,functional
4356,functional
4643,functional
52020,non functional
20525,functional
37193,non functional
52511,functional
46082,functional
40394,functional
29546,functional
48743,functional
25966,functional
59472,functional
64542,functional
48607,functional
44796,non functional
30665,non functional
69691,non functional
57835,non functional
21736,functional
4441,non functional
17363,functional
26239,functional needs repair
7751,functional
55037,functional
7240,functional
22117,functional
39415,non functional
17234,non functional
23641,functional
11050,non functional
52851,functional
66092,functional needs repair
7553,non functional
6913,non functional
31187,functional
43064,functional
53974,functional
46160,functional
1692,non functional
70867,functional
44801,non functional
69309,functional
68177,functional
22480,functional
71746,functional
44185,functional
67005,functional
20,functional needs repair
40826,non functional
43249,functional
46337,non functional
64910,functional
42272,functional
30363,functional
65603,non functional
34451,non functional
69385,non functional
4623,non functional
45691,non functional
46405,non functional
25596,functional needs repair
65797,functional
60471,functional
28391,non functional
7328,non functional
50141,non functional
17698,non functional
20891,functional
53460,functional
14112,functional
11008,functional
11795,non functional
8058,functional
17685,functional
59949,functional
65310,non functional
41849,functional
17420,functional
45098,functional
57218,non functional
41109,non functional
27357,non functional
8191,non functional
59144,non functional
10304,functional
15317,non functional
22853,functional
31454,non functional
18636,non functional
21856,functional
64413,functional
28804,non functional
45981,functional
60057,functional
7851,functional
70456,functional
41062,non functional
14769,functional
25516,non functional
49190,non functional
65348,functional
59953,functional
69036,functional
6661,non functional
39557,non functional
68097,functional
43050,functional
41561,functional
39809,functional
463,functional
61081,functional
25634,functional
32665,functional
45142,functional
22793,functional
56335,functional
57267,functional needs repair
1913,functional
4006,non functional
64755,functional
24287,non functional
15391,functional
59571,non functional
31592,functional
15524,functional
26209,functional
64739,non functional
63629,non functional
30113,functional needs repair
52881,functional
29678,functional
58520,functional needs repair
27888,functional
62903,functional
18735,functional
6560,functional
24371,functional
20146,functional
37991,non functional
47795,functional
59427,functional
1963,functional
46353,non functional
6803,functional
22722,non functional
72637,non functional
47280,non functional
60377,non functional
12602,functional
6926,functional
30398,functional
53213,functional
44242,functional
30264,functional
14508,functional
31613,functional
5941,functional
43889,functional
53648,functional
27687,non functional
27429,functional
62234,functional needs repair
16508,functional
29757,functional
69867,functional
23958,functional
56201,functional
26708,non functional
14799,non functional
38354,functional needs repair
25790,functional
54822,non functional
3589,functional
27477,non functional
71957,functional needs repair
62727,non functional
20841,non functional
70913,functional
23010,functional
7100,functional
47362,non functional
71815,non functional
13529,functional
7477,non functional
54505,functional
70732,functional needs repair
26747,functional
29817,functional
4575,functional
31951,functional
24444,non functional
12079,functional
44703,functional
71774,non functional
32733,functional
20451,functional
73919,functional needs repair
2405,functional
45845,functional
42062,functional
13537,non functional
60959,functional
57800,non functional
58517,non functional
3974,functional
36629,non functional
49710,non functional
19144,functional
25126,functional
70274,non functional
39262,functional
43888,functional needs repair
7598,non functional
3817,functional
64390,functional
22003,non functional
42738,functional
44357,non functional
59767,functional
73734,functional needs repair
50159,functional
10057,non functional
15802,non functional
26803,non functional
18085,functional
32745,functional
8539,non functional
44602,functional
16181,functional
22575,non functional
45920,non functional
24572,functional
12165,functional
17096,functional
13729,non functional
8326,functional
14110,functional
48827,non functional
14337,functional
63951,functional
50097,functional
13216,non functional
42719,non functional
29908,non functional
60920,functional needs repair
10135,functional
19411,non functional
6269,functional
54792,functional
23710,functional
49999,functional needs repair
50729,functional
54959,non functional
5555,non functional
18479,non functional
36326,functional
41188,functional
9038,functional
48431,non functional
32412,non functional
69938,functional
60781,functional
29273,functional
16724,non functional
57651,non functional
66370,functional
46464,non functional
54084,functional
71098,functional
70321,non functional
38785,functional
59032,non functional
66432,non functional
38265,functional
27016,functional
32427,functional
19647,functional
16844,functional
40653,functional
922,non functional
22222,functional needs repair
35524,non functional
7959,non functional
488,functional
35749,functional
55876,non functional
51442,functional needs repair
5503,functional
1583,non functional
18287,functional
67760,functional
66998,functional
27781,non functional
27124,functional
15428,functional
66198,functional
37560,functional
59561,functional
58644,functional
9874,functional
18983,functional needs repair
4199,functional
554,functional
54635,functional
48208,functional
55093,functional needs repair
45766,functional
18108,non functional
27530,functional
67211,functional
38816,functional
36351,functional
64593,functional
36198,non functional
57610,functional needs repair
26568,functional
55959,functional
56900,functional
48842,non functional
1075,non functional
14085,functional
46369,functional
13713,functional
23048,functional needs repair
52815,functional
43319,functional
24191,non functional
35725,functional
414,non functional
15124,non functional
20248,non functional
33157,non functional
47905,non functional
3419,non functional
31921,non functional
25986,functional
22796,functional
64928,non functional
47222,non functional
13124,non functional
5409,functional needs repair
44046,functional
22578,non functional
68923,functional
29875,functional
47866,functional
57782,functional
8308,functional needs repair
26073,non functional
41037,functional
70477,functional
41593,non functional
45658,functional needs repair
5609,functional
45761,functional
42335,functional
39215,functional
40833,non functional
23287,non functional
37884,non functional
38212,functional needs repair
98,non functional
15845,functional
33872,functional
44696,functional needs repair
71293,non functional
53205,functional
39778,functional needs repair
36808,functional needs repair
49065,non functional
31090,functional
41858,functional
38672,functional
10654,functional
29247,functional
20159,non functional
34687,functional
7710,functional
48964,functional
46222,functional needs repair
62536,non functional
67190,functional
21207,non functional
16658,functional needs repair
63466,functional
34075,functional
30608,functional
16303,functional
1536,functional
48707,non functional
68986,functional
12144,functional
39419,functional
4430,non functional
47374,functional needs repair
11084,non functional
68403,non functional
38314,functional
13611,non functional
69571,non functional
35387,functional
54754,functional
69695,functional
69203,functional
50542,functional needs repair
23686,non functional
28699,functional
47740,functional
33523,non functional
24918,non functional
9703,non functional
42145,functional needs repair
36315,functional
24135,functional
43228,non functional
26197,non functional
53953,functional
70313,non functional
51812,non functional
66985,non functional
51188,non functional
53512,non functional
61800,functional
40577,functional
39899,functional
32397,non functional
73726,non functional
69684,non functional
13839,functional needs repair
22450,functional
22037,functional
52003,functional
28968,functional
60577,functional
29567,functional
40776,functional
74017,functional
55467,non functional
67208,functional
73426,functional
25716,functional
32755,non functional
2718,non functional
36920,non functional
2362,non functional
29152,non functional
1965,functional needs repair
38363,functional
11586,functional
10452,functional
34020,non functional
44145,functional
67139,non functional
42710,functional
43253,non functional
69681,functional
47237,functional
58596,non functional
33032,functional
4993,non functional
73687,functional
4063,non functional
38623,functional
32070,functional
18943,non functional
69634,functional
35897,functional
63758,non functional
52727,non functional
51716,functional
2821,functional
24197,functional
44579,functional
34089,non functional
34675,functional needs repair
52464,functional
12102,functional
13119,non functional
56421,non functional
7600,functional
43731,non functional
47877,functional
72544,non functional
17160,non functional
25485,functional
54748,non functional
51730,functional
61115,functional
17271,functional
53969,non functional
72001,non functional
36056,functional
29387,non functional
15290,functional
12234,functional
55580,functional needs repair
6563,non functional
41575,non functional
35370,non functional
45826,functional
18524,functional
20584,functional
45301,functional
15030,functional
21239,non functional
35927,functional
34289,functional
6369,functional
16634,functional
37886,non functional
73865,functional
8936,non functional
28930,non functional
26901,functional
33949,non functional
38661,non functional
36100,functional
3760,functional
33928,non functional
68170,functional
29248,functional
25744,functional
8746,functional
6348,functional
68951,non functional
8073,non functional
58609,functional
15310,functional
13235,non functional
45731,non functional
53368,functional
64812,functional
51935,functional
23779,functional
20569,non functional
5240,functional
16017,non functional
74168,functional needs repair
31916,functional
63533,functional needs repair
13681,functional
10820,functional
11574,functional
50747,functional
8496,functional
56973,functional needs repair
18588,functional
70485,functional
1500,non functional
10362,functional
51884,functional needs repair
224,functional
40981,non functional
55105,functional
70173,non functional
41611,non functional
37815,functional needs repair
6487,functional
41142,functional
51652,functional needs repair
57926,functional
48498,non functional
22432,non functional
64192,non functional
30605,non functional
5642,functional
35025,functional
56038,functional
43998,functional
19742,functional
22213,non functional
51992,non functional
42179,functional needs repair
18665,functional needs repair
66754,functional
5337,functional
71136,non functional
30968,functional
71765,functional
39001,non functional
52941,functional
45646,non functional
7749,non functional
57262,non functional
55696,non functional
61116,functional
42269,non functional
69062,non functional
57534,non functional
62557,functional
50150,non functional
33956,non functional
69616,non functional
73088,functional
13560,functional
29949,non functional
58052,functional
71239,non functional
30045,functional needs repair
8848,non functional
63052,functional
26838,functional
49395,functional
37182,non functional
43436,functional
67019,functional
8294,functional
56983,functional
13092,functional
64724,non functional
19009,functional
57845,functional
71354,functional
12539,functional
28362,functional
38124,functional
11173,functional
1222,non functional
32316,functional
44771,non functional
4648,functional
67550,functional
15410,non functional
37569,functional
51344,non functional
57188,functional
14010,non functional
29125,functional
54913,non functional
18319,non functional
61339,functional
62192,non functional
54814,non functional
10278,functional
67602,functional
71978,non functional
5386,functional
30965,non functional
35018,functional
59107,functional
11740,non functional
27425,functional
7377,non functional
7080,functional
57136,functional
40851,functional
43540,functional
11127,functional needs repair
63127,functional
51540,functional
35237,functional
32697,functional
29729,functional
53306,functional needs repair
25059,functional
10201,non functional
30833,functional
25019,functional needs repair
33813,non functional
47714,functional
31498,non functional
36140,functional
8366,non functional
23593,functional
68074,non functional
62039,non functional
46518,functional
67460,non functional
64509,functional
50496,functional
20188,non functional
38112,non functional
15292,functional needs repair
35009,non functional
53612,functional
62629,non functional
49298,functional
41630,functional
41922,non functional
12898,functional needs repair
53041,functional
47703,functional
30695,functional
13474,non functional
4472,functional
42196,non functional
52552,non functional
11307,functional
30796,functional
55772,non functional
6209,functional
9035,functional
48581,non functional
17069,non functional
28851,functional
21970,functional
66602,functional
1202,non functional
65212,functional
51392,functional
70670,functional
59416,functional
15300,non functional
52373,non functional
11495,functional
29972,non functional
46690,functional needs repair
55880,functional
14385,non functional
27890,non functional
16639,functional
32883,functional
39378,non functional
25340,functional needs repair
19740,functional
58221,non functional
19904,non functional
44081,non functional
26705,non functional
47389,non functional
72437,functional
40911,functional
20859,functional
38263,non functional
61329,functional
5740,non functional
37304,non functional
71064,non functional
18422,functional
61077,functional
23388,non functional
38891,functional
43545,functional
2573,functional
24842,non functional
67744,functional needs repair
72239,functional
52608,non functional
53916,non functional
3779,functional needs repair
18963,functional
2222,functional
28218,non functional
28890,non functional
17952,functional
56726,non functional
37774,functional
56761,functional
32705,non functional
22367,non functional
64213,non functional
49102,functional
14895,functional
34954,non functional
50921,functional
14499,non functional
18346,functional needs repair
67215,functional
45850,functional
25006,non functional
55343,non functional
48376,non functional
73676,functional
6622,functional
50526,non functional
11100,non functional
15128,functional
8081,functional
11408,functional
16929,functional
42627,non functional
38649,non functional
32558,functional
13450,non functional
68030,functional
59342,functional
8826,functional
58398,functional
28932,functional
64245,functional
39439,functional needs repair
28375,functional
64388,functional
14425,non functional
61736,non functional
70656,non functional
26996,functional
73917,functional
19886,functional
50531,functional
26932,functional needs repair
12136,non functional
70548,non functional
54598,functional
42517,functional
52866,functional
44653,functional
65815,functional
45926,functional
62906,non functional
43582,non functional
56373,functional
34325,non functional
55416,functional
24681,functional
65943,non functional
71934,functional
12126,non functional
72190,functional
55891,non functional
17522,functional needs repair
8211,functional
54344,functional
33723,functional
26275,functional needs repair
30735,functional
55518,non functional
49588,functional
51868,non functional
1116,functional
844,functional
41261,non functional
42049,functional
43229,functional
12495,non functional
7819,non functional
5949,non functional
54519,functional
12755,functional needs repair
28444,functional
67802,functional
24413,functional
2011,functional
54278,non functional
5914,functional
55515,non functional
43758,functional
71145,functional
72338,functional needs repair
73950,functional
37652,functional needs repair
61191,non functional
30684,non functional
3369,functional
51459,non functional
16248,non functional
32051,non functional
34616,functional
64308,functional
43769,non functional
54918,functional
4301,non functional
7083,functional
44348,functional
52344,non functional
46836,functional
50576,functional
72875,functional
58079,functional
35952,functional
32033,functional
60309,functional
8472,non functional
11182,functional
58639,functional
18279,functional
27608,non functional
49926,functional
29240,functional
4277,functional
62894,functional
65472,non functional
4981,non functional
68968,functional
21637,functional
46366,non functional
32631,functional
10353,non functional
56592,functional
7230,functional
16351,functional
35107,functional needs repair
10780,non functional
70687,functional
30502,functional
33505,non functional
37370,functional
38905,functional
27379,functional
14310,non functional
30970,functional
53732,non functional
29653,functional
71627,functional
23231,functional
66365,non functional
49971,non functional
68243,functional
56623,non functional
3252,functional
56584,functional
61292,functional
19836,non functional
12260,functional
56087,non functional
3914,non functional
8115,non functional
12994,functional
6766,non functional
72141,functional needs repair
61831,non functional
50784,functional
69254,functional
58552,functional
33397,non functional
8954,non functional
49757,non functional
61268,non functional
34660,functional
33241,functional
68106,non functional
6894,functional
26058,non functional
36873,functional
6448,functional
70986,non functional
42052,non functional
46389,non functional
69439,functional
45537,non functional
46881,non functional
2419,functional
45497,functional
2462,non functional
61315,functional
49260,functional
20180,functional
18560,non functional
35064,functional
32054,non functional
65243,functional
35951,functional
21589,functional
18741,non functional
25162,functional
62181,non functional
73613,functional
61359,non functional
23331,non functional
52955,non functional
67943,functional
22158,functional
56858,functional
68678,non functional
2353,functional
23098,non functional
22683,functional
71028,functional
66696,functional needs repair
40413,functional
51468,functional
59869,functional needs repair
16900,functional
45430,functional
49216,functional
13508,functional
46720,non functional
55007,functional
52678,non functional
35512,functional
45746,functional
69584,non functional
34937,non functional
44526,functional
13820,functional
66101,functional
5823,functional
11707,non functional
5663,non functional
32756,functional
18261,functional
65594,non functional
48657,non functional
49538,functional
50911,functional
786,non functional
51626,functional
11688,functional
64935,functional
10736,functional
13391,functional
5733,non functional
3165,non functional
53383,functional
35682,functional
66597,functional
66428,functional
67806,functional needs repair
44010,non functional
23916,non functional
53843,functional
32189,non functional
20997,functional
44207,functional
67202,functional needs repair
3476,non functional
62676,functional
38150,functional
57058,functional
57330,non functional
15660,functional needs repair
57368,functional
67055,functional
52406,functional
39910,functional needs repair
34416,functional
58177,non functional
72043,functional
63502,non functional
61638,functional
16736,non functional
8584,functional
12185,non functional
63932,non functional
19490,non functional
50369,non functional
65571,non functional
22007,functional
46025,functional
66387,functional needs repair
8289,non functional
19243,non functional
26702,functional
52779,functional
56452,non functional
46728,functional
15757,non functional
8318,functional
26246,non functional
42950,functional
57540,functional
40058,functional
17154,non functional
28867,functional
16274,non functional
37810,functional
5090,functional
18664,non functional
66580,functional
17143,functional needs repair
72577,functional needs repair
35028,functional needs repair
27172,non functional
73434,non functional
28402,functional needs repair
8766,functional needs repair
39854,functional
36242,functional needs repair
18510,functional
33380,non functional
61780,functional needs repair
17957,functional
71580,functional
66841,non functional
73073,functional
28916,functional
42424,functional
19525,functional
60408,functional
33618,non functional
65174,functional
33155,functional
14787,functional
8100,functional
27492,functional
10597,functional
254,functional
33003,functional
22044,functional
35595,functional
68863,functional
53335,functional
17871,functional
1478,functional
13644,non functional
39812,functional needs repair
64005,functional
15095,functional
49492,functional
43416,functional
27846,functional
72534,functional
18219,non functional
62423,non functional
38769,functional
37942,functional needs repair
48761,functional needs repair
34530,functional needs repair
30772,functional
67539,non functional
11604,non functional
7557,functional
25295,non functional
7612,functional
42760,functional needs repair
31979,functional
8141,non functional
72948,non functional
1200,functional
51861,non functional
57648,functional
25816,non functional
65340,non functional
62827,functional
37828,functional
9340,non functional
48610,non functional
18490,functional
37252,non functional
38800,non functional
54790,functional
4687,functional
33256,functional
39400,functional
30046,non functional
68807,non functional
48099,functional
73558,non functional
288,non functional
52987,functional
9256,functional
28053,non functional
52423,non functional
35968,functional
5410,non functional
5118,functional
62842,functional
40277,non functional
54490,functional
13505,non functional
44212,functional
16001,functional needs repair
40928,non functional
49934,functional
19613,functional
42137,functional
37577,functional
18444,functional needs repair
9824,functional
12292,functional
44456,functional
65410,functional needs repair
35269,non functional
69368,functional needs repair
67265,functional
41391,non functional
26295,functional
1999,functional
36959,non functional
50000,functional
37748,non functional
33994,functional
72322,functional needs repair
8076,functional
61437,functional
9693,non functional
22475,functional
14748,functional
6797,functional
43325,non functional
8673,functional
19721,functional
46847,functional
3363,non functional
24634,non functional
53913,functional
23128,functional
60745,non functional
9538,non functional
35125,functional
73246,non functional
7549,functional
51477,non functional
66862,functional
48766,functional
63701,functional
26608,functional
53663,non functional
16933,functional needs repair
7252,non functional
4949,non functional
10042,non functional
21483,functional needs repair
43179,functional
37064,functional
1224,non functional
20512,non functional
46908,non functional
36598,functional
10019,functional
19120,functional
23840,non functional
69869,functional
49440,non functional
50113,non functional
26118,functional
4122,functional
14542,functional
26836,non functional
72411,functional
53157,functional
41966,functional
4297,functional
29988,non functional
63221,non functional
17292,functional
49857,non functional
22338,functional
28616,functional
62933,functional
878,functional
18290,functional
20328,non functional
19754,non functional
62762,functional
12271,non functional
18589,functional needs repair
15177,functional needs repair
69916,functional
7953,non functional
70200,functional
51056,functional
16743,functional
63535,functional
46553,functional
70188,non functional
11199,functional
13520,functional
56741,functional
73057,functional needs repair
15226,functional
34790,functional
50948,functional
1094,functional
72712,non functional
49416,functional
58399,functional
51872,functional
20701,non functional
73312,non functional
40343,functional
57929,functional
12507,non functional
10691,non functional
18267,functional
9523,functional
18301,non functional
14125,non functional
35334,functional
49052,non functional
21492,functional
39071,non functional
18375,functional
29176,functional
4211,functional needs repair
50118,functional
48428,non functional
56220,non functional
47947,non functional
13154,non functional
70709,functional
69983,non functional
73906,non functional
30534,functional
18499,functional
73238,functional
29926,non functional
64056,functional
9596,functional
43308,functional
5069,functional
25521,functional
56889,functional
23412,functional
31041,non functional
13137,functional
10015,functional
12488,non functional
57630,functional
58516,functional
1212,non functional
26042,functional
12082,non functional
58497,non functional
61188,functional
58902,functional
52319,non functional
22372,functional
2517,functional needs repair
44800,functional
27309,non functional
42851,functional
22909,functional
8918,functional
60537,non functional
40801,functional
35360,functional
52531,functional
73566,functional
55869,functional
45789,functional
45208,functional
4776,functional needs repair
20470,functional
45470,non functional
37042,functional
68233,non functional
20093,functional
37503,functional
15288,non functional
51447,functional
66857,non functional
10270,functional
49671,non functional
23171,functional
38697,non functional
73704,non functional
27999,non functional
12677,functional
63109,functional
70056,functional
25136,non functional
50282,functional
33008,functional
15918,non functional
52025,non functional
3841,functional
49900,non functional
65510,non functional
70052,non functional
43885,non functional
11242,functional
56511,functional
7558,functional
33293,non functional
49295,non functional
14429,functional
21172,functional
43199,non functional
25841,non functional
41218,functional
2431,functional
36016,non functional
12711,functional
17768,functional
71792,functional
23494,non functional
1515,functional
34146,functional
24209,functional
11982,functional
61509,functional
20811,functional
67505,functional
70294,functional
67996,non functional
43128,non functional
495,functional
61956,functional
71211,functional needs repair
45062,functional
51596,functional
18773,functional
10444,non functional
73486,non functional
70772,functional needs repair
12121,functional
64246,functional
23123,functional
41682,functional needs repair
56340,functional
64702,functional
64676,functional
64916,functional
42131,functional
18091,functional
38060,non functional
28068,functional
9400,functional
31816,non functional
48930,non functional
9775,functional
63281,non functional
34598,functional
22280,non functional
69145,non functional
27567,functional
24583,functional
63410,functional
20598,functional
17476,non functional
27589,non functional
4922,non functional
56123,functional
61262,non functional
6875,functional
61371,functional
34707,non functional
15723,non functional
18114,non functional
11294,functional
66454,functional
55013,functional needs repair
31877,functional
18708,non functional
24317,functional
34800,functional
69805,functional
48161,functional
47990,non functional
1752,functional
23643,non functional
10751,functional needs repair
64573,non functional
13233,functional
20033,functional
61320,functional
22967,functional
39888,functional needs repair
44389,functional needs repair
1092,functional
15886,functional
2327,non functional
45200,non functional
12914,functional
26406,functional
59850,functional
15295,functional
30789,non functional
3722,functional
6257,non functional
39447,functional
39032,functional
54450,functional
46008,functional
26975,non functional
40988,functional
28307,non functional
54162,functional
24027,functional
24000,non functional
45558,functional
40391,non functional
40235,non functional
40055,non functional
128,functional
26038,functional
33595,functional
63219,functional
64523,functional
51876,functional
64206,functional
40156,functional
11872,functional
3052,functional
47166,functional
17892,non functional
60450,functional
24481,functional
13121,functional
4432,functional needs repair
36713,functional
2894,non functional
73295,functional needs repair
68824,functional
38336,non functional
74004,functional
20602,non functional
51037,non functional
26379,non functional
18118,functional
21215,non functional
465,functional
46517,functional
48377,functional
65170,functional
28727,functional
56854,functional
33260,functional
71325,non functional
34056,functional
9085,non functional
61380,non functional
42418,functional
39767,functional
53425,functional
64107,functional
73972,functional
33124,functional
33185,functional
70962,non functional
19636,functional
31861,non functional
69218,functional
69517,functional
24231,non functional
47494,non functional
31011,non functional
56001,functional
7222,functional
7152,non functional
26661,functional
71573,functional
13956,functional
69353,functional
18258,functional
55837,non functional
2658,functional
34659,non functional
32224,functional
21197,non functional
67413,non functional
63747,functional
31981,non functional
70201,functional
69266,non functional
9838,functional
53337,functional
48427,functional needs repair
37313,functional
35966,functional
15567,functional
62313,functional
43553,functional
9351,functional needs repair
57754,non functional
17137,functional
73100,functional
25614,functional
29886,functional
29218,functional
43108,non functional
53012,functional
74070,functional
43315,non functional
29561,functional
42428,non functional
52718,non functional
41068,functional
4409,functional
51413,non functional
73377,functional
7675,functional
63326,functional
48790,functional
35973,non functional
34100,functional
40182,functional
27021,functional
11538,non functional
42404,non functional
46716,functional
3183,functional
51871,functional
49171,functional needs repair
40927,non functional
14989,functional
18093,non functional
21340,non functional
56751,non functional
20433,functional
45909,non functional
45490,functional
4990,non functional
54727,functional
5122,functional
70863,non functional
16290,functional
55663,functional
23912,non functional
48787,functional
36124,non functional
48477,functional
24365,non functional
29743,non functional
26695,functional
67507,functional
32365,functional
13242,functional
14387,functional
25955,functional
45254,functional
64218,non functional
3715,functional
50522,non functional
19841,functional
57986,non functional
68516,non functional
59865,non functional
44394,non functional
37820,non functional
70290,non functional
1251,functional
62939,functional
42416,non functional
7519,functional needs repair
29045,non functional
71784,non functional
56698,functional needs repair
11901,functional
32494,functional
71166,functional
39641,functional
11149,functional
42615,functional needs repair
8721,non functional
33142,functional
31872,functional
33456,functional
71692,functional
21755,functional
10592,functional
14323,non functional
22116,non functional
2907,functional
20016,non functional
61386,functional
52588,functional
44040,non functional
20969,functional
30626,functional
56969,functional
43454,non functional
13849,functional
55983,functional
72390,non functional
33225,functional
57796,functional
25577,non functional
11601,non functional
62808,functional
63773,non functional
50072,functional
37679,functional
74016,functional
4011,non functional
66289,non functional
17083,non functional
54219,functional
66869,non functional
15307,functional
73060,functional
70041,functional
60206,functional
61012,functional
32061,non functional
37188,non functional
47421,functional
21719,functional
21401,functional
48661,functional
36849,functional
74093,functional
74145,functional
63955,functional
38008,functional
3391,functional
73510,functional
54096,functional needs repair
61261,functional
43676,functional
5757,functional
7821,non functional
65026,functional
55813,functional
66069,functional needs repair
27103,functional
25477,functional
18614,functional
5015,functional needs repair
73644,non functional
47381,functional needs repair
33267,non functional
62789,functional
18838,functional
59357,functional
70296,non functional
71688,non functional
27685,functional
63859,functional
14266,functional
11407,non functional
11839,functional
30052,functional
67839,functional
30557,functional
17814,functional
27509,functional
49927,non functional
65891,non functional
4148,functional needs repair
34512,functional needs repair
54783,functional
64883,non functional
47341,functional
59038,functional needs repair
27290,non functional
28978,non functional
53181,non functional
38291,functional needs repair
44640,functional
8152,functional needs repair
9683,functional
20706,functional
74174,functional
26698,non functional
5648,non functional
1231,non functional
42197,functional
58472,functional
36051,functional
15218,functional
72492,non functional
28825,non functional
71140,non functional
52938,functional
2406,functional
17244,non functional
42583,functional
51483,non functional
13511,functional
45888,non functional
52519,non functional
42873,functional needs repair
203,non functional
39068,non functional
16560,functional
12757,non functional
64575,functional
52265,non functional
62991,non functional
41581,functional
71087,non functional
6455,non functional
21329,functional
53328,non functional
15648,non functional
70494,functional
35070,non functional
73521,non functional
21750,functional
8675,non functional
28716,functional
51828,non functional
2618,functional
31878,functional
68244,non functional
71422,functional
52831,functional
42327,non functional
14980,functional
69485,functional
28416,functional
32752,functional
67813,non functional
41949,functional
55486,functional
70516,functional
16566,non functional
28977,functional needs repair
20592,non functional
39790,functional
19495,functional
37161,non functional
64587,functional
18018,functional needs repair
24920,functional
54909,non functional
665,functional
36649,non functional
53519,functional
9741,non functional
2363,non functional
73099,non functional
40996,functional
43120,functional needs repair
27213,functional
59366,functional
37297,non functional
62408,functional
56771,functional
62194,functional
58725,functional
69130,functional
67263,functional
38009,functional
71231,functional
30628,non functional
33575,functional
12411,non functional
17561,functional
9210,functional
56403,functional needs repair
71678,functional
17598,non functional
44547,functional
25870,functional
49376,functional
60110,functional
6345,functional
24341,non functional
62067,non functional
28136,non functional
32287,non functional
24005,functional
30312,functional
5003,functional
6497,non functional
62597,functional
13635,non functional
9259,non functional
36859,non functional
72480,functional
51467,functional needs repair
21516,functional
1443,functional
596,non functional
14788,functional
31995,functional
20037,functional
25258,functional
19834,functional
3385,functional needs repair
15751,functional needs repair
63768,functional
23481,non functional
29457,functional
19618,functional
50295,non functional
63528,functional
35168,functional
29868,functional
49851,functional
66263,non functional
66957,functional needs repair
64865,functional
24242,functional needs repair
9702,functional
22180,functional needs repair
38501,functional needs repair
44327,functional needs repair
61093,functional
33979,non functional
8268,functional
2604,functional
15700,functional needs repair
59834,functional
33175,functional
17411,functional
58506,functional needs repair
41627,functional
34364,functional
15776,non functional
23005,functional
49569,non functional
12183,non functional
74150,functional
35180,functional
43708,functional needs repair
57500,non functional
63318,functional
17922,non functional
71842,non functional
15948,functional
49130,non functional
57118,functional
38531,functional
62475,functional
53120,functional needs repair
63636,functional
71269,functional
69538,functional
622,non functional
52011,functional
64989,functional
29802,non functional
4634,functional
45348,functional
20218,functional
4259,functional
64949,non functional
33806,functional needs repair
42161,functional
70334,functional
15664,functional
19580,non functional
53868,non functional
68428,non functional
35155,functional
28344,functional
46368,non functional
29933,non functional
19048,non functional
19400,non functional
65196,functional
15125,functional
45261,functional
41350,non functional
9367,functional
24748,functional
71033,non functional
30961,functional
12237,functional
63023,non functional
73131,functional
5558,non functional
37786,non functional
16947,functional
27808,functional
2156,non functional
31616,functional
65511,non functional
66952,non functional
29786,non functional
2220,non functional
18076,functional
28028,functional
25089,functional
13910,functional
72939,functional
38863,functional
61494,non functional
51070,functional
29195,non functional
62156,functional
17410,non functional
15208,non functional
15726,functional
73523,functional
59259,functional
72977,functional
23452,non functional
15077,functional
69706,functional
61406,non functional
18695,functional
4142,functional
20023,functional
9062,functional
58777,non functional
63608,functional
38732,non functional
74069,functional needs repair
44615,functional needs repair
10586,functional needs repair
7073,functional
36099,functional
49582,functional needs repair
21228,non functional
35181,non functional
29190,functional
9004,functional
64926,functional
17529,functional
17648,functional
30592,functional needs repair
12116,non functional
72617,functional
22226,functional
17828,functional
49175,functional
36877,functional
7945,functional
24470,functional
1465,functional
61287,non functional
12092,functional
51831,non functional
6003,non functional
4809,functional
69829,functional
54141,functional
55250,functional
70298,functional
63603,functional
34177,functional needs repair
27854,non functional
49374,functional
44534,functional
59051,functional
52160,functional
53466,non functional
30581,functional
42948,functional
1104,non functional
40686,functional
73036,functional
30718,non functional
24677,functional
62161,non functional
57110,functional needs repair
47915,non functional
15533,functional
53844,non functional
2991,functional
65372,non functional
27369,functional needs repair
53642,functional
48064,functional
63655,non functional
35807,functional
64407,functional
28986,functional
678,functional
55134,non functional
64516,functional
12007,functional
17708,non functional
25373,functional
44417,functional
17513,non functional
4928,functional
70733,functional
5275,functional
9459,functional
65166,non functional
42624,functional
67664,functional
1732,functional
4065,functional
30637,functional
61990,functional
29095,functional
71942,functional
42853,functional needs repair
31243,non functional
41304,non functional
22175,functional
34980,non functional
67561,functional
39075,functional needs repair
55139,non functional
35646,functional
46376,functional
61348,functional
348,non functional
38211,functional needs repair
17344,non functional
25181,functional
37771,functional
265,non functional
21331,functional
28599,functional
1892,non functional
44452,non functional
32345,functional
47710,non functional
67157,functional
21676,non functional
41878,functional
52430,functional
20707,functional needs repair
46858,functional
44234,functional
49167,non functional
33171,functional
29332,non functional
25590,functional
25450,functional needs repair
6237,non functional
27129,non functional
839,non functional
19669,non functional
43451,functional
66054,functional
69562,functional
2368,non functional
51435,non functional
62304,functional
70925,functional needs repair
34765,functional
28961,non functional
45467,functional
15335,functional
47613,non functional
13603,non functional
23829,functional
40295,functional
62344,functional
11573,non functional
8018,functional
63098,non functional
22590,functional
59785,non functional
70877,functional
14997,functional
65773,non functional
48138,functional
16385,functional
34714,functional
28923,non functional
10380,functional
13843,functional
34792,functional
16889,functional
64980,functional needs repair
44152,functional
50849,functional
48518,functional
62586,non functional
5812,non functional
69280,non functional
67660,functional needs repair
38573,functional
40221,functional
8143,functional
4576,functional
25636,non functional
661,functional
55669,functional needs repair
1460,non functional
6657,non functional
52580,functional
71883,functional needs repair
51488,non functional
56521,functional needs repair
45440,functional needs repair
45323,functional
25388,functional
67503,non functional
48111,functional
41365,functional
70192,functional needs repair
71173,non functional
57737,functional
68565,functional
62427,functional
32266,non functional
45335,non functional
39142,functional
26142,non functional
47927,non functional
51947,functional
36494,non functional
18593,functional
4456,functional
37455,non functional
20977,non functional
64435,functional
71855,non functional
69452,functional
34736,functional
17998,non functional
6674,functional
52713,non functional
66758,functional
37610,non functional
60271,functional
26270,non functional
15105,functional
51531,functional
48579,functional
2394,non functional
2957,functional
6195,non functional
3934,functional
58812,functional
45203,functional
55424,functional
41654,functional
19667,non functional
25046,non functional
53339,functional
10082,functional
34673,functional
68014,non functional
56375,functional needs repair
7789,functional needs repair
42769,functional
31812,functional
1608,non functional
24654,functional
24127,functional
3659,non functional
47630,functional
27340,functional
1701,functional
42673,non functional
36210,functional
6716,functional
25680,functional
73718,non functional
35673,functional
65276,functional
2892,functional
22884,non functional
71661,non functional
48644,functional
21426,functional
63180,non functional
39815,non functional
73112,non functional
14498,functional
61586,non functional
63938,functional
54262,non functional
45101,functional
58894,functional
9710,functional
13703,functional
45689,non functional
13897,functional
16941,functional
49917,functional
28627,functional
32751,non functional
27580,non functional
9457,non functional
19714,functional
25398,functional needs repair
40773,functional
8684,functional
3702,functional
60786,functional
23680,non functional
57241,functional
51252,functional
54106,functional
71259,functional
46922,non functional
29835,non functional
17443,functional
66567,functional
48524,functional
57975,functional
45182,non functional
42678,functional
53799,functional
55648,functional needs repair
9404,functional
11116,non functional
55045,functional
7224,functional
12993,non functional
40024,non functional
6698,functional
74158,functional
10817,functional
69438,non functional
2926,functional
29819,functional needs repair
30808,non functional
43583,functional
25959,functional
28289,functional needs repair
30859,non functional
51022,functional
36109,functional
42225,non functional
28687,functional
40011,non functional
33414,functional
50153,non functional
54533,functional
53481,functional
28162,functional
50521,functional
43255,functional
36402,functional
62661,functional
52085,functional
23900,functional
74081,functional
16371,non functional
7432,functional
56905,functional
26282,functional
60106,non functional
44323,functional needs repair
8589,functional
22362,functional
8428,non functional
69063,functional needs repair
41208,functional
46010,non functional
73616,functional
70838,functional
70816,non functional
62954,non functional
51645,functional
72500,non functional
28673,functional
65050,non functional
66607,non functional
66793,non functional
15618,non functional
27404,non functional
54931,non functional
2550,functional
23355,functional
56696,non functional
8107,functional
841,functional
59332,functional
57428,functional
4290,non functional
35404,non functional
46627,non functional
52173,non functional
56660,functional
36652,non functional
60340,functional
8444,functional
34143,non functional
1816,non functional
21501,non functional
55963,functional
9655,functional
36365,functional
61516,functional
71653,functional
27579,functional
54441,functional
10518,functional
61213,functional
6775,functional
53691,non functional
63568,functional
2422,non functional
53576,functional
65971,functional
61758,functional
63139,non functional
13470,non functional
19815,functional needs repair
51672,functional
6428,functional
18951,functional
54274,functional
11349,functional
12446,functional
25645,functional
26554,functional
33726,functional
54354,functional
24990,functional
16453,non functional
34862,non functional
70133,non functional
15536,non functional
49490,functional
12918,functional
7102,functional
21288,non functional
190,functional
16349,non functional
33922,functional
73640,functional
61585,functional
51369,non functional
59625,non functional
45651,non functional
37168,non functional
51722,functional
13678,non functional
37412,non functional
49258,functional
7984,non functional
46069,functional
20953,non functional
55471,non functional
50059,functional needs repair
655,functional
52105,functional
10734,functional needs repair
59972,non functional
56237,functional
35643,non functional
58672,non functional
21035,non functional
59602,functional
6230,functional
26012,functional needs repair
39492,non functional
697,functional
44453,non functional
31559,functional
44022,functional
69345,functional
29730,non functional
59305,non functional
45624,non functional
48967,functional
67624,functional
56954,non functional
3375,functional
27451,functional
47520,functional
27395,functional
30625,functional
16377,functional
51149,functional
1665,non functional
36194,non functional
59917,non functional
31587,functional
11278,non functional
31975,functional
43395,functional
68480,functional needs repair
55978,functional
34863,functional needs repair
34252,non functional
33135,non functional
34387,functional needs repair
34333,functional
16068,non functional
31640,functional
39629,functional
20270,functional
1288,non functional
63319,non functional
10417,non functional
49493,functional needs repair
17031,non functional
31031,functional
28519,functional
59946,non functional
49149,non functional
9151,functional
2828,non functional
31910,functional
60969,functional
8793,functional
60945,functional
64652,functional
6943,non functional
4336,non functional
43309,functional
67703,functional
19161,functional
17445,functional
44322,non functional
15147,functional
34126,functional
45307,non functional
38159,functional
6891,functional needs repair
63919,non functional
25472,functional needs repair
2760,non functional
24687,functional
33906,functional
31333,non functional
31255,functional
49984,functional
73896,functional
25930,non functional
72569,functional
58085,non functional
5722,non functional
6288,functional
73684,non functional
5175,functional
55667,functional
73369,functional needs repair
59452,functional
25691,functional
60364,functional
25775,functional
31947,functional needs repair
10680,functional
53378,functional
20722,functional
35516,non functional
52834,functional
7591,functional
48552,non functional
48976,functional
15512,functional
66135,non functional
65722,non functional
64518,functional needs repair
13668,non functional
30191,non functional
44391,non functional
63891,functional needs repair
70083,functional
27383,non functional
25999,functional
33426,functional
58080,non functional
16307,functional
17389,non functional
58411,functional
19762,non functional
25001,non functional
40582,non functional
5010,non functional
37683,non functional
34795,non functional
58905,non functional
62415,non functional
24280,non functional
31871,non functional
38958,functional
47324,functional
9265,functional
21451,non functional
29990,non functional
47368,non functional
4041,functional needs repair
21398,functional
56985,non functional
13636,functional
60542,non functional
25421,functional
44724,functional
29704,functional
1773,non functional
26824,functional
40672,functional
32184,non functional
51841,functional
34613,functional
44457,functional needs repair
2074,non functional
64132,functional needs repair
23501,functional
27377,non functional
5357,functional
15054,functional
59128,functional
26893,functional
28838,functional
36327,non functional
50990,functional
10582,functional
23790,functional
5376,functional
23937,functional
22358,functional
32676,non functional
60579,functional
17402,functional
71497,functional
69114,functional
40181,functional
44958,functional
51291,functional
12098,non functional
71024,functional
10197,functional
53545,functional
827,non functional
43694,non functional
49551,functional
65927,non functional
17329,functional
521,functional needs repair
19671,non functional
6021,functional
55469,functional
33101,functional
71187,functional
48858,functional
2401,functional
12849,non functional
73310,functional needs repair
50184,functional
14096,functional needs repair
24352,non functional
14795,functional
24694,functional
9662,functional
36814,functional
18341,non functional
35773,functional
67298,functional needs repair
41522,functional
12038,functional
22658,functional needs repair
69595,functional
13760,functional needs repair
12473,functional
6506,functional
58636,functional
42556,non functional
73187,functional
19068,non functional
26340,non functional
62101,functional
161,functional
3019,non functional
46914,non functional
53370,non functional
942,functional
37056,non functional
48419,non functional
35717,functional
53559,non functional
33440,non functional
34141,functional
27978,non functional
17901,functional
1734,non functional
21349,functional needs repair
34764,functional
48679,functional
13575,functional
44779,non functional
46419,functional
70040,non functional
25253,non functional
49128,non functional
21053,functional
61511,non functional
11900,non functional
67264,functional
63487,functional
60350,non functional
25748,functional
35268,functional needs repair
69287,functional
17747,functional needs repair
32486,functional
50462,non functional
53242,functional
47634,functional
35686,functional
34197,functional needs repair
55310,functional
4020,functional
62185,functional
46751,non functional
73117,non functional
4431,functional
23101,functional
33787,functional
30,functional
51052,non functional
23748,functional
51594,non functional
35214,non functional
56848,non functional
67655,non functional
63056,non functional
15312,functional
6264,functional
12827,functional
24251,functional
63846,non functional
29527,functional
29477,functional
35391,functional
30784,functional
33770,non functional
7594,non functional
26046,non functional
35156,functional
9253,non functional
30133,functional
68401,non functional
19837,functional
40159,non functional
27930,functional
70570,functional
43214,functional
34286,non functional
65045,functional
41715,functional
61375,non functional
10132,functional
22083,functional
67716,non functional
36915,non functional
14631,non functional
33322,functional
1747,non functional
49649,functional
64626,functional
38805,functional
49434,functional
48822,functional
73727,functional
61248,functional
44048,functional
11719,functional
24999,functional
47119,functional
41135,functional
60086,functional
15232,functional
7840,functional
73740,functional
58709,non functional
66105,functional
67475,functional
35996,functional
23714,non functional
35740,functional
67767,functional needs repair
42133,non functional
51443,functional
30693,functional
54443,functional
9206,functional
17004,functional
35010,functional
64846,non functional
41257,non functional
66017,non functional
55588,non functional
40136,functional
45053,functional
25409,functional
59880,functional needs repair
2149,non functional
6068,non functional
5888,functional
22303,functional
73773,functional
66571,functional
50076,non functional
57578,functional
61656,functional
61762,non functional
42578,functional
4151,functional
20214,functional needs repair
5821,functional needs repair
23058,functional needs repair
72901,functional
46393,non functional
67133,functional
71070,non functional
48204,functional
47228,functional
71539,non functional
61858,functional needs repair
55264,functional
29257,functional
17055,functional
61536,functional
49913,functional
19633,non functional
578,non functional
61671,functional
42671,functional needs repair
8887,non functional
42709,functional
51105,functional
7817,functional
33087,functional
53262,functional
11245,non functional
63305,functional
72507,non functional
37135,non functional
21186,functional
1356,non functional
37449,functional
480,functional needs repair
62695,functional
72854,functional
7563,functional
27119,non functional
29741,functional
28811,non functional
24381,functional
62186,functional
58441,functional
14148,non functional
36048,non functional
63844,non functional
45391,non functional
71297,functional
40825,functional
17703,functional
2765,non functional
61281,functional
55312,functional
4649,non functional
931,functional
54227,non functional
24385,functional needs repair
26547,non functional
57791,functional
35071,non functional
51527,non functional
415,functional
50017,non functional
9377,non functional
20966,non functional
3413,functional needs repair
7729,functional
28215,functional
23018,non functional
17931,functional
14916,functional
32986,functional
55335,functional
16468,non functional
28372,functional
33659,functional
57686,non functional
29936,non functional
38624,functional
31708,non functional
48974,non functional
48447,functional
67653,non functional
53154,functional
25213,functional
35896,functional
39336,functional
33777,functional
14741,functional needs repair
1139,functional
43781,functional
7243,functional
12615,non functional
9255,functional
12870,functional
25296,functional
37128,functional
43475,non functional
33133,functional
53923,non functional
21117,functional
51883,non functional
38731,functional
20753,functional
38327,functional
15465,functional needs repair
59488,functional
7352,functional
53804,functional
49608,functional
39631,non functional
57408,functional
66287,functional
54927,functional
8429,non functional
48426,non functional
674,functional
28273,functional
71568,non functional
11632,functional
11487,functional
3941,functional
30214,non functional
43343,functional
4624,functional
10435,functional
16041,functional
19958,functional
9789,non functional
51782,non functional
47358,functional
57663,functional
21080,functional
67807,functional
4828,functional
16550,functional
64977,non functional
25531,non functional
22744,functional
36201,functional
57272,functional
4330,functional
66525,non functional
4172,non functional
56336,functional
8364,functional needs repair
43924,non functional
3450,non functional
30127,functional needs repair
1305,functional
10796,functional needs repair
44132,non functional
32577,functional
12072,functional
73928,functional
18932,functional
52290,functional
15133,non functional
25362,functional
46105,non functional
54967,functional
16802,functional needs repair
44182,functional
29751,non functional
42735,non functional
32963,functional
52475,functional
56953,functional
15348,functional
47502,non functional
26693,functional
29349,functional
46488,functional
24534,functional
16370,functional
347,functional
52063,non functional
66227,functional
57680,non functional
61810,functional
9679,non functional
67481,functional
11603,non functional
20371,functional
32538,non functional
26744,non functional
59176,functional needs repair
61214,functional
50109,non functional
47718,non functional
68706,non functional
11759,functional needs repair
64781,functional
65942,functional
35990,non functional
34095,functional
51294,functional
72552,non functional
43506,functional
8608,functional
32810,non functional
70412,functional
41126,non functional
25729,non functional
44289,functional
429,functional
73542,functional
31054,non functional
44280,non functional
58608,non functional
13138,functional
69904,functional
44536,non functional
46618,functional
34041,functional
53071,functional
35371,functional
32564,non functional
65768,non functional
2696,non functional
55320,functional
44444,non functional
35589,functional
13227,non functional
7280,functional
49064,functional
12346,functional
51818,functional
53361,functional
72930,non functional
65417,functional
32302,functional
23648,non functional
21670,functional
27358,functional
63447,non functional
57983,functional
4834,non functional
34774,functional
4111,functional
33338,functional needs repair
60719,functional
7042,functional
5395,functional
32468,functional needs repair
7796,functional needs repair
11226,non functional
7938,non functional
38722,functional
58494,functional
43144,functional
67775,functional
13293,functional
59225,functional
12783,non functional
24439,functional
62425,non functional
54579,functional
37916,functional
10889,functional
10790,functional
70745,functional
27262,functional
8982,functional
31924,functional needs repair
70690,non functional
22558,functional
44170,non functional
30018,functional
17829,non functional
21317,non functional
41976,non functional
12927,functional
68531,functional
21664,non functional
20886,functional
42544,functional
47157,functional
27418,non functional
72651,functional
8039,functional
63053,functional needs repair
13938,functional
70936,non functional
44364,functional
34151,non functional
57728,non functional
46246,functional
49949,functional
53990,functional
5750,functional
13946,functional
39660,functional
11350,functional
72014,non functional
67179,functional
68073,non functional
67582,non functional
9172,non functional
28788,non functional
22053,non functional
13493,non functional
27209,functional
38229,functional
18081,functional
50800,functional
147,non functional
66171,functional
52689,non functional
37696,functional
48706,functional
36761,functional
10650,functional
14615,non functional
18017,non functional
67750,functional
61049,functional
31775,functional
5668,non functional
56505,non functional
68751,non functional
34099,functional
57920,functional
61718,non functional
2614,functional needs repair
67842,functional
26277,non functional
63718,functional
40043,functional
16065,functional
41596,non functional
8188,functional
18969,functional
44643,non functional
68140,functional
10580,non functional
60423,non functional
51460,non functional
54697,functional
52655,non functional
36805,non functional
60483,non functional
43240,non functional
17485,functional
63705,non functional
69007,functional
12156,functional
41950,non functional
55251,functional
51485,functional
49242,functional
66583,non functional
42171,functional
28275,non functional
32472,functional
14844,functional
53790,non functional
6512,non functional
14665,non functional
6963,functional
12843,functional
29563,non functional
30750,functional
34499,functional
10354,functional
63703,functional needs repair
7604,non functional
35998,functional
41123,functional
32422,non functional
27125,functional
23020,functional
29390,functional
71428,functional
25469,non functional
55199,non functional
69284,functional
66725,functional needs repair
61218,functional
57660,functional
15500,functional
42056,functional
47982,non functional
30813,non functional
28135,functional
13764,functional needs repair
16821,functional needs repair
4463,non functional
74169,functional
16910,non functional
42693,functional
14707,functional
27933,functional
3265,functional needs repair
44901,functional
67083,functional
43254,non functional
6684,functional
68734,non functional
9346,functional needs repair
23855,non functional
18175,non functional
49850,functional
6658,functional
38553,functional
21312,non functional
39958,functional
58699,functional
19969,functional
71192,non functional
46068,functional
58010,functional
54164,functional
15464,non functional
36276,functional needs repair
46759,functional
45819,non functional
40590,functional
71260,functional
29124,functional
50943,non functional
395,non functional
46164,functional
41187,non functional
20089,non functional
23922,non functional
45082,functional
2270,non functional
43301,non functional
30589,non functional
67367,functional
58643,functional
45014,non functional
2662,functional
45620,functional
24067,non functional
67958,functional
8790,functional
2205,non functional
61856,functional
66693,functional
33652,functional
66564,functional
16866,non functional
60135,functional
60254,functional
69013,functional
5840,non functional
13863,functional
4471,functional
50887,functional
33316,functional
17201,functional
40832,non functional
50652,functional
9681,non functional
61507,functional
17345,functional
24872,non functional
21790,non functional
29964,non functional
12989,non functional
6663,non functional
16458,non functional
56588,functional needs repair
64479,non functional
57445,functional
41773,functional
28992,functional
7939,functional
37274,non functional
22526,non functional
47162,functional
7502,functional
3913,functional
15461,non functional
32366,functional
4088,functional needs repair
61584,non functional
8956,functional needs repair
30248,non functional
42647,non functional
33912,functional needs repair
45274,functional
50345,non functional
21999,non functional
55337,functional
65833,non functional
14961,functional
206,functional
51156,non functional
37912,functional
55820,functional
49255,functional
53256,non functional
63411,non functional
42386,non functional
65240,functional
66743,non functional
25903,non functional
66943,functional
71328,non functional
50127,non functional
5924,non functional
8551,non functional
26462,functional
50511,functional
67546,functional
41149,non functional
13997,non functional
63095,non functional
64252,functional
28244,non functional
64,functional
57439,functional
24893,functional
63356,functional
41608,functional
27212,non functional
2274,functional
43346,functional
49859,functional
68533,functional
1345,functional
72430,non functional
70555,non functional
28258,non functional
40051,functional
25927,non functional
45785,functional
13803,functional
51324,functional
14872,functional
35600,non functional
40553,functional
47439,non functional
49583,functional
6062,functional needs repair
33580,functional
29008,functional
43844,non functional
7419,functional
33309,functional
71510,functional
69219,non functional
33361,functional
64080,non functional
12669,functional
26291,non functional
39195,functional
48311,functional
63039,functional
59842,non functional
39246,non functional
54547,non functional
11683,functional
50681,functional
25216,non functional
70708,functional
64696,non functional
42969,functional
42609,non functional
7360,non functional
39085,non functional
29027,functional
42303,non functional
66504,functional
30811,non functional
48547,functional
55346,functional
54339,non functional
67778,non functional
35900,functional
18164,functional needs repair
11441,functional
72999,functional
14793,non functional
52515,non functional
804,non functional
36741,functional needs repair
72070,functional
72213,functional
29752,functional
51140,non functional
11676,functional
12749,non functional
32885,non functional
59531,functional
73141,functional
68163,functional needs repair
48933,non functional
17118,functional
45938,functional
26495,functional
38808,functional
41905,functional
444,functional
13521,non functional
9109,functional
37190,functional
50477,functional
17872,functional
69775,functional
64417,non functional
28367,functional
71779,functional
44090,non functional
48709,non functional
12337,functional needs repair
53363,functional
65637,non functional
4194,functional
43881,non functional
25944,functional
45136,functional
45015,non functional
14155,functional
24338,non functional
11319,non functional
63092,functional
61301,non functional
27454,functional
69166,non functional
50723,functional
38830,non functional
4205,functional
18968,non functional
47136,functional
66910,functional
28305,non functional
39494,functional
40849,functional
47230,functional
25633,functional
28674,non functional
68505,functional
65102,functional
15721,non functional
41247,functional
64141,functional
14889,non functional
71691,non functional
70607,functional needs repair
25796,functional
32562,functional
48305,functional needs repair
10674,functional
59811,functional
38257,non functional
8669,non functional
20749,non functional
62716,non functional
49435,functional
35213,non functional
70549,functional
18617,non functional
58204,non functional
36174,non functional
24314,functional
4659,functional needs repair
55728,functional
43226,functional
59399,functional
35194,functional
7020,functional
3392,non functional
14616,non functional
49390,non functional
29818,functional
28905,functional
25267,non functional
29637,non functional
40926,functional
53269,functional
26029,functional
7311,functional
72589,functional needs repair
13553,functional needs repair
38591,non functional
28587,functional
64707,functional needs repair
65589,functional
53909,functional
29575,non functional
12838,functional
42410,functional
54364,functional
68949,functional
72413,functional
70686,functional
20168,functional
38198,non functional
63683,non functional
53432,functional
45947,functional
19944,functional
1325,functional
35719,non functional
66673,functional
63451,non functional
63685,functional
15709,functional
58573,functional
41482,functional
66190,functional
38689,functional needs repair
60598,functional
73300,functional
51646,functional
25185,non functional
38552,functional
45340,non functional
67074,functional
6128,functional
9188,non functional
55355,functional needs repair
19055,functional
7259,functional needs repair
10916,non functional
43400,functional
65104,non functional
18037,functional
1063,non functional
43908,functional
3653,functional needs repair
20669,non functional
63897,functional
66414,functional
9395,functional
56978,functional
66464,non functional
72421,non functional
50952,non functional
11397,functional
71492,functional
13747,functional
60595,functional
63328,non functional
1336,functional
18428,functional
8435,non functional
67123,functional
45788,non functional
29904,non functional
25875,non functional
31014,non functional
17605,functional
21382,non functional
54557,functional
19078,non functional
32911,functional
24617,non functional
31511,functional
49053,functional needs repair
71577,non functional
69256,non functional
22528,non functional
25997,non functional
31757,non functional
9020,functional
24043,functional
51272,non functional
69064,functional
36359,functional
51915,functional needs repair
64122,functional
33307,non functional
69614,non functional
30925,functional
14572,functional
68306,functional
4716,non functional
72831,functional needs repair
10288,functional needs repair
17881,functional
58558,non functional
9632,functional
31632,functional
28074,functional
12071,non functional
16433,functional
50160,functional
22840,functional
41828,functional
70370,non functional
26090,non functional
61333,functional needs repair
6498,functional
14558,functional
13860,non functional
2934,functional
73884,functional
70978,non functional
29803,non functional
28880,functional
24248,functional
47908,functional
64648,non functional
31911,functional
38461,non functional
72000,functional
25553,functional
13074,non functional
73185,non functional
72483,non functional
59938,functional
65563,functional needs repair
13699,functional
2143,functional
31661,non functional
10062,functional
30765,functional
39020,functional
49527,non functional
27709,functional
9000,functional
20170,functional needs repair
42742,functional needs repair
55084,functional
69915,non functional
47393,non functional
44127,non functional
65054,functional
22340,functional
43063,non functional
23989,non functional
60767,functional
69183,non functional
32982,functional
54846,non functional
29230,functional
28581,non functional
29759,functional needs repair
44293,non functional
20797,functional
9091,functional
67721,functional
12781,functional
32783,non functional
17845,non functional
68826,non functional
72303,functional
14355,functional
22592,functional
36496,non functional
23211,non functional
62973,functional
12499,functional needs repair
27392,non functional
58569,functional
2531,non functional
15417,non functional
35166,functional
4914,non functional
70481,non functional
60689,functional
62996,functional needs repair
60544,non functional
72964,functional
12505,non functional
63480,functional
14253,functional
47656,functional
42152,non functional
64498,non functional
41061,functional
29282,non functional
68216,functional
74082,non functional
23455,non functional
40257,functional
1727,functional
52097,functional needs repair
52498,functional
36325,functional
26294,functional
54539,functional
59279,functional
68715,non functional
16085,functional
58556,functional
62472,functional
43767,functional
66927,non functional
27155,non functional
12848,functional
34981,non functional
32809,functional
52252,functional
22023,functional
17372,functional
70110,functional
63476,non functional
35261,functional
6778,functional
13274,functional
3899,non functional
25289,functional
34253,functional
66909,functional
66186,functional
12009,functional
69273,non functional
50587,non functional
23329,non functional
25395,non functional
63667,functional
36429,functional
36437,functional
49542,functional needs repair
44985,non functional
15710,non functional
57579,non functional
52236,functional
478,functional
1124,non functional
11493,functional
70455,functional
51614,non functional
30782,non functional
53986,functional
73935,functional
24538,non functional
39918,non functional
11485,non functional
25522,functional
31174,non functional
14814,functional
73401,non functional
30552,non functional
435,functional
70452,non functional
15791,non functional
45562,functional
61457,functional needs repair
47294,non functional
39069,functional
60655,functional
17825,functional needs repair
59133,functional
8874,functional
32186,functional
28286,functional needs repair
65972,functional
19619,functional needs repair
17882,functional
27711,functional
10269,functional
51506,non functional
20428,non functional
47605,functional
14292,functional
438,non functional
31432,functional
9572,functional
38604,functional
9866,functional
20979,functional
41571,non functional
29873,functional
25288,functional needs repair
33110,functional
47543,functional
7998,functional
28120,functional
72337,functional
61423,functional
62519,non functional
21014,functional
25036,functional
26883,functional
55283,non functional
33892,non functional
67917,functional
26107,non functional
16463,functional
54594,non functional
69619,functional
50380,functional
73685,functional
62300,non functional
11593,functional
5412,non functional
30767,functional
34436,non functional
19047,functional
13701,functional
12270,functional needs repair
15449,functional
39672,functional needs repair
72174,non functional
68906,functional
46059,functional
37955,functional
48482,non functional
9431,functional
49161,functional
47814,functional
47674,non functional
19820,functional
73224,functional
12856,non functional
15337,functional needs repair
1548,non functional
56405,functional
5192,functional
6058,functional
47445,non functional
32630,non functional
1134,non functional
64829,functional
27097,non functional
16492,functional
8769,non functional
15081,functional
9238,functional
71190,functional
11954,functional
23417,non functional
37170,non functional
22149,functional
53454,non functional
21515,functional
70401,non functional
37009,functional
29980,non functional
51561,non functional
69880,non functional
26045,functional
72861,non functional
53394,non functional
15530,non functional
17314,functional needs repair
7367,functional
67872,functional
46832,functional
36193,non functional
50050,functional
55610,functional
36689,functional needs repair
16042,functional
17056,non functional
28260,functional
6562,non functional
1423,functional
50752,functional
18513,non functional
11478,functional
44778,functional
37934,functional
9026,non functional
50988,functional
16028,functional
22832,functional
44240,functional
60449,functional
42409,non functional
5580,non functional
29711,functional
48953,functional
74159,functional
150,functional
68657,non functional
1477,functional
32818,functional
47557,functional needs repair
68652,non functional
29643,non functional
15055,non functional
4291,non functional
49664,functional
63680,non functional
46846,non functional
49672,non functional
51662,non functional
8370,functional
8466,functional needs repair
8276,functional
50593,non functional
34350,non functional
5633,functional
29959,functional
59930,functional
5831,functional
40088,functional needs repair
25441,functional
22582,functional
134,functional
20129,non functional
19895,functional
5929,functional
45655,functional
39066,functional
59530,functional
61561,functional needs repair
33329,functional
30783,non functional
3846,non functional
3299,functional
63676,non functional
64572,non functional
29957,functional
72244,functional
39303,non functional
2384,functional
21651,functional needs repair
22008,functional
41267,non functional
18920,functional
12560,functional
33870,functional
29827,non functional
48004,functional
42423,functional
5829,non functional
15951,non functional
22208,functional
52400,functional
52559,functional needs repair
8665,functional
54329,functional needs repair
69851,non functional
72763,non functional
62563,non functional
73037,functional
53386,functional
33876,functional
2081,functional
17767,functional
49211,functional
46879,functional
65419,functional
18855,non functional
32383,functional
36272,functional
43655,non functional
26948,non functional
19476,non functional
46939,functional
12651,functional
55211,functional
15842,functional
41437,functional
55892,functional
73077,functional
69582,functional needs repair
9347,functional needs repair
59987,functional
49525,functional
24420,functional
67163,functional
41734,functional needs repair
28666,functional
49241,functional
15132,functional
11367,functional
29822,non functional
49039,functional needs repair
37693,functional
29497,functional
36136,non functional
57435,functional
54830,functional
12380,functional
48564,functional
2124,functional
3366,functional
35954,functional
31855,non functional
62260,functional
42242,functional
70700,non functional
16294,functional
50962,non functional
47391,functional
71924,non functional
67152,functional
3963,functional
70887,functional
11119,functional
62782,functional
57107,non functional
59591,functional needs repair
63832,non functional
61408,non functional
13148,functional needs repair
1518,functional
38018,functional
21489,non functional
7704,non functional
40449,functional
35594,functional
22571,non functional
2844,functional
54123,non functional
44129,functional
50163,functional
21293,functional
1076,functional
56420,functional
33137,functional
31398,non functional
50764,functional
23791,functional
56302,functional
3946,functional
39050,non functional
62707,functional
4605,non functional
59474,non functional
33830,non functional
31514,functional needs repair
19853,functional
20383,functional
12122,functional
44544,non functional
67181,functional
501,functional
16698,functional
44250,functional
68066,functional
38837,functional
64027,functional
49772,functional
2373,functional
41720,non functional
73669,functional
31625,functional
26612,functional
26352,functional
37993,functional
36668,functional
6322,non functional
32620,non functional
59007,functional
3880,functional
20596,functional
45313,functional
20050,functional
73417,functional
62049,non functional
21598,non functional
50222,functional
39515,functional
43321,non functional
29415,functional
62713,non functional
57891,functional
71155,functional
56597,functional
11559,functional
3709,functional
17750,non functional
21271,functional
29348,non functional
27759,non functional
34045,functional
35002,functional
68258,non functional
43870,functional
46758,functional
52240,functional
48293,functional
54703,functional
46293,functional
70953,functional needs repair
59548,non functional
69142,functional
73651,functional
9022,functional
699,functional
25071,functional
59469,functional
19002,non functional
51533,functional needs repair
25818,functional
64108,functional
38079,functional
32853,non functional
25861,non functional
35274,functional
20846,non functional
6910,non functional
4241,non functional
50793,functional
54764,non functional
52870,non functional
16173,functional
65755,functional
56981,functional
978,functional
29499,functional
59214,functional
25794,functional
64600,non functional
59636,functional
37936,functional
66193,non functional
22522,non functional
10070,functional
62529,functional
18670,non functional
60759,functional
51764,non functional
40993,functional needs repair
4125,non functional
61635,functional
66380,functional
12130,functional
62918,non functional
8773,non functional
67772,functional
52455,functional
6415,functional
13060,non functional
31907,functional
37393,non functional
6298,functional
11640,non functional
54444,functional
43639,functional
13478,functional
73383,non functional
15091,non functional
24622,functional
97,non functional
10036,functional
61383,functional
43610,functional
13018,non functional
49957,functional
65664,functional
32433,non functional
54613,non functional
14866,functional
25376,functional
73920,non functional
72207,functional
65112,non functional
13311,non functional
16514,non functional
53312,functional
44197,non functional
23448,functional
29946,functional
28828,functional
53485,functional
32441,non functional
59787,non functional
45321,functional
47937,functional
38063,non functional
26467,functional
42821,functional
60284,functional
59872,non functional
59776,functional
66628,functional
36480,functional
2346,non functional
7908,functional
68771,non functional
9645,functional
49998,functional
56225,functional
23506,non functional
8271,functional
67319,functional
22274,functional
28067,functional
31380,non functional
59697,functional needs repair
50676,functional
58675,non functional
61254,non functional
29971,non functional
49883,non functional
43288,functional
32480,functional
31195,functional
1041,functional
57282,non functional
27676,functional
72291,functional
5926,non functional
50269,functional
59971,functional
43834,non functional
67986,functional
55249,non functional
26264,functional
62003,non functional
34864,non functional
21309,functional
19609,functional
49392,non functional
26694,functional needs repair
31434,functional
32570,functional
53690,functional
5120,non functional
23623,non functional
63307,non functional
37061,functional
17072,functional
37742,functional
13525,functional
20444,non functional
70571,non functional
46813,non functional
49189,non functional
20136,functional
16677,functional
33411,non functional
65718,functional
27586,functional
7485,functional
18098,functional
3975,functional
62913,non functional
54516,functional
9071,functional
52948,functional
49038,functional
42465,functional
43892,functional
54208,functional
11578,functional
64976,functional
30156,non functional
43567,non functional
69058,functional
24828,non functional
60785,functional
37445,functional
1662,functional
43360,functional
65286,functional needs repair
9808,functional
12899,functional
33664,functional
44934,functional
28166,non functional
60642,functional
49055,functional needs repair
50447,non functional
24839,functional
355,functional
10917,functional
27145,functional
66672,functional
37371,functional
37443,functional
64007,non functional
31269,non functional
45512,non functional
1825,functional
21304,functional
60143,functional
61701,non functional
49103,functional
64790,non functional
25160,functional
4726,functional
20088,functional
16571,non functional
52894,non functional
25217,functional
60673,functional
74002,non functional
50188,functional
44007,non functional
66697,non functional
64297,non functional
69165,non functional
70826,non functional
24873,functional
33759,non functional
41877,functional
30562,functional
55874,non functional
20757,functional
29723,functional
15414,non functional
17673,functional needs repair
8520,non functional
39228,functional
53527,functional
40302,functional
13362,non functional
66071,functional
36575,functional
46251,functional
37554,functional
10839,non functional
55865,functional
67887,non functional
57359,functional
35912,non functional
63572,non functional
8961,non functional
67995,non functional
58487,functional needs repair
70840,functional
19973,non functional
63825,functional
39030,functional
18323,functional needs repair
67233,non functional
62863,functional needs repair
66314,functional
48748,non functional
13673,non functional
34371,functional
37401,functional
12742,functional
66894,functional
46874,non functional
36261,non functional
27910,functional
378,functional
52227,non functional
54542,functional needs repair
57397,functional
57285,functional
43034,functional
22982,non functional
22360,non functional
70487,functional
40645,functional
46041,functional
43439,non functional
34132,functional needs repair
30593,functional
57443,functional
3053,functional
1255,functional
28005,non functional
56675,functional
63110,non functional
73946,functional
13544,non functional
6855,non functional
69397,functional
5030,non functional
10074,non functional
22709,non functional
66752,functional
45041,functional
53187,non functional
15203,functional
900,non functional
13718,functional needs repair
13397,functional
23474,functional needs repair
51208,non functional
17371,functional
367,functional
42200,non functional
6861,non functional
72614,functional
174,non functional
25128,non functional
46687,functional
44164,functional
28199,functional
16409,non functional
60697,functional needs repair
46749,non functional
66601,functional
13099,functional
74100,non functional
67681,functional
55062,non functional
73098,functional
6231,functional
47721,functional
22894,non functional
34886,functional
38331,functional
37000,functional
24401,non functional
24150,functional needs repair
18082,functional needs repair
30444,non functional
70488,non functional
33498,functional
39441,functional
18494,functional
60322,functional
8165,non functional
52954,functional
44500,functional
61773,non functional
43897,functional
44829,functional
9616,non functional
20423,non functional
18805,functional
60292,functional
35373,functional
61273,functional
13408,non functional
31502,functional
62980,functional
56182,non functional
43527,functional
62440,functional
49778,functional
20274,functional
44649,non functional
66733,functional
56255,non functional
55951,functional
57087,functional
4734,functional
47273,functional
39353,functional
56293,non functional
9621,functional
12186,functional
52424,non functional
36383,functional needs repair
35843,non functional
64746,functional
330,functional
50651,non functional
50745,functional
366,non functional
24,non functional
17208,functional
24249,non functional
22404,functional
45482,non functional
26559,functional needs repair
47934,non functional
19673,functional
2145,functional
67764,non functional
64486,functional
62710,functional needs repair
14222,functional
3229,functional
48495,functional
9625,functional
15096,functional
58336,non functional
21454,non functional
24947,functional
51409,non functional
10787,functional
73042,non functional
63834,functional
4544,non functional
37138,non functional
60760,functional
42291,non functional
33319,functional
49895,functional
31497,functional
42037,non functional
36303,non functional
14589,functional
15677,non functional
45106,functional
12595,functional
44987,non functional
28232,non functional
21871,non functional
16966,non functional
22850,non functional
22957,functional
8255,functional
2912,functional
67238,functional
675,non functional
8386,functional
13889,functional
46104,functional
63971,functional needs repair
12257,non functional
7536,non functional
2171,functional
51382,non functional
28479,functional
20416,functional
4488,non functional
48650,functional
11076,functional
54316,functional
60523,functional
50769,non functional
15063,non functional
3683,non functional
14745,non functional
7023,non functional
64309,functional
1643,functional
30541,functional
28767,functional
42629,functional
19892,functional
72813,functional
21196,non functional
27874,non functional
32985,non functional
50216,functional
47289,functional needs repair
5085,functional
26917,functional
38621,non functional
65568,non functional
16557,functional
55549,non functional
27391,functional
35561,non functional
58367,functional
35580,functional
1007,functional
16489,functional
68788,non functional
25785,functional needs repair
55883,non functional
63434,functional
52602,non functional
42105,functional
32373,non functional
62876,functional
5372,non functional
31496,functional needs repair
62047,non functional
66713,functional
17876,functional
25414,functional
53756,non functional
35206,functional
25151,functional
58922,functional
28775,functional
616,functional
15943,non functional
26129,functional needs repair
67563,non functional
56824,functional
7769,functional
350,non functional
1391,functional
328,functional
49114,functional
64964,functional
28832,functional
25405,functional
42241,functional
33393,non functional
29790,functional
55867,functional
25696,functional needs repair
47765,functional
18130,non functional
1004,functional
1552,non functional
29039,functional
34502,non functional
65156,functional
56883,non functional
48200,functional
26937,non functional
55871,functional
64774,functional
57026,non functional
10970,non functional
30798,functional
59425,functional
39834,functional
51186,functional
36415,non functional
59272,non functional
30066,functional
67997,functional
16131,non functional
7527,functional
23321,functional
55268,functional
6846,non functional
6026,functional
38782,functional
44413,functional
49191,functional
20731,functional
61524,functional
39133,non functional
65116,non functional
27923,non functional
56676,functional
69212,non functional
54449,functional
38178,non functional
5931,non functional
63581,functional
9057,functional
46011,functional
67129,functional needs repair
7635,non functional
7631,non functional
10300,non functional
47137,non functional
58140,functional
45119,functional
27785,functional
5338,non functional
27345,functional
32240,non functional
69967,functional
66736,non functional
69484,functional
63506,non functional
53377,functional
54299,functional
6629,functional
57008,non functional
54981,non functional
23778,functional
10123,functional
51386,functional needs repair
15753,functional
10735,functional
20739,functional
12642,non functional
4283,functional needs repair
14257,non functional
3316,non functional
26271,functional needs repair
45055,non functional
19997,non functional
49687,non functional
35364,functional
73349,non functional
31050,functional
62211,non functional
19776,functional
5938,functional
29954,non functional
1037,functional
63004,functional needs repair
5198,functional
54048,functional
48815,functional
8256,non functional
52711,functional
71318,non functional
54379,functional
18817,functional
26556,non functional
47177,functional
17841,non functional
30960,functional
26418,non functional
68525,functional
54433,functional
34311,non functional
45020,functional
56945,functional
24246,functional
19159,functional
3118,non functional
16062,functional
2917,functional
20378,non functional
29063,non functional
69694,non functional
20919,functional
14839,functional
29227,functional
7117,functional
71381,non functional
4783,non functional
28006,non functional
33144,non functional
66732,non functional
17619,functional
7028,functional needs repair
12999,non functional
17081,functional
3607,non functional
28503,functional
58669,functional
52128,functional
51597,non functional
16506,functional
3383,functional
72785,non functional
66056,functional
73132,functional
36815,functional
69652,non functional
15328,functional
31748,functional
10596,functional
34617,functional
35209,non functional
44731,non functional
434,functional
24160,functional
3367,functional
48573,functional
37841,non functional
66357,functional
53570,functional
9978,non functional
11647,non functional
62040,functional
12581,non functional
61323,non functional
56028,functional
55532,non functional
47074,functional
29091,functional
54787,non functional
66644,functional
69216,functional
9170,non functional
27985,functional
33947,functional
28590,functional
48736,functional
54258,non functional
362,functional
47242,functional needs repair
66099,functional
53175,non functional
35502,functional
23654,functional
18489,functional
4511,non functional
38346,functional
19555,functional needs repair
41288,functional
28290,functional
42095,functional
66963,functional
44759,non functional
17517,non functional
1563,functional needs repair
67170,functional
14538,functional
63905,non functional
72724,functional needs repair
50578,functional
8967,non functional
45503,functional
59595,functional needs repair
65769,non functional
71854,functional needs repair
57000,functional
46762,functional
22542,functional
31226,non functional
2752,non functional
70061,non functional
42827,non functional
37022,non functional
40474,functional needs repair
25052,non functional
52495,functional
23478,functional
59269,functional
39738,functional
69625,functional
14736,functional
68468,functional
9885,functional
18801,non functional
67117,non functional
22996,functional
29907,functional
42652,functional
8902,non functional
16050,non functional
47522,non functional
18724,functional
71819,functional
28559,non functional
17003,functional
48711,functional
20431,functional
6108,functional
52082,non functional
25599,functional
10434,non functional
71286,non functional
43056,functional needs repair
46245,functional
55745,non functional
69801,non functional
32862,functional
22253,non functional
6699,functional
16552,functional needs repair
57001,non functional
55135,non functional
66627,functional
50662,functional needs repair
4258,functional
11931,non functional
72194,functional
65403,non functional
7265,functional
60629,functional
33217,non functional
62593,non functional
70948,functional
30204,non functional
74000,non functional
11455,non functional
47678,functional
590,non functional
39603,functional
60019,functional
36010,functional
54426,functional
39721,functional needs repair
8947,functional needs repair
31111,non functional
7659,non functional
67686,non functional
34909,functional
9737,non functional
51535,non functional
51946,functional
56998,functional needs repair
58754,functional needs repair
9804,functional needs repair
5597,non functional
59236,functional needs repair
69727,non functional
68052,non functional
38286,non functional
7362,non functional
61816,non functional
49415,non functional
4327,functional
199,functional
47104,non functional
50955,functional
27497,functional
21740,functional
10747,functional needs repair
57606,functional
70189,functional needs repair
65466,functional
13062,functional
4785,functional
52649,functional needs repair
6083,functional
66478,non functional
18815,functional
68232,functional
18877,functional
9851,non functional
54834,functional
62577,functional
38692,non functional
28571,functional
18448,non functional
63497,non functional
20350,non functional
28104,functional
53623,functional
32093,functional
66151,non functional
6714,functional
56547,functional
5481,functional
49702,functional
17705,non functional
21785,functional
59079,functional
40621,functional needs repair
68213,functional needs repair
2969,non functional
43430,non functional
10960,functional
62686,functional needs repair
51207,non functional
546,non functional
1422,functional
49098,functional
29906,functional
74120,functional needs repair
48890,non functional
15547,non functional
816,functional
12780,functional
35709,functional
5180,non functional
55039,functional
44271,functional
7650,functional
51951,non functional
43145,functional
42793,functional needs repair
3919,functional
54051,non functional
22227,functional
35774,non functional
34362,functional
73022,functional
71575,functional
67114,functional
6323,non functional
19303,functional
44100,functional
22106,non functional
8367,functional
2042,non functional
58479,non functional
1026,functional
5202,non functional
28222,functional
40359,non functional
27225,non functional
55011,functional
8072,functional
72745,functional
68920,functional
48239,non functional
34136,functional
15332,non functional
15504,functional
63882,functional
19060,functional
70075,non functional
27779,functional
43368,functional needs repair
22875,functional
48506,functional
70222,functional
27555,functional
51724,functional
56643,non functional
29423,non functional
24740,non functional
63894,non functional
18871,non functional
55207,functional
8833,non functional
12428,non functional
3989,functional
47757,non functional
55156,functional needs repair
71532,non functional
1487,functional
35637,functional
69539,non functional
68355,functional
60468,functional
23645,functional
51554,non functional
73250,non functional
53693,functional
71137,functional
31021,functional
62290,functional
14347,functional
63654,functional needs repair
35359,functional needs repair
15198,functional
25275,non functional
51785,non functional
46661,non functional
69958,functional
44217,functional
54723,non functional
1346,non functional
25106,functional
66874,functional
41055,functional
3468,non functional
62021,functional needs repair
59461,non functional
17308,functional
19169,functional
73296,non functional
35424,non functional
40362,functional
5939,non functional
17737,functional
63210,non functional
15703,functional needs repair
38527,functional
2291,functional
21306,non functional
71694,functional
8153,functional
3851,functional
57301,functional
12326,functional
44986,non functional
64938,functional
40348,functional
35265,functional
69734,functional
17084,non functional
43798,functional
56380,non functional
26230,non functional
64753,non functional
19441,functional
25054,functional
63493,functional
14327,non functional
23487,functional
27258,functional
61367,non functional
28589,functional
26766,functional
29526,functional
9166,functional
36269,non functional
3067,non functional
52902,functional
53162,functional
54807,functional
16518,non functional
5073,functional
14563,functional needs repair
63144,functional
1959,functional
30061,functional
61460,functional
60845,functional needs repair
71504,functional needs repair
8297,functional
5341,functional
62741,non functional
56513,functional needs repair
10453,functional
44793,functional
5261,functional
71799,non functional
46172,functional
25561,functional
15532,functional
27795,non functional
47594,non functional
23473,functional
10688,functional
19812,non functional
3131,functional
3261,functional
56281,functional
15783,functional
1658,functional needs repair
46379,functional
63972,functional
45185,non functional
48735,functional
12865,functional
69710,functional needs repair
64067,non functional
64677,functional
5125,functional
26842,non functional
21485,functional
40233,functional
27321,functional
9439,non functional
53879,non functional
68877,non functional
74067,functional
10046,non functional
39342,non functional
4325,functional
40706,non functional
10449,functional
16661,functional
58665,functional
16921,non functional
11659,functional
49025,functional
3494,functional
47371,non functional
66656,functional
14358,functional
49012,functional
71477,non functional
66828,functional
69303,functional
45016,functional
69004,non functional
64933,functional
63089,functional needs repair
22544,functional
67740,non functional
59372,functional
6814,functional
29864,non functional
62592,non functional
11642,non functional
47164,functional
16225,functional
31791,non functional
8014,functional needs repair
43006,functional
19719,functional
24724,functional
53494,functional
59590,functional
63136,functional
35642,functional needs repair
44586,non functional
9227,non functional
25592,functional
55044,functional
10040,non functional
68165,functional
65655,non functional
57308,functional
7556,functional
71727,functional
68201,functional needs repair
67053,functional
2924,functional
3011,functional
68202,functional
34712,non functional
72962,functional
31024,functional needs repair
18210,functional
31526,non functional
65216,functional
32387,functional needs repair
33359,functional
25073,non functional
25685,functional needs repair
7076,functional
63814,non functional
55539,functional
55970,functional
8865,non functional
26194,functional
26005,functional
25426,non functional
73742,functional
46409,functional
1044,functional needs repair
36217,functional
7131,non functional
31022,functional
61451,non functional
48190,non functional
12953,functional
9923,functional
68875,functional
48984,functional
57007,functional
38191,non functional
71096,functional
37256,non functional
39208,functional
20106,functional
71672,non functional
21374,functional needs repair
43421,functional
28081,non functional
54359,functional
24148,functional
36008,non functional
25664,functional
58936,functional
48054,non functional
17966,non functional
72658,functional
18515,functional
68102,non functional
68352,non functional
40298,functional
32128,functional
2928,non functional
58505,functional
55552,functional
65376,functional
39506,functional
72878,functional
65852,functional
58544,functional
36000,non functional
64680,functional
57710,non functional
29253,non functional
33276,functional
64899,functional
33734,functional needs repair
45924,non functional
69978,functional
66463,non functional
3630,functional
6641,functional
53289,functional
40723,non functional
23753,functional needs repair
2819,functional needs repair
44089,functional
60231,functional
67700,non functional
36457,functional
55955,functional
46406,non functional
60474,functional
33158,functional
6312,functional
69892,non functional
15576,non functional
27499,non functional
53388,functional
70623,functional
16358,non functional
49912,functional
60127,non functional
3209,non functional
72227,non functional
1755,functional
14065,non functional
72717,functional
9767,functional needs repair
62087,non functional
63239,non functional
56475,functional needs repair
61057,functional
34184,functional
61212,non functional
8767,non functional
55401,functional
58674,functional
58238,functional needs repair
12864,functional
39514,non functional
27508,functional
74192,non functional
25210,non functional
50932,non functional
45919,non functional
14037,non functional
55499,non functional
37178,functional
57751,non functional
44629,non functional
9040,non functional
66422,functional
31989,non functional
42219,functional needs repair
6494,functional
20479,non functional
7615,functional
55457,functional
68885,non functional
61291,non functional
64226,functional
58670,functional
9876,non functional
26385,non functional
43630,functional
3303,functional needs repair
9177,functional
72201,functional needs repair
24503,non functional
13457,non functional
26865,non functional
49691,functional needs repair
40728,non functional
16344,functional
62772,non functional
42144,functional
18476,functional
30458,functional
17196,functional
56291,functional
26534,non functional
51671,non functional
68784,non functional
70047,functional
63006,functional
28808,non functional
37821,functional needs repair
5190,non functional
26319,functional
10543,functional
27439,functional
39184,functional
8957,non functional
3477,non functional
47602,non functional
57554,functional
18035,non functional
31386,functional
40454,functional
13936,functional
18447,non functional
40743,non functional
68785,functional
597,functional
62374,functional
6769,functional
19478,non functional
58822,non functional
49251,functional
43200,functional
10334,functional
47313,functional
22987,functional
18541,non functional
41279,non functional
55591,functional needs repair
30280,functional
21407,non functional
41443,functional needs repair
51109,functional
16948,functional
42893,functional
5368,functional
50272,functional
11177,non functional
17162,functional
43864,functional needs repair
52969,functional
21555,functional
1208,functional
6525,functional
45085,functional
1886,functional
61602,non functional
12947,functional
28082,non functional
50147,functional
12810,functional
18101,functional
65275,non functional
8404,functional needs repair
52221,functional
56995,functional
54129,functional
12882,functional
42251,non functional
64544,non functional
16581,non functional
37397,functional
4318,functional
40594,functional
47338,non functional
25318,non functional
66219,functional
59057,functional
46189,functional needs repair
20405,non functional
22150,functional
61066,non functional
14132,functional
27801,functional
148,non functional
11745,functional
56714,non functional
17999,functional
50263,non functional
41449,non functional
3384,non functional
67183,non functional
4756,functional needs repair
10982,non functional
52225,functional
5920,functional
45582,non functional
57865,functional
52261,functional
43956,functional
46003,functional
59973,non functional
22326,functional
50720,non functional
53841,functional needs repair
61429,non functional
19716,functional
9837,functional
53268,non functional
32157,non functional
15422,non functional
34321,functional
20972,non functional
12037,functional
66011,functional
25594,functional
52385,functional
64946,functional
27811,functional
20543,non functional
42910,non functional
62197,functional
21072,non functional
6184,functional
1080,functional
4864,non functional
12008,functional
40496,non functional
32087,functional
55450,functional
4859,non functional
11071,functional
4934,functional
15610,functional
32174,non functional
69263,functional
51484,functional
63546,non functional
16983,non functional
29256,functional
5490,non functional
6103,non functional
35062,functional
5815,functional
20790,functional
55099,functional
40443,functional
38791,non functional
36773,functional
8838,functional
66021,non functional
6097,functional needs repair
12356,functional
30816,functional
60892,functional
70849,functional
36764,functional
54987,functional
45452,functional
48280,functional needs repair
64184,non functional
14875,non functional
32309,functional
10253,functional
45473,functional
30569,functional
37913,non functional
57552,functional
40604,functional
34165,functional needs repair
74229,functional
39357,functional
27524,non functional
74139,functional
4865,functional
30123,non functional
39960,non functional
71925,functional
56181,non functional
11713,non functional
29115,non functional
45640,non functional
56053,functional needs repair
56127,non functional
8933,functional
19794,functional needs repair
36318,non functional
67899,non functional
31811,functional
9891,functional
6290,functional
20289,functional
34052,non functional
28088,functional
30411,functional
64361,non functional
39,functional
50847,functional
24869,functional
28310,functional needs repair
61960,non functional
18565,non functional
72626,functional
70013,functional
1823,functional
58856,functional
62240,non functional
49891,functional
836,functional
11595,non functional
12691,functional
49321,non functional
34156,functional
42878,functional
28400,functional
38371,functional
53246,non functional
59620,functional
72863,functional
57047,functional
10223,functional
39185,functional
72402,functional
38094,non functional
25451,functional
12305,non functional
8088,functional
29263,non functional
4010,non functional
41623,functional
8368,functional needs repair
61303,functional
14311,functional needs repair
1402,functional
22994,non functional
42311,functional needs repair
71372,functional
6936,functional
34384,functional
12817,functional
33797,non functional
27376,functional
45893,non functional
14603,functional
33631,non functional
20374,non functional
33189,non functional
43245,functional
57302,functional
27572,functional
54440,functional
49112,non functional
23588,functional
7822,non functional
44969,non functional
59981,functional
60556,functional
48034,functional
25050,functional
60008,non functional
17832,functional
28168,functional
5826,non functional
51262,functional
60304,functional
31934,functional
48801,functional
41240,functional
1736,functional
58648,non functional
32629,non functional
12836,functional
28073,functional
63157,functional
28433,functional needs repair
12960,non functional
33271,non functional
35114,non functional
21627,functional
61234,functional
34906,non functional
26835,non functional
24098,functional
10617,non functional
43703,non functional
39480,non functional
34326,functional
6834,functional
69818,non functional
44749,functional
25061,functional
64434,non functional
42600,functional
70021,functional
7920,functional
20551,functional
47032,non functional
59940,functional
58113,functional
42155,functional
9222,functional
19119,functional
2379,functional
23602,non functional
24227,non functional
61313,non functional
53231,non functional
25682,non functional
46619,functional
7473,functional
49945,non functional
68648,functional
33097,functional
60054,functional
25871,non functional
64720,non functional
36941,non functional
2350,functional
58182,functional
37131,functional
55429,functional
20300,non functional
21905,non functional
40901,non functional
47899,functional needs repair
5991,functional
58571,non functional
61296,non functional
66441,non functional
31480,non functional
24852,non functional
42160,functional
17748,functional
26407,functional needs repair
21115,non functional
25711,functional
46140,functional
70975,functional
52532,functional
37972,functional
6605,non functional
30224,functional
24767,functional
68735,functional
51334,functional needs repair
47372,non functional
35088,functional
42711,functional needs repair
18693,non functional
48939,functional
34196,functional
40714,non functional
14124,non functional
54313,non functional
13213,non functional
52443,functional
10912,non functional
48732,non functional
21175,non functional
2315,functional
52233,functional
33073,functional
50816,functional
72081,non functional
19059,functional
41847,functional
40037,functional
248,functional
51419,non functional
515,non functional
51347,non functional
47821,non functional
15229,non functional
31120,non functional
43440,non functional
29568,non functional
8282,non functional
29779,non functional
11219,functional
41619,functional
63784,functional
11966,non functional
21721,functional
43720,non functional
62514,functional
64086,non functional
43771,non functional
70171,non functional
540,non functional
25168,functional
52497,functional
63816,non functional
60003,non functional
53415,functional needs repair
63026,functional
47339,functional
71931,functional
35141,functional
22944,functional needs repair
20352,non functional
33058,functional
34148,functional
49347,functional
14279,functional
8644,functional
65408,functional
48739,functional
13102,functional
15272,functional
8820,functional needs repair
15493,functional
23339,functional
72506,functional
70898,non functional
43741,non functional
57733,functional
37514,functional
30094,functional
44076,functional
20591,functional
21163,functional needs repair
422,functional
58358,functional
4031,functional needs repair
50763,non functional
3234,functional
63523,non functional
9544,non functional
13090,non functional
39026,functional needs repair
19868,functional
63153,non functional
32367,non functional
24514,functional
72409,functional
25612,functional
58189,non functional
30160,functional
50065,functional
29539,non functional
73719,functional
39724,non functional
57965,functional
47093,functional needs repair
7049,non functional
49833,functional
27472,functional
39988,functional
73822,functional needs repair
7881,functional
46689,functional
22704,functional
5461,non functional
18268,functional
73054,functional needs repair
7395,functional
44344,non functional
41172,functional
67372,functional
73278,functional
35855,functional
22043,functional
72791,non functional
56282,non functional
23812,non functional
7218,functional
54039,functional
56807,functional
26365,functional
69771,non functional
22755,functional
37792,non functional
48797,functional
34821,non functional
49554,functional
6072,functional
44521,functional needs repair
68858,functional
10615,non functional
31492,functional needs repair
40370,functional
30003,non functional
29960,functional
47499,functional
65859,non functional
9237,functional
64971,functional
20723,functional needs repair
17122,non functional
19403,functional
68071,functional
35271,functional
6884,functional
33641,non functional
39334,non functional
40784,non functional
67647,functional
16651,functional
40650,functional needs repair
25164,functional
21006,functional
17560,non functional
64480,functional
67031,functional
3884,functional
35109,functional
813,functional
51169,non functional
42449,non functional
69903,functional
53834,functional
12263,functional
35499,functional needs repair
31591,functional
5335,functional
39412,functional
69988,functional needs repair
23892,non functional
64597,non functional
35102,non functional
60427,functional
490,functional
27581,non functional
51761,functional
61454,functional
50202,functional
65095,non functional
62449,functional
66924,functional
34992,functional
57577,functional
59338,functional
64941,non functional
1307,non functional
7662,non functional
59823,functional
36925,functional
61354,functional
7121,non functional
57582,functional
42653,non functional
62515,functional
20819,functional
1304,functional
15792,functional
58199,functional
53127,functional
72008,functional
24167,functional
54503,functional
68139,non functional
11545,non functional
6732,non functional
50280,non functional
63987,non functional
51682,non functional
9201,functional
14887,functional
21286,functional
59525,functional
48491,functional
42205,functional
20927,functional
73318,functional
1920,non functional
5322,non functional
43371,non functional
7790,functional
18065,non functional
8049,functional needs repair
62269,functional
30708,non functional
39531,functional
40070,functional
21796,non functional
37777,functional
30406,non functional
23111,functional
40655,functional
59801,functional
60790,functional
40204,non functional
61838,functional
50474,functional
5208,non functional
53564,functional
47731,functional needs repair
36245,non functional
42116,non functional
57532,functional
30888,non functional
25377,non functional
23264,functional
28393,functional
55136,functional
55332,non functional
8870,non functional
45962,functional
35432,non functional
65627,non functional
65818,functional
48049,functional
52220,functional
24487,functional
5361,functional
15944,functional
61005,functional
66830,functional
4112,functional
10559,functional
4209,non functional
34435,non functional
67169,functional needs repair
6917,functional
15161,functional
63503,functional
13093,non functional
66684,functional
67973,functional
37250,functional
34392,non functional
6265,functional needs repair
11504,non functional
49921,functional
46463,non functional
23070,functional needs repair
73695,functional
35174,functional
23436,functional
22602,non functional
861,functional
72587,functional
22390,functional
40869,functional
688,functional needs repair
4240,functional
33034,functional
65491,functional
3414,non functional
3832,non functional
17924,functional
14401,functional
38252,non functional
48393,functional
24353,functional
47550,non functional
11136,functional
15074,non functional
18167,non functional
33801,non functional
35948,functional
28859,functional
44098,non functional
27272,functional
4120,non functional
4127,non functional
48214,functional
66484,non functional
67646,non functional
62272,functional
65270,functional
11858,functional
53463,functional needs repair
67497,non functional
24272,functional
54337,functional
50467,functional
16836,functional
37624,functional needs repair
35421,functional
33507,functional
47455,functional
5992,functional
40669,functional
71412,non functional
63442,functional needs repair
65201,non functional
11511,functional
6702,non functional
5227,functional
31841,functional
55715,functional
52517,functional needs repair
14278,functional
2632,functional
58220,functional
34550,non functional
15730,functional
39799,functional
35324,functional
28814,functional
140,functional
11612,functional
47563,functional
53815,functional
26035,functional
19562,functional
36633,functional
48353,functional
20357,functional
43686,non functional
33683,functional
25497,functional
8836,functional
34943,functional
45980,non functional
11606,functional
15748,functional
57284,functional
58218,functional
71523,functional
3387,functional
43521,functional
46408,functional needs repair
7509,functional
58710,functional
43186,functional
13506,functional
15502,non functional
60109,non functional
71881,functional
67250,non functional
33920,functional needs repair
56131,functional
43129,functional
53214,functional needs repair
13246,non functional
1395,functional
65673,functional
70909,non functional
56148,functional
33048,functional needs repair
44865,functional
947,functional needs repair
49221,functional
19212,functional
14176,functional
70945,functional
64389,functional
19156,functional
25084,non functional
31578,non functional
4183,functional
52276,non functional
28049,functional
71079,non functional
12397,functional
23336,non functional
40792,functional
14181,functional
15318,non functional
28802,functional
10450,non functional
65251,non functional
13791,functional
1360,non functional
57020,non functional
8373,non functional
32456,non functional
42540,functional
47863,functional
37727,functional
7987,functional
55767,non functional
7658,functional
16655,non functional
72604,non functional
24499,functional
16060,functional
20833,functional
14225,functional
777,functional
16044,functional
6995,non functional
56673,functional
69286,functional
59710,functional
9394,non functional
69451,non functional
20486,functional
62127,functional
19884,non functional
5100,functional
71508,non functional
18221,functional
57100,functional needs repair
37394,functional
17391,functional
68697,functional
24348,functional
23800,functional
49616,functional
41226,non functional
36059,functional
17730,functional
5585,functional
32197,non functional
3226,functional
46644,functional
22400,functional
22645,non functional
36991,functional
62038,non functional
19058,functional needs repair
3101,functional
48481,functional
29737,functional
30867,functional needs repair
61425,functional
45367,non functional
29709,functional
55463,non functional
70155,functional needs repair
45753,non functional
34751,functional
40897,non functional
37949,non functional
63633,functional
59283,non functional
21712,non functional
59153,functional
47706,functional
30342,non functional
31416,functional
48186,non functional
58794,functional
67477,functional
1627,non functional
67448,functional
15075,non functional
55165,functional
66290,non functional
58549,functional
10478,non functional
6971,functional
50293,functional
62532,functional needs repair
71446,functional
68180,non functional
47839,non functional
14517,functional
51767,functional
31468,functional
38161,functional
49197,functional
52123,non functional
29133,non functional
30494,functional needs repair
17142,functional
32329,functional
58302,non functional
68674,non functional
40872,non functional
9251,non functional
50755,functional
5426,functional
67351,functional
67394,non functional
70220,functional
22302,functional
7159,functional
36767,non functional
12802,functional
29196,non functional
54689,non functional
56051,non functional
16801,non functional
40017,functional
54650,non functional
15235,functional
51219,functional
59473,functional
3095,functional
50571,non functional
47579,functional
37202,functional
670,functional
51799,non functional
33736,non functional
35971,functional
39977,functional
61109,non functional
39248,functional needs repair
20351,non functional
58183,functional
17380,non functional
68450,non functional
52867,non functional
7257,functional
70606,functional
60392,functional
1995,non functional
17600,functional
9949,functional
47250,functional
31049,non functional
6241,non functional
23421,functional
67235,non functional
52127,functional
30187,non functional
3202,functional
65195,non functional
257,non functional
55065,functional
73366,functional
12046,functional
43195,functional
7285,functional needs repair
8099,functional needs repair
12309,functional needs repair
2880,functional
27181,non functional
14360,non functional
11428,functional
54526,functional
28020,non functional
58727,non functional
72995,functional
31428,functional
67251,non functional
73763,functional needs repair
37080,functional
21476,non functional
48931,functional
17293,non functional
5839,functional
31762,functional
44177,non functional
67808,functional
29763,non functional
68577,non functional
16909,functional
52888,non functional
6482,functional
33413,functional
52538,functional
63254,functional
56213,non functional
12016,functional
37024,non functional
21004,functional
3485,non functional
34979,functional
38353,functional
3086,functional
72576,functional
34400,non functional
22261,functional
9644,functional
36519,functional needs repair
23776,functional
68548,functional
47972,functional needs repair
21409,functional
178,functional
61343,functional
7092,functional
32039,non functional
39696,non functional
16097,functional
12381,non functional
30317,functional
10356,non functional
88,functional needs repair
4551,functional
39872,non functional
41317,functional
6747,non functional
43184,functional
29126,non functional
34379,functional
38295,non functional
52631,non functional
42320,functional
27899,non functional
50320,functional
44912,non functional
2816,functional
10723,functional
21093,non functional
38610,functional
38844,non functional
48886,functional
16790,functional
33156,non functional
56565,functional
32747,functional
69302,functional
42119,non functional
59613,functional
19941,non functional
38137,functional
51349,non functional
27840,functional
46012,non functional
15311,non functional
41110,functional needs repair
17434,non functional
40944,non functional
68012,non functional
14837,functional
4244,functional
38538,functional
13189,functional
15544,functional needs repair
72118,non functional
69227,non functional
29143,non functional
1837,functional
50162,functional
24976,functional
42857,functional
60555,functional needs repair
30217,non functional
36314,non functional
51605,non functional
15110,non functional
29498,non functional
67222,non functional
36058,non functional
42610,non functional
34382,functional
24478,functional needs repair
55849,non functional
54273,non functional
16469,non functional
38842,non functional
31216,non functional
61026,functional needs repair
21984,non functional
20359,functional
41493,non functional
41131,non functional
48951,functional
9649,functional
67408,functional
65566,non functional
1860,functional
10044,non functional
66890,functional
14761,functional
53755,functional
12376,non functional
11267,functional
36640,non functional
11463,non functional
38204,non functional
66306,functional
64466,functional
33561,non functional
9021,functional
31060,functional
68940,non functional
73853,functional
27468,functional
63721,functional needs repair
64807,non functional
3073,functional
11941,functional
66825,functional
41854,functional
11382,functional
44598,functional
6543,functional
12622,functional
34533,non functional
42900,functional
42993,functional
25430,functional
5584,functional
4433,functional
1914,functional needs repair
60000,functional
56780,non functional
18284,non functional
41035,functional
39717,functional
3458,non functional
64925,non functional
4724,functional
53710,non functional
16466,non functional
35789,non functional
46437,non functional
39103,functional needs repair
23848,functional
64260,non functional
31045,non functional
27940,non functional
1002,non functional
19134,non functional
67040,functional
42766,functional needs repair
67472,functional
44701,non functional
71829,functional
45752,functional needs repair
6685,functional
7875,non functional
59774,non functional
45923,non functional
50546,functional
19020,functional needs repair
5076,functional
51201,functional
19096,functional
40431,non functional
14840,functional needs repair
11856,non functional
13523,functional
12574,functional
63393,functional
37933,functional
68957,functional
15103,functional
53704,non functional
1537,non functional
34342,functional
67299,non functional
11264,functional
15352,functional needs repair
13472,functional needs repair
49302,non functional
26377,functional
48455,functional needs repair
40288,functional needs repair
73621,non functional
38427,functional
54863,functional
73365,functional
73725,functional
46294,functional
47810,non functional
15211,functional
42800,functional needs repair
49720,non functional
39986,non functional
40597,non functional
31760,non functional
5749,non functional
38606,functional
44676,functional
39043,functional
72925,non functional
57142,functional
20799,functional
45948,functional
42101,functional
31364,non functional
72951,functional
6858,functional needs repair
66710,functional
34166,functional
45963,functional
43709,non functional
23518,non functional
17155,functional
18271,functional
17543,non functional
48229,functional
5246,non functional
44473,functional
70343,functional
22316,functional
68575,functional
56681,functional
47661,non functional
42467,non functional
64561,functional
66651,functional
68812,functional
16829,functional
65002,functional
17818,functional
64148,non functional
46340,functional
17862,functional
52062,non functional
60319,functional
29698,functional
34025,non functional
30409,non functional
47909,functional
42495,non functional
55445,functional needs repair
6620,functional
38970,functional
73508,functional
66533,non functional
42992,non functional
10896,non functional
30415,non functional
57666,non functional
62026,functional
73500,functional
53525,functional
11415,functional needs repair
29448,non functional
38660,non functional
30831,non functional
8163,non functional
46179,non functional
18941,non functional
53065,non functional
60793,functional
49847,non functional
6969,functional
71816,functional
5783,functional
63028,functional
51796,functional
70212,non functional
59534,functional
68619,non functional
52441,functional
57736,non functional
54382,non functional
45288,functional
34518,non functional
8697,non functional
44205,functional
4912,functional
72671,functional
1791,functional
37959,non functional
8266,non functional
57115,functional needs repair
41400,functional
3352,non functional
26575,functional
21145,functional
17741,functional
62639,functional
40705,non functional
26080,non functional
5518,non functional
4762,functional
20142,functional
44751,functional
52091,non functional
12830,functional
9398,functional
72063,non functional
62847,non functional
41643,functional needs repair
46660,functional
9800,non functional
72089,non functional
11584,functional
33088,non functional
73661,functional
57868,functional
43059,functional
10935,non functional
67586,functional
71548,non functional
2157,functional
38645,functional
49396,functional needs repair
20441,functional
22848,non functional
29357,functional
52116,functional
49890,non functional
34822,functional
73909,functional
26604,functional needs repair
36102,functional
17534,non functional
22986,non functional
58262,functional
68144,non functional
52878,functional
74211,functional
55811,non functional
22685,functional needs repair
48166,non functional
48460,non functional
70380,functional
32750,functional
16737,non functional
49116,non functional
57748,functional
38738,non functional
50267,functional
8931,non functional
71030,functional
58780,functional
45502,non functional
9569,non functional
7396,functional
23770,non functional
41481,functional
31253,functional
60164,non functional
42307,functional
21727,non functional
57498,non functional
67669,functional
22155,functional needs repair
12291,functional
15473,functional
12391,non functional
66384,functional
2825,non functional
73063,functional
53196,functional
45132,non functional
23393,functional
2417,functional
71284,functional
42771,non functional
14115,functional
28128,functional
56311,non functional
41007,functional
39423,functional
49964,non functional
17541,functional needs repair
65427,non functional
11053,functional
38657,functional
52119,non functional
64547,functional
49265,non functional
18743,functional
25273,functional
62520,functional needs repair
16710,functional needs repair
38898,functional
69603,functional
56029,non functional
16513,non functional
43966,functional
13964,non functional
39616,functional
57652,non functional
1682,non functional
44397,non functional
22574,non functional
12805,functional
61549,non functional
7198,functional
14585,non functional
12430,functional
9721,non functional
50534,functional
18737,functional
16273,functional
73645,functional needs repair
43846,functional
68256,functional
67895,non functional
47686,functional
60001,functional
524,functional needs repair
53221,non functional
43576,functional
54668,functional
31532,non functional
45243,non functional
20679,non functional
17840,functional
28129,functional
70357,functional
44707,functional
13613,non functional
60273,non functional
10001,functional
49323,non functional
47545,functional
41791,functional
50156,functional
55304,functional
45641,non functional
36159,non functional
14833,functional
58284,functional needs repair
24074,non functional
17286,functional
28458,functional
54753,non functional
18891,functional
57361,functional
55505,functional
17808,non functional
39283,non functional
27838,non functional
73959,non functional
62018,functional
46565,non functional
68496,non functional
65619,non functional
53656,non functional
9080,non functional
21705,functional
19864,non functional
74124,functional
43012,functional
7663,non functional
41622,functional
56447,functional
38545,non functional
72009,non functional
26477,non functional
29380,non functional
5305,non functional
69473,non functional
13541,non functional
66888,non functional
47918,functional
61680,functional
46311,functional
45933,functional
27112,functional
17536,functional
7935,non functional
24807,non functional
35801,non functional
44143,non functional
49605,functional
17667,functional needs repair
47584,non functional
57885,functional
16838,non functional
8344,functional
71932,functional
57057,non functional
2824,functional
33018,non functional
12922,functional
70414,functional
69922,non functional
20322,functional
24054,functional needs repair
28213,non functional
32664,functional needs repair
17621,functional
14212,non functional
15880,functional
16846,functional
9313,functional
52347,functional
43154,functional needs repair
7605,functional
61467,non functional
9608,functional
65660,functional
3031,functional
34106,functional
50475,functional
67712,functional
1097,functional
16837,functional
40702,functional
67859,non functional
12152,non functional
17702,non functional
1059,functional
71474,non functional
9279,non functional
41765,non functional
19557,non functional
58153,non functional
48413,functional
13538,functional
67631,functional
43773,functional
26521,functional needs repair
61504,non functional
39244,non functional
3133,non functional
63552,non functional
20578,non functional
9430,functional
44981,non functional
43559,functional
35337,functional
10940,functional
33506,functional
37600,functional
70991,non functional
42274,functional
38556,functional
73293,functional
30196,functional
336,non functional
7099,functional needs repair
22282,functional
9715,non functional
58306,functional
33710,functional
40097,functional
43443,non functional
58125,functional
33749,functional
887,functional needs repair
34054,non functional
57614,non functional
27002,functional
20727,functional
19082,functional
60075,functional
23047,non functional
3668,functional needs repair
1594,functional
16640,functional
41367,non functional
9053,functional
45422,functional
34114,functional
32530,functional
26746,functional
25755,functional
60878,non functional
54545,functional
51612,functional
10324,functional
10513,functional
73186,functional
7314,functional
14556,non functional
32848,functional
12418,functional
47446,non functional
49036,non functional
13185,non functional
11668,functional
44592,non functional
22006,functional
20449,non functional
58282,functional
34511,non functional
73405,non functional
37101,functional
47361,non functional
64818,functional needs repair
33517,functional
53016,functional
46583,functional
73144,functional
47741,non functional
4976,non functional
14828,functional
22287,non functional
60286,non functional
7772,functional
41615,functional
13203,functional
37614,non functional
22670,functional
939,non functional
639,functional
60914,functional
22172,functional
59707,functional
23882,functional
56233,non functional
67280,functional
36308,functional needs repair
64852,non functional
31208,non functional
50421,functional
36322,functional
55177,functional
31005,non functional
43679,non functional
47055,non functional
31761,functional
41632,functional
64020,functional
46933,non functional
48013,non functional
44328,functional needs repair
2114,non functional
47836,functional
54742,functional
2248,functional
4357,non functional
38702,functional
46083,functional needs repair
2605,functional
67219,non functional
11161,non functional
28881,functional
30636,non functional
62806,non functional
68018,functional
25546,functional needs repair
7288,functional
69170,functional
55047,functional
54300,non functional
28622,functional
28770,functional
69376,functional
11826,functional needs repair
504,functional
63036,non functional
52962,non functional
45584,functional
2713,functional
11993,non functional
46811,functional
8994,functional needs repair
30596,non functional
71520,non functional
28711,functional
20849,non functional
71732,non functional
13421,functional
59180,non functional
70587,non functional
59799,non functional
20442,non functional
42366,functional needs repair
18650,non functional
62199,non functional
69474,functional
9448,functional
8546,functional
49049,non functional
72835,non functional
19371,functional
56224,non functional
54902,functional
42741,functional
9291,non functional
33333,functional
54430,functional
47342,functional
47805,functional
59856,functional
37144,non functional
64655,functional
34497,non functional
31345,non functional
22904,functional
40023,non functional
23729,functional
5315,functional
26965,functional
65522,non functional
64999,functional
36993,functional
33731,functional
9786,non functional
55474,functional
6335,functional
39269,functional
66562,functional
5520,functional
25249,functional
72890,functional
31867,functional needs repair
64645,functional
56922,functional
69324,functional
72825,functional
6299,non functional
26489,functional
18227,non functional
31831,non functional
54699,functional
65799,non functional
49183,non functional
47729,functional
14351,functional
9955,non functional
28570,non functional
13426,non functional
67571,functional
50332,non functional
30001,functional
1358,functional
37369,functional
57688,non functional
32779,non functional
33065,non functional
6174,functional
28382,functional
66832,non functional
32955,non functional
12842,non functional
40711,functional
49742,functional
2461,functional
18074,functional
57385,functional
54679,functional needs repair
63299,functional
40199,functional
14633,functional
34501,functional
36451,functional
48912,non functional
72656,functional
9211,functional
54839,functional
62092,non functional
60157,functional
68876,functional
37903,functional
37532,functional
41867,functional
13602,functional needs repair
23722,non functional
27245,non functional
42779,functional
18622,non functional
51889,functional
13027,non functional
44356,non functional
39845,functional
51810,functional
61666,non functional
59568,non functional
18750,functional
20982,functional
32040,non functional
68937,non functional
52216,functional
41681,functional
52274,non functional
24061,functional
66158,non functional
64978,functional
14938,functional
14611,functional
39497,functional needs repair
37733,functional
1619,functional
53973,functional
47786,non functional
31744,non functional
70511,functional
65988,functional
74221,non functional
33983,functional
36996,functional
66691,non functional
19011,non functional
3532,functional
39941,functional
57805,functional
1417,non functional
37366,non functional
65294,non functional
15169,functional
6158,functional
20834,functional
50795,functional
37425,non functional
27876,functional
27538,functional
21348,functional needs repair
47325,functional
62379,functional
26848,functional
51746,functional
51669,functional
47549,functional
25101,non functional
18738,functional needs repair
62261,functional
38146,functional
59069,functional
15711,functional
6614,functional
57379,functional
18363,functional
22737,non functional
71764,non functional
24560,functional
34411,non functional
65047,functional
67239,functional
45830,functional
42183,functional
10750,functional
39677,functional
15378,non functional
62233,functional
66279,functional
69950,functional
13127,functional
47275,functional
14439,functional
45581,non functional
59182,functional
57078,non functional
24894,non functional
19582,non functional
59260,functional
17021,non functional
8885,functional
45021,functional
27618,functional
64661,functional
3894,non functional
7483,non functional
18827,functional
2201,functional
71823,functional
51641,functional
1157,non functional
19677,functional
65003,functional
59650,non functional
21384,functional
53967,functional
68438,functional
59093,non functional
9147,functional
29626,functional
57727,functional
26649,functional
49636,functional
14527,functional
51536,functional
27352,functional
41220,functional
49565,non functional
4454,functional
23219,functional
70600,functional
5999,functional
11496,non functional
14908,non functional
48698,functional needs repair
87,non functional
10017,functional
59921,functional
14519,non functional
46871,functional
42902,functional
64189,functional
50161,functional
41774,non functional
45820,non functional
40943,functional
72611,non functional
30274,functional
47750,functional
66153,non functional
65646,non functional
45627,non functional
36230,non functional
42352,non functional
11766,functional needs repair
11013,functional
22481,non functional
47878,non functional
37130,functional
6753,functional
9759,functional
23765,non functional
22229,functional needs repair
49316,non functional
36669,functional
14131,functional
16256,non functional
44494,functional
44623,non functional
61607,non functional
7847,non functional
11331,functional
44609,functional
41929,non functional
70545,functional
10815,non functional
58205,non functional
64021,functional
13465,functional
18289,functional
62866,functional
2066,non functional
43921,functional
62625,non functional
12447,functional
50299,functional
32600,functional needs repair
45722,non functional
18673,functional
26280,non functional
50619,non functional
28308,functional
34700,functional
42807,functional
53552,non functional
38900,functional
66293,non functional
2554,functional
13608,functional
29478,functional
51476,functional
6037,functional needs repair
22857,non functional
13850,functional
58119,non functional
5213,non functional
15356,functional
70250,functional
20546,functional
58225,non functional
23898,non functional
7467,functional
19279,non functional
28985,non functional
68499,functional
12739,non functional
3723,non functional
42689,non functional
21959,functional
50011,non functional
62447,functional needs repair
21256,functional
41133,functional
40923,functional
48532,functional
42641,functional
15982,functional
50585,functional
48133,functional
48076,functional
65468,functional
20017,functional
53510,functional
69461,functional
39049,functional
40289,non functional
14187,functional
27740,functional
7966,non functional
50492,non functional
45652,non functional
72120,functional
10456,non functional
7724,functional
70819,non functional
64732,functional
43304,functional
20141,functional
56959,non functional
10632,non functional
11085,functional needs repair
37571,non functional
5802,functional
33965,non functional
53609,non functional
33419,non functional
39966,non functional
43164,non functional
45803,functional
39456,non functional
37381,non functional
12293,functional
62508,non functional
52611,non functional
33083,functional
35783,functional
8120,functional needs repair
12168,functional
6602,non functional
6064,functional
58251,functional
46775,non functional
14541,functional
20291,functional
64190,functional needs repair
18751,non functional
71704,functional
31484,functional
61578,functional
15759,functional
50703,functional
59633,functional
5355,non functional
64507,functional
10273,functional
39611,functional needs repair
14273,functional
31234,functional
50538,non functional
64651,functional
44114,functional needs repair
50966,functional
52830,functional
51838,functional
12012,non functional
512,functional needs repair
46438,functional
4286,functional
52308,functional
21732,functional needs repair
58233,non functional
29915,non functional
12375,functional
69140,non functional
71879,non functional
30877,non functional
68576,functional needs repair
31471,functional
40167,non functional
49581,functional
45533,functional
9406,non functional
34109,functional
44951,functional
17646,functional
8810,functional needs repair
15233,functional
50998,functional
38067,functional
30647,non functional
67885,non functional
47002,non functional
34473,functional
34952,functional
72559,functional
30410,functional
13677,functional
44885,non functional
11164,non functional
60739,functional
27263,functional
26348,functional
